15S_rRNA	5
21S_rRNA	8
HRA1	35
ICR1	5080
LSR1	1225925
NME1	20427
PWR1	9
Q0010	0
Q0017	0
Q0032	0
Q0045	5
Q0050	18
Q0055	18
Q0060	0
Q0065	2
Q0070	0
Q0075	2
Q0080	0
Q0085	0
Q0092	0
Q0105	1
Q0110	0
Q0115	0
Q0120	0
Q0130	10
Q0140	0
Q0142	0
Q0143	0
Q0144	0
Q0160	3
Q0182	2
Q0250	145893
Q0255	12385
Q0275	6
Q0297	0
RDN18-1	0
RDN18-2	0
RDN25-1	0
RDN25-2	0
RDN37-1	0
RDN37-2	0
RDN5-1	2
RDN5-2	0
RDN5-3	0
RDN5-4	0
RDN5-5	0
RDN5-6	0
RDN58-1	0
RDN58-2	0
RNA170	101
RPM1	0
RPR1	48605
RUF20	151
RUF21	49
RUF22	4
RUF23	26
RUF5-1	0
RUF5-2	0
SCR1	4224593
SRG1	1954
TLC1	10219
YAL001C	4159
YAL002W	7357
YAL003W	22959
YAL004W	0
YAL005C	63365
YAL007C	5288
YAL008W	1901
YAL009W	1048
YAL010C	1921
YAL011W	930
YAL012W	16453
YAL013W	861
YAL014C	2155
YAL015C	1614
YAL016C-A	211
YAL016C-B	0
YAL016W	11676
YAL017W	15145
YAL018C	64
YAL019W	8085
YAL019W-A	53
YAL020C	1454
YAL021C	8444
YAL022C	2849
YAL023C	30311
YAL024C	5605
YAL025C	1398
YAL026C	9929
YAL026C-A	639
YAL027W	1158
YAL028W	1566
YAL029C	11876
YAL030W	3020
YAL031C	3275
YAL031W-A	48
YAL032C	1241
YAL033W	813
YAL034C	3451
YAL034C-B	31
YAL034W-A	464
YAL035W	16659
YAL036C	5071
YAL037C-A	23
YAL037C-B	18
YAL037W	372
YAL038W	578347
YAL039C	965
YAL040C	6770
YAL041W	5863
YAL042C-A	108
YAL042W	16489
YAL043C	5443
YAL044C	6771
YAL044W-A	1370
YAL045C	10
YAL046C	1152
YAL047C	1477
YAL047W-A	76
YAL048C	2637
YAL049C	5029
YAL051W	4333
YAL053W	18222
YAL054C	1968
YAL055W	206
YAL056C-A	16
YAL056W	3985
YAL058W	2934
YAL059C-A	26
YAL059W	1098
YAL060W	8409
YAL061W	804
YAL062W	907
YAL063C	236
YAL063C-A	85
YAL064C-A	13
YAL064W	10
YAL064W-B	108
YAL065C	26
YAL066W	1
YAL067C	263
YAL067W-A	0
YAL068C	0
YAL068W-A	0
YAL069W	0
YAR002C-A	12558
YAR002W	2933
YAR003W	2253
YAR007C	7778
YAR008W	1228
YAR009C	1426
YAR010C	0
YAR014C	4310
YAR015W	4822
YAR018C	1403
YAR019C	3983
YAR019W-A	40
YAR020C	140
YAR023C	506
YAR027W	3283
YAR028W	1037
YAR029W	458
YAR030C	86
YAR031W	232
YAR033W	176
YAR035C-A	3
YAR035W	201
YAR042W	16392
YAR047C	34
YAR050W	372
YAR053W	6
YAR060C	0
YAR061W	0
YAR062W	0
YAR064W	0
YAR066W	0
YAR068W	8
YAR069C	0
YAR070C	0
YAR071W	84
YAR073W	15
YAR075W	13
YBL001C	3211
YBL002W	8376
YBL003C	1351
YBL004W	21668
YBL005W	3903
YBL005W-A	0
YBL005W-B	7793
YBL006C	1083
YBL006W-A	14
YBL007C	18289
YBL008W	3571
YBL008W-A	10
YBL009W	3714
YBL010C	803
YBL011W	5768
YBL012C	5
YBL013W	407
YBL014C	4518
YBL015W	3644
YBL016W	913
YBL017C	21369
YBL018C	439
YBL019W	1309
YBL020W	8148
YBL021C	412
YBL022C	18154
YBL023C	5566
YBL024W	7666
YBL025W	429
YBL026W	1105
YBL027W	17500
YBL028C	1012
YBL029C-A	580
YBL029W	252
YBL030C	17358
YBL031W	909
YBL032W	4315
YBL033C	2525
YBL034C	5416
YBL035C	4893
YBL036C	3337
YBL037W	3447
YBL038W	2573
YBL039C	10007
YBL039C-A	0
YBL039W-B	511
YBL040C	4842
YBL041W	5806
YBL042C	8742
YBL043W	713
YBL044W	2
YBL045C	8766
YBL046W	1254
YBL047C	28554
YBL048W	858
YBL049W	2052
YBL050W	2781
YBL051C	4299
YBL052C	1661
YBL053W	23
YBL054W	2432
YBL055C	3175
YBL056W	6869
YBL057C	3017
YBL058W	7030
YBL059C-A	1192
YBL059W	502
YBL060W	1950
YBL061C	3953
YBL062W	17
YBL063W	2769
YBL064C	11762
YBL065W	140
YBL066C	5169
YBL067C	7758
YBL068W	2071
YBL068W-A	0
YBL069W	2832
YBL070C	7
YBL071C	31
YBL071C-B	13
YBL071W-A	1431
YBL072C	7425
YBL073W	7
YBL074C	1565
YBL075C	14477
YBL076C	34980
YBL077W	2
YBL078C	1402
YBL079W	15135
YBL080C	1324
YBL081W	1075
YBL082C	1489
YBL083C	63
YBL084C	3089
YBL085W	5188
YBL086C	1550
YBL087C	11776
YBL088C	13020
YBL089W	2493
YBL090W	1117
YBL091C	3866
YBL091C-A	853
YBL092W	23333
YBL093C	5426
YBL094C	155
YBL095W	1772
YBL096C	144
YBL097W	1367
YBL098W	1022
YBL099W	34007
YBL100C	2
YBL100W-A	0
YBL100W-B	1180
YBL100W-C	17
YBL101C	8016
YBL102W	2075
YBL103C	1701
YBL104C	3309
YBL105C	8789
YBL106C	2047
YBL107C	887
YBL107W-A	2
YBL108C-A	0
YBL108W	0
YBL109W	14
YBL111C	0
YBL112C	0
YBL113C	551
YBL113W-A	0
YBR001C	5435
YBR002C	986
YBR003W	3388
YBR004C	2877
YBR005W	1448
YBR006W	4776
YBR007C	2330
YBR008C	2411
YBR009C	3348
YBR010W	3706
YBR011C	47588
YBR012C	3758
YBR012W-A	0
YBR012W-B	4090
YBR013C	819
YBR014C	1694
YBR015C	14061
YBR016W	1268
YBR017C	10567
YBR018C	233
YBR019C	304
YBR020W	656
YBR021W	3340
YBR022W	812
YBR023C	17719
YBR024W	1430
YBR025C	20449
YBR026C	5883
YBR027C	90
YBR028C	2652
YBR029C	6411
YBR030W	2277
YBR031W	17555
YBR032W	4
YBR033W	1636
YBR034C	6659
YBR035C	2910
YBR036C	13635
YBR037C	2012
YBR038W	4517
YBR039W	9120
YBR040W	46
YBR041W	6824
YBR042C	2632
YBR043C	3514
YBR044C	1493
YBR045C	968
YBR046C	2368
YBR047W	482
YBR048W	16160
YBR049C	2965
YBR050C	219
YBR051W	6
YBR052C	2343
YBR053C	4573
YBR054W	43679
YBR055C	3179
YBR056C-B	23
YBR056W	6452
YBR056W-A	556
YBR057C	1435
YBR058C	5177
YBR058C-A	1074
YBR059C	9082
YBR060C	2337
YBR061C	1620
YBR062C	1123
YBR063C	2507
YBR064W	24
YBR065C	2537
YBR066C	498
YBR067C	14843
YBR068C	28260
YBR069C	14502
YBR070C	1481
YBR071W	8626
YBR072C-A	9
YBR072W	54119
YBR073W	20290
YBR074W	10019
YBR076C-A	1102
YBR076W	542
YBR077C	1222
YBR078W	84125
YBR079C	14207
YBR080C	8274
YBR081C	5576
YBR082C	8242
YBR083W	1305
YBR084C-A	19740
YBR084W	9990
YBR085C-A	22669
YBR085W	612
YBR086C	15699
YBR087W	2281
YBR088C	10457
YBR089C-A	1654
YBR089W	14
YBR090C	172
YBR091C	272
YBR092C	13889
YBR093C	3245
YBR094W	2509
YBR095C	1684
YBR096W	7434
YBR097W	4883
YBR098W	1759
YBR099C	145
YBR101C	3091
YBR102C	3018
YBR103C-A	4
YBR103W	1812
YBR104W	1028
YBR105C	9425
YBR106W	15270
YBR107C	691
YBR108W	3675
YBR109C	5491
YBR109W-A	214
YBR110W	5429
YBR111C	5480
YBR111W-A	553
YBR112C	3613
YBR113W	4
YBR114W	5091
YBR115C	6425
YBR116C	165
YBR117C	2926
YBR118W	42995
YBR119W	791
YBR120C	900
YBR121C	20714
YBR121C-A	0
YBR122C	2804
YBR123C	1823
YBR124W	109
YBR125C	2355
YBR126C	38086
YBR126W-A	89
YBR126W-B	2100
YBR127C	36549
YBR128C	416
YBR129C	1368
YBR130C	1906
YBR131C-A	3
YBR131W	2070
YBR132C	6068
YBR133C	4395
YBR134W	21
YBR135W	1890
YBR136W	8736
YBR137W	1599
YBR138C	600
YBR139W	17391
YBR140C	30752
YBR141C	1018
YBR141W-A	18
YBR142W	4791
YBR143C	12299
YBR144C	12
YBR145W	1965
YBR146W	3428
YBR147W	571
YBR148W	487
YBR149W	5899
YBR150C	1669
YBR151W	3928
YBR152W	758
YBR153W	1324
YBR154C	3422
YBR155W	1492
YBR156C	1820
YBR157C	2608
YBR158W	9925
YBR159W	4745
YBR160W	4603
YBR161W	3865
YBR162C	20311
YBR162W-A	1649
YBR163W	2844
YBR164C	1213
YBR165W	1194
YBR166C	2799
YBR167C	733
YBR168W	1850
YBR169C	10808
YBR170C	4147
YBR171W	3221
YBR172C	6216
YBR173C	2847
YBR174C	33
YBR175W	1731
YBR176W	975
YBR177C	2805
YBR178W	44
YBR179C	3850
YBR180W	268
YBR181C	9424
YBR182C	1156
YBR182C-A	38
YBR183W	1437
YBR184W	842
YBR185C	1938
YBR186W	710
YBR187W	3874
YBR188C	586
YBR189W	21779
YBR190W	10
YBR191W	22988
YBR191W-A	110
YBR192W	1774
YBR193C	1249
YBR194W	344
YBR195C	1818
YBR196C	90153
YBR196C-A	44
YBR196C-B	47
YBR197C	780
YBR198C	2791
YBR199W	11897
YBR200W	2987
YBR200W-A	0
YBR201C-A	980
YBR201W	1017
YBR202W	4607
YBR203W	4595
YBR204C	2211
YBR205W	3935
YBR206W	567
YBR207W	4810
YBR208C	17138
YBR209W	80
YBR210W	1047
YBR211C	975
YBR212W	7326
YBR213W	104
YBR214W	7181
YBR215W	1765
YBR216C	3673
YBR217W	554
YBR218C	9348
YBR219C	3
YBR220C	1941
YBR221C	18560
YBR221W-A	10
YBR222C	11918
YBR223C	1840
YBR223W-A	3
YBR224W	20
YBR225W	3983
YBR226C	28
YBR227C	1570
YBR228W	1747
YBR229C	17160
YBR230C	2913
YBR230W-A	92
YBR231C	1142
YBR232C	12
YBR233W	1842
YBR233W-A	428
YBR234C	10961
YBR235W	6615
YBR236C	2334
YBR237W	2620
YBR238C	6372
YBR239C	1390
YBR240C	494
YBR241C	3110
YBR242W	1294
YBR243C	4655
YBR244W	2370
YBR245C	6344
YBR246W	5314
YBR247C	3468
YBR248C	1768
YBR249C	7550
YBR250W	741
YBR251W	1582
YBR252W	1085
YBR253W	740
YBR254C	772
YBR255C-A	306
YBR255W	1795
YBR256C	3602
YBR257W	996
YBR258C	257
YBR259W	2737
YBR260C	2942
YBR261C	1160
YBR262C	1210
YBR263W	14916
YBR264C	630
YBR265W	2007
YBR266C	3
YBR267W	2883
YBR268W	960
YBR269C	1769
YBR270C	1413
YBR271W	1688
YBR272C	1419
YBR273C	2528
YBR274W	3139
YBR275C	9340
YBR276C	5867
YBR277C	37
YBR278W	746
YBR279W	2101
YBR280C	1962
YBR281C	4740
YBR282W	1200
YBR283C	17549
YBR284W	2113
YBR285W	325
YBR286W	51779
YBR287W	20400
YBR288C	1886
YBR289W	2529
YBR290W	2018
YBR291C	706
YBR292C	172
YBR293W	2670
YBR294W	937
YBR295W	5393
YBR296C	1345
YBR296C-A	2
YBR297W	423
YBR298C	1378
YBR298C-A	0
YBR299W	131
YBR300C	4
YBR301W	17
YBR302C	0
YCL001W	3634
YCL001W-A	108
YCL001W-B	141
YCL002C	1719
YCL004W	2058
YCL005W	1131
YCL005W-A	1333
YCL007C	87
YCL008C	2477
YCL009C	7341
YCL010C	1604
YCL011C	6380
YCL012C	1225
YCL014W	9513
YCL016C	1106
YCL017C	7745
YCL018W	4
YCL019W	1
YCL020W	0
YCL021W-A	961
YCL022C	13
YCL023C	34
YCL024W	4731
YCL025C	4825
YCL026C-A	183
YCL026C-B	1021
YCL027W	420
YCL028W	5780
YCL029C	1249
YCL030C	3447
YCL031C	2830
YCL032W	1159
YCL033C	1683
YCL034W	2329
YCL035C	12438
YCL036W	3340
YCL037C	7194
YCL038C	3945
YCL039W	3525
YCL040W	90421
YCL041C	156
YCL042W	322
YCL043C	181342
YCL044C	1991
YCL045C	22657
YCL046W	9
YCL047C	1643
YCL048W	345
YCL048W-A	340
YCL049C	1373
YCL050C	5131
YCL051W	2433
YCL052C	3666
YCL054W	4923
YCL055W	931
YCL056C	671
YCL057C-A	1773
YCL057W	20175
YCL058C	1310
YCL058W-A	194
YCL059C	2000
YCL061C	4887
YCL063W	1274
YCL064C	4048
YCL065W	0
YCL066W	0
YCL067C	0
YCL068C	0
YCL069W	0
YCL073C	1
YCL074W	3
YCL075W	0
YCL076W	0
YCR001W	3
YCR002C	4117
YCR003W	1158
YCR004C	7242
YCR005C	8157
YCR006C	315
YCR007C	1561
YCR008W	10827
YCR009C	6278
YCR010C	127
YCR011C	20856
YCR012W	505913
YCR013C	15
YCR014C	2017
YCR015C	849
YCR016W	1164
YCR017C	11967
YCR018C	2858
YCR018C-A	136
YCR019W	1122
YCR020C	979
YCR020C-A	340
YCR020W-B	422
YCR021C	5416
YCR022C	20
YCR023C	2681
YCR024C	1175
YCR024C-A	12217
YCR024C-B	27530
YCR025C	71
YCR026C	7323
YCR027C	1695
YCR028C	3842
YCR028C-A	2959
YCR030C	4813
YCR031C	20090
YCR032W	10695
YCR033W	7489
YCR034W	3321
YCR035C	2337
YCR036W	3183
YCR037C	4118
YCR038C	1457
YCR038W-A	10
YCR039C	0
YCR040W	0
YCR041W	19
YCR042C	4712
YCR043C	1729
YCR044C	2821
YCR045C	205
YCR045W-A	316
YCR046C	2470
YCR047C	1099
YCR047W-A	32
YCR048W	5761
YCR049C	7
YCR050C	12
YCR051W	1560
YCR052W	2412
YCR053W	15107
YCR054C	1967
YCR057C	10562
YCR059C	1557
YCR060W	1646
YCR061W	1601
YCR063W	476
YCR064C	108
YCR065W	8785
YCR066W	1304
YCR067C	11704
YCR068W	8149
YCR069W	9203
YCR071C	1409
YCR072C	4413
YCR073C	1301
YCR073W-A	1971
YCR075C	1235
YCR075W-A	252
YCR076C	1903
YCR077C	4750
YCR079W	2900
YCR081C-A	13
YCR081W	5417
YCR082W	4431
YCR083W	2379
YCR084C	8807
YCR085W	11
YCR086W	575
YCR087C-A	1074
YCR087W	79
YCR088W	8847
YCR089W	3881
YCR090C	1835
YCR091W	1308
YCR092C	3788
YCR093W	34630
YCR094W	2508
YCR095C	1107
YCR095W-A	51
YCR096C	0
YCR097W	897
YCR097W-A	0
YCR098C	979
YCR099C	269
YCR100C	615
YCR101C	371
YCR102C	149
YCR102W-A	9
YCR104W	10
YCR105W	205
YCR106W	2456
YCR107W	830
YCR108C	1
YDL001W	1318
YDL002C	848
YDL003W	7600
YDL004W	4392
YDL005C	671
YDL006W	1802
YDL007C-A	12
YDL007W	7279
YDL008W	621
YDL009C	59
YDL010W	2596
YDL011C	6
YDL012C	1531
YDL013W	3503
YDL014W	3799
YDL015C	14339
YDL016C	1885
YDL017W	2120
YDL018C	1500
YDL019C	6086
YDL020C	7066
YDL021W	2893
YDL022C-A	28
YDL022W	22877
YDL023C	18
YDL024C	1535
YDL025C	4154
YDL025W-A	10
YDL026W	89
YDL027C	2606
YDL028C	3251
YDL029W	6082
YDL030W	1438
YDL031W	6088
YDL032W	20
YDL033C	2162
YDL034W	25
YDL035C	5973
YDL036C	1070
YDL037C	3857
YDL039C	8263
YDL040C	9521
YDL041W	34
YDL042C	2246
YDL043C	882
YDL044C	1226
YDL045C	2560
YDL045W-A	1411
YDL046W	6192
YDL047W	3313
YDL048C	4221
YDL049C	757
YDL050C	5
YDL051W	4452
YDL052C	5296
YDL053C	1377
YDL054C	3293
YDL055C	44179
YDL056W	3812
YDL057W	868
YDL058W	8702
YDL059C	540
YDL060W	5981
YDL061C	4758
YDL062W	51
YDL063C	4929
YDL064W	1779
YDL065C	1147
YDL066W	18478
YDL067C	1853
YDL068W	27
YDL069C	507
YDL070W	8182
YDL071C	39
YDL072C	13271
YDL073W	6126
YDL074C	3933
YDL075W	18897
YDL076C	3548
YDL077C	5946
YDL078C	2321
YDL079C	330
YDL080C	2812
YDL081C	25097
YDL082W	12783
YDL083C	10939
YDL084W	18367
YDL085C-A	660
YDL085W	1074
YDL086C-A	68
YDL086W	3109
YDL087C	1415
YDL088C	4563
YDL089W	2398
YDL090C	1269
YDL091C	2356
YDL092W	1107
YDL093W	6659
YDL094C	72
YDL095W	34245
YDL096C	25
YDL097C	8878
YDL098C	560
YDL099W	1416
YDL100C	9194
YDL101C	3801
YDL102W	9854
YDL103C	5380
YDL104C	523
YDL105W	1870
YDL106C	2080
YDL107W	1062
YDL108W	1299
YDL109C	1659
YDL110C	3742
YDL111C	3016
YDL112W	9387
YDL113C	2966
YDL114W	309
YDL114W-A	10
YDL115C	1566
YDL116W	4986
YDL117W	6561
YDL118W	7
YDL119C	644
YDL120W	1463
YDL121C	1725
YDL122W	11116
YDL123W	1612
YDL124W	34425
YDL125C	6522
YDL126C	68764
YDL127W	3327
YDL128W	2957
YDL129W	595
YDL130W	17321
YDL130W-A	1301
YDL131W	4896
YDL132W	8675
YDL133C-A	3254
YDL133W	3787
YDL134C	6634
YDL135C	2922
YDL136W	601
YDL137W	6808
YDL138W	1850
YDL139C	353
YDL140C	61858
YDL141W	2672
YDL142C	599
YDL143W	9241
YDL144C	2213
YDL145C	41894
YDL146W	1523
YDL147W	10734
YDL148C	4182
YDL149W	3902
YDL150W	2299
YDL151C	9
YDL152W	4
YDL153C	1447
YDL154W	1217
YDL155W	2815
YDL156W	1742
YDL157C	1755
YDL158C	355
YDL159C-B	8
YDL159W	1960
YDL159W-A	2
YDL160C	10769
YDL160C-A	155
YDL161W	2708
YDL162C	10
YDL163W	1
YDL164C	5225
YDL165W	1545
YDL166C	728
YDL167C	3748
YDL168W	3360
YDL169C	436
YDL170W	1398
YDL171C	32832
YDL172C	67
YDL173W	2585
YDL174C	9711
YDL175C	810
YDL176W	2364
YDL177C	431
YDL178W	2647
YDL179W	1101
YDL180W	3824
YDL181W	1298
YDL182W	5254
YDL183C	504
YDL184C	217
YDL185C-A	0
YDL185W	98345
YDL186W	52
YDL187C	213
YDL188C	3739
YDL189W	1756
YDL190C	11530
YDL191W	818
YDL192W	7989
YDL193W	3784
YDL194W	1829
YDL195W	20615
YDL196W	69
YDL197C	3324
YDL198C	1644
YDL199C	3160
YDL200C	806
YDL201W	1506
YDL202W	1365
YDL203C	2080
YDL204W	8422
YDL205C	2788
YDL206W	3757
YDL207W	1935
YDL208W	2356
YDL209C	956
YDL210W	943
YDL211C	767
YDL212W	5288
YDL213C	922
YDL214C	305
YDL215C	15463
YDL216C	650
YDL217C	1536
YDL218W	439
YDL219W	1095
YDL220C	3201
YDL221W	44
YDL222C	1402
YDL223C	25531
YDL224C	4676
YDL225W	3526
YDL226C	2592
YDL227C	5592
YDL228C	1
YDL229W	43313
YDL230W	1454
YDL231C	8374
YDL232W	373
YDL233W	1360
YDL234C	10248
YDL235C	1831
YDL236W	3316
YDL237W	6367
YDL238C	1620
YDL239C	1947
YDL240C-A	0
YDL240W	2817
YDL241W	52
YDL242W	57
YDL243C	1151
YDL244W	111
YDL245C	0
YDL246C	0
YDL247W	41
YDL247W-A	1
YDL248W	1100
YDR001C	25450
YDR002W	6437
YDR003W	1841
YDR003W-A	276
YDR004W	1969
YDR005C	2619
YDR006C	8361
YDR007W	2344
YDR008C	21
YDR009W	552
YDR010C	4
YDR011W	14131
YDR012W	11054
YDR013W	709
YDR014W	1997
YDR014W-A	360
YDR015C	2
YDR016C	202
YDR017C	7283
YDR018C	550
YDR019C	7922
YDR020C	444
YDR021W	1453
YDR022C	1114
YDR023W	12723
YDR024W	264
YDR025W	13156
YDR026C	2577
YDR027C	2769
YDR028C	12697
YDR029W	0
YDR030C	778
YDR031W	516
YDR032C	10115
YDR033W	50049
YDR034C	3583
YDR034C-A	8
YDR034C-C	0
YDR034C-D	803
YDR034W-B	555
YDR035W	7083
YDR036C	4440
YDR037W	20897
YDR038C	1095
YDR039C	0
YDR040C	1177
YDR041W	1285
YDR042C	526
YDR043C	2079
YDR044W	3279
YDR045C	748
YDR046C	4804
YDR047W	3235
YDR048C	99
YDR049W	2351
YDR050C	67529
YDR051C	1565
YDR052C	3085
YDR053W	8
YDR054C	2766
YDR055W	21571
YDR056C	3360
YDR057W	3087
YDR058C	1045
YDR059C	1805
YDR060W	9754
YDR061W	3297
YDR062W	14723
YDR063W	1394
YDR064W	27759
YDR065W	1376
YDR066C	271
YDR067C	1182
YDR068W	940
YDR069C	7084
YDR070C	2233
YDR071C	3579
YDR072C	7063
YDR073W	739
YDR074W	14103
YDR075W	1299
YDR076W	390
YDR077W	138362
YDR078C	468
YDR079C-A	106
YDR079W	905
YDR080W	3843
YDR081C	3780
YDR082W	2365
YDR083W	1587
YDR084C	2041
YDR085C	1053
YDR086C	2239
YDR087C	1561
YDR088C	966
YDR089W	3371
YDR090C	1741
YDR091C	9128
YDR092W	2380
YDR093W	11697
YDR094W	37
YDR095C	12
YDR096W	3414
YDR097C	11010
YDR098C	3146
YDR098C-A	0
YDR098C-B	141
YDR099W	21280
YDR100W	1744
YDR101C	8548
YDR102C	104
YDR103W	6642
YDR104C	4070
YDR105C	3478
YDR106W	105
YDR107C	3763
YDR108W	2116
YDR109C	2374
YDR110W	1933
YDR111C	960
YDR112W	36
YDR113C	1653
YDR114C	35
YDR115W	1408
YDR116C	2034
YDR117C	2135
YDR118W	1818
YDR118W-A	67
YDR119W	7287
YDR119W-A	182
YDR120C	2986
YDR121W	741
YDR122W	12186
YDR123C	1503
YDR124W	266
YDR125C	1735
YDR126W	634
YDR127W	31185
YDR128W	7225
YDR129C	15006
YDR130C	1089
YDR131C	1975
YDR132C	514
YDR133C	689
YDR134C	2148
YDR135C	29717
YDR136C	37
YDR137W	3152
YDR138W	3462
YDR139C	1017
YDR140W	1462
YDR141C	17076
YDR142C	1853
YDR143C	3632
YDR144C	6457
YDR145W	2355
YDR146C	2560
YDR147W	2479
YDR148C	6357
YDR149C	0
YDR150W	14496
YDR151C	2921
YDR152W	2288
YDR153C	2643
YDR154C	40603
YDR155C	66202
YDR156W	1298
YDR157W	633
YDR158W	5788
YDR159W	5116
YDR160W	4187
YDR161W	2187
YDR162C	1220
YDR163W	578
YDR164C	3363
YDR165W	3356
YDR166C	5797
YDR167W	799
YDR168W	6033
YDR169C	2391
YDR169C-A	36
YDR170C	27847
YDR170W-A	270
YDR171W	9288
YDR172W	15032
YDR173C	922
YDR174W	3334
YDR175C	2127
YDR176W	2130
YDR177W	2495
YDR178W	4230
YDR179C	250
YDR179W-A	1053
YDR180W	8051
YDR181C	1730
YDR182W	5149
YDR182W-A	312
YDR183C-A	158
YDR183W	782
YDR184C	2060
YDR185C	347
YDR186C	9257
YDR187C	10
YDR188W	8947
YDR189W	4946
YDR190C	5172
YDR191W	779
YDR192C	1807
YDR193W	89
YDR194C	9941
YDR194W-A	1
YDR195W	1470
YDR196C	1092
YDR197W	1624
YDR198C	2340
YDR199W	10
YDR200C	1978
YDR201W	430
YDR202C	1694
YDR203W	12
YDR204W	3576
YDR205W	4574
YDR206W	8098
YDR207C	2310
YDR208W	7949
YDR209C	3
YDR210C-C	0
YDR210C-D	520
YDR210W	1170
YDR210W-A	0
YDR210W-B	310
YDR211W	12516
YDR212W	10658
YDR213W	3147
YDR214W	21609
YDR215C	38
YDR216W	19506
YDR217C	6264
YDR218C	760
YDR219C	1454
YDR220C	12
YDR221W	8061
YDR222W	3390
YDR223W	1312
YDR224C	7805
YDR225W	8004
YDR226W	16528
YDR227W	4167
YDR228C	2737
YDR229W	1606
YDR230W	6
YDR231C	1193
YDR232W	14673
YDR233C	16101
YDR234W	4821
YDR235W	2267
YDR236C	2685
YDR237W	2461
YDR238C	22048
YDR239C	2059
YDR240C	1534
YDR241W	73
YDR242W	1816
YDR243C	1929
YDR244W	1707
YDR245W	3932
YDR246W	485
YDR246W-A	73
YDR247W	1480
YDR248C	720
YDR249C	2140
YDR250C	21
YDR251W	7674
YDR252W	197
YDR253C	254
YDR254W	542
YDR255C	2590
YDR256C	1331
YDR257C	1843
YDR258C	20012
YDR259C	236
YDR260C	588
YDR261C	11351
YDR261C-C	0
YDR261C-D	1781
YDR261W-A	0
YDR261W-B	803
YDR262W	9626
YDR263C	1228
YDR264C	17474
YDR265W	2399
YDR266C	3486
YDR267C	1344
YDR268W	1732
YDR269C	1
YDR270W	5652
YDR271C	21
YDR272W	3057
YDR273W	388
YDR274C	3
YDR275W	1057
YDR276C	4083
YDR277C	460
YDR278C	6
YDR279W	1767
YDR280W	2081
YDR281C	158
YDR282C	1105
YDR283C	10402
YDR284C	3231
YDR285W	1663
YDR286C	684
YDR287W	2251
YDR288W	1127
YDR289C	856
YDR290W	0
YDR291W	4922
YDR292C	4905
YDR293C	29653
YDR294C	10884
YDR295C	2400
YDR296W	1675
YDR297W	9302
YDR298C	4709
YDR299W	2323
YDR300C	2511
YDR301W	6165
YDR302W	1364
YDR303C	5511
YDR304C	7688
YDR305C	850
YDR306C	2345
YDR307W	5817
YDR308C	601
YDR309C	11989
YDR310C	5337
YDR311W	2764
YDR312W	1260
YDR313C	2016
YDR314C	2041
YDR315C	688
YDR316W	1212
YDR316W-A	0
YDR316W-B	0
YDR317W	554
YDR318W	778
YDR319C	1757
YDR320C	2754
YDR320C-A	1186
YDR320W-B	74
YDR321W	5635
YDR322C-A	904
YDR322W	2572
YDR323C	966
YDR324C	5019
YDR325W	4292
YDR326C	14475
YDR327W	37
YDR328C	4558
YDR329C	2845
YDR330W	2985
YDR331W	4389
YDR332W	2408
YDR333C	4140
YDR334W	8099
YDR335W	12740
YDR336W	786
YDR337W	2118
YDR338C	3842
YDR339C	1685
YDR340W	12
YDR341C	11131
YDR342C	6438
YDR343C	762
YDR344C	47
YDR345C	12898
YDR346C	5901
YDR347W	5467
YDR348C	4409
YDR349C	10110
YDR350C	4839
YDR351W	4181
YDR352W	1884
YDR353W	17455
YDR354C-A	32
YDR354W	1102
YDR355C	1
YDR356W	2147
YDR357C	1021
YDR358W	2171
YDR359C	3466
YDR360W	25
YDR361C	1630
YDR362C	2556
YDR363W	2078
YDR363W-A	2131
YDR364C	1897
YDR365C	11086
YDR365W-A	0
YDR365W-B	176
YDR366C	91
YDR367W	1146
YDR368W	2972
YDR369C	2908
YDR370C	2101
YDR371C-A	19
YDR371W	1938
YDR372C	5504
YDR373W	3399
YDR374C	201
YDR374W-A	496
YDR375C	3255
YDR376W	3079
YDR377W	2708
YDR378C	1013
YDR379C-A	904
YDR379W	4186
YDR380W	3187
YDR381C-A	515
YDR381W	5613
YDR382W	26366
YDR383C	455
YDR384C	2165
YDR385W	7318
YDR386W	1910
YDR387C	4004
YDR388W	6022
YDR389W	7658
YDR390C	2595
YDR391C	3642
YDR392W	999
YDR393W	1780
YDR394W	9218
YDR395W	15878
YDR396W	18
YDR397C	1278
YDR398W	6293
YDR399W	7071
YDR400W	3938
YDR401W	171
YDR402C	279
YDR403W	791
YDR404C	2090
YDR405W	991
YDR406W	10542
YDR406W-A	135
YDR407C	7599
YDR408C	1978
YDR409W	1923
YDR410C	1025
YDR411C	3675
YDR412W	793
YDR413C	61
YDR414C	1014
YDR415C	2077
YDR416W	3206
YDR417C	12
YDR418W	20634
YDR419W	2111
YDR420W	6213
YDR421W	3831
YDR422C	5685
YDR423C	2238
YDR424C	997
YDR425W	1963
YDR426C	20
YDR427W	6706
YDR428C	721
YDR429C	4572
YDR430C	10227
YDR431W	11
YDR432W	9202
YDR433W	1120
YDR434W	6110
YDR435C	974
YDR436W	3388
YDR437W	374
YDR438W	1352
YDR439W	396
YDR440W	1720
YDR441C	2098
YDR442W	9
YDR443C	7792
YDR444W	2384
YDR445C	1
YDR446W	173
YDR447C	8061
YDR448W	2062
YDR449C	2472
YDR450W	14330
YDR451C	4183
YDR452W	12120
YDR453C	11951
YDR454C	4444
YDR455C	18
YDR456W	7973
YDR457W	31731
YDR458C	2699
YDR459C	2566
YDR460W	1013
YDR461C-A	447
YDR461W	837
YDR462W	1150
YDR463W	2605
YDR464C-A	0
YDR464W	4508
YDR465C	3175
YDR466W	3864
YDR467C	54
YDR468C	1370
YDR469W	701
YDR470C	2617
YDR471W	7413
YDR472W	2350
YDR473C	1043
YDR475C	3498
YDR476C	1562
YDR477W	3757
YDR478W	373
YDR479C	2172
YDR480W	985
YDR481C	19091
YDR482C	438
YDR483W	21775
YDR484W	1808
YDR485C	2887
YDR486C	1649
YDR487C	6808
YDR488C	1887
YDR489W	1084
YDR490C	4125
YDR491C	26
YDR492W	5479
YDR493W	562
YDR494W	2334
YDR495C	2404
YDR496C	6169
YDR497C	19885
YDR498C	1077
YDR499W	2481
YDR500C	8730
YDR501W	1429
YDR502C	2768
YDR503C	2152
YDR504C	404
YDR505C	6543
YDR506C	2159
YDR507C	12615
YDR508C	8157
YDR509W	0
YDR510C-A	4
YDR510W	4612
YDR511W	1079
YDR512C	764
YDR513W	9613
YDR514C	1187
YDR515W	1968
YDR516C	4452
YDR517W	3270
YDR518W	5349
YDR519W	2455
YDR520C	2059
YDR521W	7
YDR522C	23
YDR523C	132
YDR524C	2398
YDR524C-A	2
YDR524C-B	24357
YDR524W-C	0
YDR525W	10
YDR525W-A	854
YDR526C	15
YDR527W	5192
YDR528W	5420
YDR529C	3633
YDR530C	1006
YDR531W	1830
YDR532C	1033
YDR533C	2686
YDR534C	780
YDR535C	118
YDR536W	176
YDR537C	35
YDR538W	1771
YDR539W	4327
YDR540C	220
YDR541C	2519
YDR542W	0
YDR543C	0
YDR544C	0
YDR545C-A	0
YDR545W	0
YEL001C	6764
YEL002C	14367
YEL003W	1132
YEL004W	864
YEL005C	1276
YEL006W	2320
YEL007W	3266
YEL008C-A	46
YEL008W	23
YEL009C	36630
YEL009C-A	230
YEL010W	3
YEL011W	6413
YEL012W	785
YEL013W	9191
YEL014C	5
YEL015W	3088
YEL016C	2373
YEL017C-A	1247
YEL017W	1213
YEL018C-A	26
YEL018W	486
YEL019C	609
YEL020C	3606
YEL020C-B	23
YEL020W-A	1469
YEL021W	14379
YEL022W	11560
YEL023C	1803
YEL024W	3321
YEL025C	6261
YEL026W	7656
YEL027W	22603
YEL028W	510
YEL029C	1234
YEL030C-A	72
YEL030W	2020
YEL031W	53423
YEL032C-A	0
YEL032W	5914
YEL033W	21876
YEL034C-A	103
YEL034W	34563
YEL035C	53
YEL036C	3246
YEL037C	7468
YEL038W	967
YEL039C	481
YEL040W	11722
YEL041W	1048
YEL042W	14891
YEL043W	6348
YEL044W	717
YEL045C	46
YEL046C	25960
YEL047C	17432
YEL048C	399
YEL049W	127
YEL050C	3408
YEL050W-A	3
YEL051W	5440
YEL052W	3358
YEL053C	3841
YEL053W-A	22
YEL054C	14694
YEL055C	7951
YEL056W	1781
YEL057C	245
YEL058W	4594
YEL059C-A	276
YEL059W	62
YEL060C	21292
YEL061C	3061
YEL062W	2727
YEL063C	9184
YEL064C	2060
YEL065W	4207
YEL066W	1114
YEL067C	174
YEL068C	464
YEL069C	24
YEL070W	52
YEL071W	10404
YEL072W	311
YEL073C	43
YEL074W	33
YEL075C	0
YEL075W-A	0
YEL076C	0
YEL076C-A	0
YEL077C	254
YEL077W-A	0
YER001W	23838
YER002W	961
YER003C	16528
YER004W	5156
YER005W	6338
YER006C-A	84
YER006W	6371
YER007C-A	1960
YER007W	1041
YER008C	10398
YER009W	7835
YER010C	2230
YER011W	7418
YER012W	5370
YER013W	4538
YER014C-A	26
YER014W	3478
YER015W	1795
YER016W	1427
YER017C	7080
YER018C	377
YER019C-A	2697
YER019W	1633
YER020W	2872
YER021W	10864
YER022W	1898
YER023C-A	5
YER023W	5462
YER024W	1255
YER025W	10129
YER026C	5323
YER027C	2930
YER028C	572
YER029C	437
YER030W	1482
YER031C	1967
YER032W	2599
YER033C	3664
YER034W	401
YER035W	2369
YER036C	19588
YER037W	5971
YER038C	1178
YER038W-A	70
YER039C	732
YER039C-A	199
YER040W	1899
YER041W	3772
YER042W	1599
YER043C	27833
YER044C	2668
YER044C-A	427
YER045C	2044
YER046W	423
YER046W-A	43
YER047C	2032
YER048C	3092
YER048W-A	1637
YER049W	7015
YER050C	1614
YER051W	1351
YER052C	6630
YER053C	3195
YER053C-A	242
YER054C	2149
YER055C	3382
YER056C	28504
YER056C-A	10477
YER057C	3182
YER058W	231
YER059W	1440
YER060W	1012
YER060W-A	710
YER061C	1441
YER062C	9132
YER063W	1332
YER064C	3090
YER065C	777
YER066C-A	51
YER066W	330
YER067C-A	38
YER067W	438
YER068C-A	71
YER068W	2923
YER069W	6858
YER070W	81360
YER071C	387
YER072W	5782
YER073W	10642
YER074W	9979
YER074W-A	1800
YER075C	3838
YER076C	1036
YER076W-A	62
YER077C	1446
YER078C	1703
YER078W-A	61
YER079C-A	8
YER079W	913
YER080W	4799
YER081W	13612
YER082C	3864
YER083C	3446
YER084W	74
YER084W-A	4
YER085C	37
YER086W	8257
YER087C-A	116
YER087C-B	4691
YER087W	1740
YER088C	8523
YER088C-A	310
YER088W-B	21
YER089C	2517
YER090C-A	4
YER090W	4712
YER091C	2730
YER091C-A	0
YER092W	555
YER093C	6030
YER093C-A	756
YER094C	4696
YER095W	6734
YER096W	807
YER097W	508
YER098W	2050
YER099C	2732
YER100W	3588
YER101C	1479
YER102W	3940
YER103W	20987
YER104W	541
YER105C	13283
YER106W	225
YER107C	2014
YER107W-A	15
YER109C	3654
YER110C	36982
YER111C	6188
YER112W	1631
YER113C	5000
YER114C	6985
YER115C	756
YER116C	1395
YER117W	18554
YER118C	3418
YER119C	3758
YER119C-A	36
YER120W	9512
YER121W	228
YER122C	7840
YER123W	3134
YER124C	4549
YER125W	16920
YER126C	3079
YER127W	1968
YER128W	208
YER129W	6888
YER130C	8811
YER131W	8358
YER132C	11029
YER133W	8513
YER133W-A	4
YER134C	1719
YER135C	92
YER136W	11630
YER137C	207
YER137C-A	0
YER137W-A	3
YER138C	1
YER138W-A	643
YER139C	1138
YER140W	1669
YER141W	10490
YER142C	1164
YER143W	3518
YER144C	4703
YER145C	5795
YER145C-A	60
YER146W	1028
YER147C	2126
YER147C-A	2
YER148W	3458
YER148W-A	24
YER149C	1418
YER150W	11649
YER151C	5868
YER152C	3772
YER152W-A	22
YER153C	555
YER154W	2063
YER155C	30156
YER156C	3898
YER157W	5544
YER158C	10861
YER158W-A	115
YER159C	1682
YER159C-A	0
YER160C	0
YER161C	1467
YER162C	1648
YER163C	2428
YER164W	12445
YER165C-A	2
YER165W	42943
YER166W	20632
YER167W	7309
YER168C	2974
YER169W	5206
YER170W	686
YER171W	4002
YER172C	12941
YER172C-A	5
YER173W	1880
YER174C	1722
YER175C	1156
YER175W-A	158
YER176W	4739
YER177W	43367
YER178W	30326
YER179W	583
YER180C	1419
YER180C-A	232
YER181C	54
YER182W	1691
YER183C	735
YER184C	3226
YER185W	1431
YER186C	1307
YER187W	24
YER188C-A	11
YER188W	370
YER189W	0
YER190C-A	0
YER190C-B	0
YER190W	32
YFL001W	1917
YFL002C	3011
YFL002W-A	0
YFL002W-B	0
YFL003C	592
YFL004W	7299
YFL005W	6444
YFL007W	21035
YFL008W	7561
YFL009W	5576
YFL010C	6283
YFL010W-A	93
YFL011W	522
YFL012W	33
YFL012W-A	2
YFL013C	2690
YFL013W-A	26
YFL014W	47662
YFL015C	26
YFL015W-A	19
YFL016C	4156
YFL017C	590
YFL017W-A	334
YFL018C	10221
YFL019C	123
YFL020C	192
YFL021C-A	289
YFL021W	2283
YFL022C	10818
YFL023W	2270
YFL024C	2883
YFL025C	6001
YFL026W	5683
YFL027C	1634
YFL028C	847
YFL029C	1167
YFL030W	1387
YFL031C-A	0
YFL031W	87080
YFL032W	52
YFL033C	15189
YFL034C-A	1511
YFL034C-B	1843
YFL034W	3747
YFL036W	15805
YFL037W	23122
YFL038C	7669
YFL039C	105537
YFL040W	72
YFL041W	8552
YFL041W-A	164
YFL042C	3011
YFL044C	1794
YFL045C	24060
YFL046W	527
YFL047W	2659
YFL048C	3969
YFL049W	2424
YFL050C	4259
YFL051C	31
YFL052W	153
YFL053W	113
YFL054C	1558
YFL055W	1271
YFL056C	1703
YFL057C	817
YFL058W	28
YFL059W	92
YFL060C	102
YFL061W	1
YFL062W	12
YFL063W	0
YFL064C	5
YFL065C	29
YFL066C	18
YFL067W	0
YFL068W	0
YFR001W	693
YFR002W	4971
YFR003C	1654
YFR004W	4518
YFR005C	1879
YFR006W	7646
YFR007W	1062
YFR008W	679
YFR009W	9221
YFR009W-A	0
YFR010W	6495
YFR010W-A	4
YFR011C	1146
YFR012W	181
YFR012W-A	111
YFR013W	3343
YFR014C	1855
YFR015C	1402
YFR016C	5472
YFR017C	2359
YFR018C	1933
YFR019W	12788
YFR020W	2200
YFR021W	3810
YFR022W	4279
YFR023W	767
YFR024C-A	7071
YFR025C	1058
YFR026C	787
YFR027W	715
YFR028C	3414
YFR029W	1117
YFR030W	3609
YFR031C	3439
YFR031C-A	20450
YFR032C	231
YFR032C-A	4365
YFR032C-B	25
YFR033C	2994
YFR034C	644
YFR034W-A	101
YFR035C	28
YFR036W	501
YFR036W-A	34
YFR037C	3419
YFR038W	3391
YFR039C	4526
YFR040W	7634
YFR041C	2001
YFR042W	2726
YFR043C	950
YFR044C	22005
YFR045W	1265
YFR046C	1278
YFR047C	4413
YFR048W	2486
YFR049W	822
YFR050C	8679
YFR051C	4828
YFR052C-A	1879
YFR052W	4485
YFR053C	18246
YFR054C	223
YFR055W	5502
YFR056C	7
YFR057W	0
YGL001C	4493
YGL002W	1711
YGL003C	3725
YGL004C	1273
YGL005C	1243
YGL006W	11289
YGL006W-A	0
YGL007C-A	73
YGL007W	25
YGL008C	410942
YGL009C	15033
YGL010W	1583
YGL011C	6875
YGL012W	15895
YGL013C	8661
YGL014C-A	10
YGL014W	9213
YGL015C	64
YGL016W	4633
YGL017W	1668
YGL018C	634
YGL019W	3397
YGL020C	2363
YGL021W	4137
YGL022W	26720
YGL023C	1839
YGL024W	22
YGL025C	938
YGL026C	16566
YGL027C	12386
YGL028C	5886
YGL029W	342
YGL030W	12653
YGL031C	15016
YGL032C	1277
YGL033W	71
YGL034C	6
YGL035C	2731
YGL036W	4418
YGL037C	20063
YGL038C	31241
YGL039W	1654
YGL040C	4222
YGL041C	17
YGL041C-B	15
YGL041W-A	510
YGL042C	30
YGL043W	2443
YGL044C	1412
YGL045W	2184
YGL047W	786
YGL048C	7253
YGL049C	5786
YGL050W	507
YGL051W	76
YGL052W	311
YGL053W	1592
YGL054C	3174
YGL055W	82120
YGL056C	4735
YGL057C	1276
YGL058W	3165
YGL059W	1073
YGL060W	2480
YGL061C	620
YGL062W	53877
YGL063C-A	10
YGL063W	485
YGL064C	1248
YGL065C	1856
YGL066W	1731
YGL067W	3619
YGL068W	4617
YGL069C	111
YGL070C	913
YGL071W	3662
YGL072C	167
YGL073W	4693
YGL074C	7
YGL075C	1823
YGL076C	11247
YGL077C	9351
YGL078C	4048
YGL079W	916
YGL080W	1754
YGL081W	511
YGL082W	2211
YGL083W	1997
YGL084C	6293
YGL085W	1012
YGL086W	1855
YGL087C	3318
YGL088W	2
YGL089C	144
YGL090W	1802
YGL091C	2425
YGL092W	11117
YGL093W	4825
YGL094C	14408
YGL095C	2519
YGL096W	458
YGL097W	3044
YGL098W	1061
YGL099W	3926
YGL100W	2349
YGL101W	638
YGL102C	10
YGL103W	29564
YGL104C	2912
YGL105W	15352
YGL106W	2548
YGL107C	3377
YGL108C	368
YGL109W	20
YGL110C	2048
YGL111W	4601
YGL112C	3865
YGL113W	2537
YGL114W	5028
YGL115W	4678
YGL116W	1813
YGL117W	914
YGL118C	12
YGL119W	2856
YGL120C	8217
YGL121C	3121
YGL122C	3375
YGL123C-A	12
YGL123W	53139
YGL124C	3228
YGL125W	1315
YGL126W	2101
YGL127C	1057
YGL128C	844
YGL129C	2788
YGL130W	3186
YGL131C	6978
YGL132W	24
YGL133W	4880
YGL134W	2436
YGL135W	7852
YGL136C	2169
YGL137W	17530
YGL138C	25
YGL139W	6762
YGL140C	11784
YGL141W	5467
YGL142C	4679
YGL143C	1261
YGL144C	3163
YGL145W	2469
YGL146C	459
YGL147C	6155
YGL148W	10817
YGL149W	2
YGL150C	13744
YGL151W	6562
YGL152C	62
YGL153W	649
YGL154C	842
YGL155W	2338
YGL156W	16342
YGL157W	7808
YGL158W	389
YGL159W	1039
YGL160W	4007
YGL161C	3734
YGL162W	326
YGL163C	4463
YGL164C	517
YGL165C	21
YGL166W	1800
YGL167C	20272
YGL168W	20
YGL169W	2801
YGL170C	149
YGL171W	1910
YGL172W	1992
YGL173C	40158
YGL174W	1000
YGL175C	944
YGL176C	3378
YGL177W	566
YGL178W	16216
YGL179C	4644
YGL180W	2978
YGL181W	1920
YGL182C	30
YGL183C	87
YGL184C	215
YGL185C	953
YGL186C	5545
YGL187C	1828
YGL188C	318
YGL188C-A	51
YGL189C	34027
YGL190C	3509
YGL191W	4643
YGL192W	173
YGL193C	1924
YGL194C	2362
YGL194C-A	433
YGL195W	71662
YGL196W	4553
YGL197W	14766
YGL198W	1897
YGL199C	380
YGL200C	15745
YGL201C	4476
YGL202W	20388
YGL203C	5030
YGL204C	333
YGL205W	1299
YGL206C	64510
YGL207W	18705
YGL208W	1774
YGL209W	425
YGL210W	1275
YGL211W	2327
YGL212W	678
YGL213C	2156
YGL214W	45
YGL215W	16840
YGL216W	4858
YGL217C	17
YGL218W	9
YGL219C	2238
YGL220W	1691
YGL221C	3718
YGL222C	913
YGL223C	2080
YGL224C	1527
YGL225W	22525
YGL226C-A	1573
YGL226W	689
YGL227W	3616
YGL228W	5596
YGL229C	719
YGL230C	30
YGL231C	1914
YGL232W	1725
YGL233W	3609
YGL234W	21182
YGL235W	273
YGL236C	2790
YGL237C	690
YGL238W	17181
YGL239C	1
YGL240W	1202
YGL241W	3825
YGL242C	3220
YGL243W	1585
YGL244W	1348
YGL245W	33733
YGL246C	2960
YGL247W	724
YGL248W	3011
YGL249W	751
YGL250W	277
YGL251C	2083
YGL252C	3938
YGL253W	49462
YGL254W	622
YGL255W	5239
YGL256W	6695
YGL257C	2514
YGL258W	50
YGL258W-A	36
YGL259W	54
YGL260W	0
YGL261C	1
YGL262W	16
YGL263W	20
YGR001C	1566
YGR002C	2038
YGR003W	3220
YGR004W	1918
YGR005C	2551
YGR006W	808
YGR007W	2966
YGR008C	3604
YGR009C	1691
YGR010W	1169
YGR011W	172
YGR012W	2238
YGR013W	2101
YGR014W	54849
YGR015C	1192
YGR016W	439
YGR017W	1822
YGR018C	75
YGR019W	12904
YGR020C	3187
YGR021W	1456
YGR022C	39
YGR023W	456
YGR024C	1910
YGR025W	20
YGR026W	9789
YGR027C	25072
YGR027W-A	0
YGR027W-B	1
YGR028W	2745
YGR029W	988
YGR030C	656
YGR031C-A	55
YGR031W	581
YGR032W	174224
YGR033C	2259
YGR034W	11744
YGR035C	51
YGR035W-A	0
YGR036C	1721
YGR037C	5504
YGR038C-A	0
YGR038C-B	0
YGR038W	1462
YGR039W	178
YGR040W	2229
YGR041W	3902
YGR042W	855
YGR043C	11316
YGR044C	3611
YGR045C	31
YGR046W	3256
YGR047C	3894
YGR048W	4080
YGR049W	783
YGR050C	274
YGR051C	2
YGR052W	605
YGR053C	321
YGR054W	13649
YGR055W	2104
YGR056W	3921
YGR057C	1965
YGR058W	981
YGR059W	95
YGR060W	27630
YGR061C	27339
YGR062C	1378
YGR063C	1147
YGR064W	104
YGR065C	1772
YGR066C	386
YGR067C	836
YGR068C	854
YGR068W-A	12
YGR069W	16
YGR070W	12680
YGR071C	2912
YGR072W	857
YGR073C	206
YGR074W	749
YGR075C	484
YGR076C	911
YGR077C	5475
YGR078C	1317
YGR079W	6810
YGR080W	2734
YGR081C	1455
YGR082W	3699
YGR083C	5343
YGR084C	1802
YGR085C	3005
YGR086C	18629
YGR087C	1224
YGR088W	11321
YGR089W	6233
YGR090W	16676
YGR091W	1156
YGR092W	2625
YGR093W	2552
YGR094W	27808
YGR095C	1854
YGR096W	377
YGR097W	7309
YGR098C	7948
YGR099W	3110
YGR100W	5268
YGR101W	2641
YGR102C	1176
YGR103W	6160
YGR104C	1144
YGR105W	833
YGR106C	13045
YGR107W	51
YGR108W	5198
YGR109C	3684
YGR109W-A	0
YGR109W-B	692
YGR110W	982
YGR111W	4051
YGR112W	2055
YGR113W	1107
YGR114C	0
YGR115C	1
YGR116W	14161
YGR117C	2904
YGR118W	9124
YGR119C	3504
YGR120C	706
YGR121C	1165
YGR121W-A	34
YGR122C-A	61
YGR122W	1595
YGR123C	2948
YGR124W	13372
YGR125W	6813
YGR126W	878
YGR127W	2405
YGR128C	5654
YGR129W	362
YGR130C	4289
YGR131W	1397
YGR132C	6107
YGR133W	879
YGR134W	4772
YGR135W	5846
YGR136W	4458
YGR137W	829
YGR138C	6305
YGR139W	0
YGR140W	3919
YGR141W	1394
YGR142W	2078
YGR143W	4917
YGR144W	716
YGR145W	3314
YGR146C	5206
YGR146C-A	55
YGR147C	2510
YGR148C	11043
YGR149W	5215
YGR150C	3315
YGR151C	59
YGR152C	1221
YGR153W	849
YGR154C	1423
YGR155W	41181
YGR156W	380
YGR157W	55722
YGR158C	1378
YGR159C	13536
YGR160W	4
YGR161C	2409
YGR161C-C	0
YGR161C-D	400
YGR161W-A	0
YGR161W-B	0
YGR161W-C	399
YGR162W	15045
YGR163W	1490
YGR164W	109
YGR165W	2075
YGR166W	1744
YGR167W	5870
YGR168C	1285
YGR169C	1177
YGR169C-A	181
YGR170W	6429
YGR171C	2066
YGR172C	2024
YGR173W	2492
YGR174C	1026
YGR174W-A	179
YGR175C	32579
YGR176W	15
YGR177C	511
YGR178C	11008
YGR179C	675
YGR180C	35475
YGR181W	1313
YGR182C	1163
YGR183C	1129
YGR184C	31719
YGR185C	8480
YGR186W	4728
YGR187C	1547
YGR188C	2568
YGR189C	64208
YGR190C	10
YGR191W	12878
YGR192C	528717
YGR193C	2930
YGR194C	2586
YGR195W	1752
YGR196C	2288
YGR197C	2291
YGR198W	7130
YGR199W	4658
YGR200C	5892
YGR201C	3863
YGR202C	1721
YGR203W	316
YGR204C-A	6
YGR204W	26714
YGR205W	736
YGR206W	721
YGR207C	2717
YGR208W	1804
YGR209C	16552
YGR210C	3170
YGR211W	6416
YGR212W	1081
YGR213C	1128
YGR214W	28747
YGR215W	1199
YGR216C	3348
YGR217W	10002
YGR218W	28628
YGR219W	8
YGR220C	3178
YGR221C	1703
YGR222W	2488
YGR223C	1780
YGR224W	343
YGR225W	696
YGR226C	0
YGR227W	2868
YGR228W	4
YGR229C	6075
YGR230W	205
YGR231C	4260
YGR232W	2615
YGR233C	6867
YGR234W	3936
YGR235C	3138
YGR236C	115
YGR237C	2961
YGR238C	3501
YGR239C	1213
YGR240C	62058
YGR240C-A	50
YGR241C	2070
YGR242W	0
YGR243W	95
YGR244C	10551
YGR245C	4651
YGR246C	1785
YGR247W	590
YGR248W	2188
YGR249W	632
YGR250C	10002
YGR251W	748
YGR252W	1119
YGR253C	4837
YGR254W	184308
YGR255C	7244
YGR256W	6856
YGR257C	3738
YGR258C	4825
YGR259C	230
YGR260W	4782
YGR261C	5678
YGR262C	1942
YGR263C	1999
YGR264C	15388
YGR265W	7
YGR266W	2473
YGR267C	6436
YGR268C	2686
YGR269W	33
YGR270C-A	1
YGR270W	14427
YGR271C-A	1167
YGR271W	11941
YGR273C	39
YGR274C	4312
YGR275W	1124
YGR276C	3150
YGR277C	1472
YGR278W	1772
YGR279C	74876
YGR280C	265
YGR281W	16233
YGR282C	28862
YGR283C	973
YGR284C	14062
YGR285C	18908
YGR286C	787
YGR287C	1234
YGR288W	1183
YGR289C	920
YGR290W	21
YGR291C	3
YGR292W	148
YGR293C	1
YGR294W	2
YGR295C	4875
YGR296C-A	0
YGR296C-B	0
YGR296W	0
YHL001W	3377
YHL002C-A	28
YHL002W	2972
YHL003C	4623
YHL004W	4130
YHL005C	61
YHL006C	252
YHL006W-A	48
YHL007C	7575
YHL008C	2910
YHL009C	1193
YHL009W-A	0
YHL009W-B	73
YHL010C	2009
YHL011C	7654
YHL012W	418
YHL013C	962
YHL014C	1330
YHL015W	19550
YHL015W-A	10
YHL016C	1835
YHL017W	7017
YHL018W	366
YHL019C	2602
YHL019W-A	22
YHL020C	1748
YHL021C	4366
YHL022C	364
YHL023C	4479
YHL024W	1376
YHL025W	1251
YHL026C	2299
YHL027W	4815
YHL028W	1159
YHL029C	5365
YHL030W	19414
YHL030W-A	11
YHL031C	1024
YHL032C	2002
YHL033C	12638
YHL034C	7137
YHL034W-A	18
YHL035C	12508
YHL036W	1403
YHL037C	167
YHL038C	2177
YHL039W	3238
YHL040C	6289
YHL041W	9
YHL042W	350
YHL043W	75
YHL044W	372
YHL045W	4
YHL046C	6
YHL046W-A	2
YHL047C	4075
YHL048C-A	10
YHL048W	5143
YHL049C	0
YHL050C	459
YHL050W-A	0
YHR001W	2283
YHR001W-A	1210
YHR002W	759
YHR003C	1997
YHR004C	3035
YHR005C	2120
YHR005C-A	2084
YHR006W	1969
YHR007C	38388
YHR007C-A	820
YHR008C	8240
YHR009C	15382
YHR010W	18893
YHR011W	1200
YHR012W	2475
YHR013C	2105
YHR014W	255
YHR015W	433
YHR016C	2848
YHR017W	2742
YHR018C	2977
YHR019C	23943
YHR020W	19855
YHR021C	20530
YHR021W-A	167
YHR022C	344
YHR022C-A	0
YHR023W	9837
YHR024C	5410
YHR025W	8088
YHR026W	8245
YHR027C	26252
YHR028C	14784
YHR028W-A	21
YHR029C	1096
YHR030C	7999
YHR031C	2311
YHR032C-A	7
YHR032W	3485
YHR032W-A	373
YHR033W	1404
YHR034C	670
YHR035W	748
YHR036W	1187
YHR037W	8835
YHR038W	978
YHR039C	9105
YHR039C-A	3813
YHR040W	910
YHR041C	957
YHR042W	19594
YHR043C	1208
YHR044C	688
YHR045W	4247
YHR046C	1494
YHR047C	8011
YHR048W	1245
YHR049C-A	54
YHR049W	4229
YHR050W	4767
YHR050W-A	72
YHR051W	3736
YHR052W	3914
YHR052W-A	0
YHR053C	0
YHR054C	65
YHR054W-A	0
YHR055C	0
YHR056C	2897
YHR056W-A	65
YHR057C	1782
YHR058C	1116
YHR059W	938
YHR060W	586
YHR061C	1438
YHR062C	865
YHR063C	3830
YHR063W-A	6
YHR064C	24932
YHR065C	3068
YHR066W	3298
YHR067W	654
YHR068W	10114
YHR069C	2785
YHR069C-A	163
YHR070C-A	6
YHR070W	2616
YHR071C-A	136
YHR071W	16248
YHR072W	5104
YHR072W-A	4190
YHR073C-B	5
YHR073W	10059
YHR073W-A	0
YHR074W	8950
YHR075C	2005
YHR076W	1717
YHR077C	6259
YHR078W	3608
YHR079C	6680
YHR079C-A	42
YHR080C	5453
YHR081W	779
YHR082C	20628
YHR083W	2176
YHR084W	2551
YHR085W	1119
YHR086W	4237
YHR086W-A	12
YHR087W	2632
YHR088W	2030
YHR089C	2233
YHR090C	1044
YHR091C	3188
YHR092C	5214
YHR093W	0
YHR094C	7070
YHR095W	4
YHR096C	6895
YHR097C	1581
YHR098C	10839
YHR099W	25448
YHR100C	645
YHR101C	1493
YHR102W	7518
YHR103W	8129
YHR104W	13157
YHR105W	583
YHR106W	3282
YHR107C	3683
YHR108W	6477
YHR109W	2008
YHR110W	2745
YHR111W	2844
YHR112C	3745
YHR113W	4501
YHR114W	3750
YHR115C	3881
YHR116W	1227
YHR117W	6150
YHR118C	1483
YHR119W	7427
YHR120W	2731
YHR121W	1485
YHR122W	1948
YHR123W	5359
YHR124W	606
YHR125W	7
YHR126C	128
YHR127W	1110
YHR128W	2468
YHR129C	1595
YHR130C	234
YHR131C	3683
YHR131W-A	17
YHR132C	6786
YHR132W-A	671
YHR133C	3328
YHR134W	893
YHR135C	3150
YHR136C	97
YHR137C-A	38
YHR137W	3398
YHR138C	5026
YHR139C	452
YHR139C-A	13
YHR140W	467
YHR141C	10004
YHR142W	2812
YHR143W	5446
YHR143W-A	1179
YHR144C	1194
YHR145C	49
YHR146W	3905
YHR147C	2276
YHR148W	1190
YHR149C	5242
YHR150W	2070
YHR151C	2857
YHR152W	780
YHR153C	658
YHR154W	6463
YHR155W	12083
YHR156C	974
YHR157W	678
YHR158C	7831
YHR159W	1777
YHR160C	872
YHR161C	3635
YHR162W	5004
YHR163W	4663
YHR164C	4021
YHR165C	17705
YHR165W-A	12
YHR166C	1131
YHR167W	769
YHR168W	1157
YHR169W	2338
YHR170W	6685
YHR171W	1768
YHR172W	2736
YHR173C	13
YHR174W	344414
YHR175W	1450
YHR175W-A	295
YHR176W	774
YHR177W	309
YHR178W	1454
YHR179W	52307
YHR180C-B	0
YHR180W	430
YHR180W-A	2
YHR181W	3069
YHR182C-A	32
YHR182W	2349
YHR183W	41419
YHR184W	161
YHR185C	30
YHR186C	10324
YHR187W	1694
YHR188C	18494
YHR189W	550
YHR190W	15954
YHR191C	369
YHR192W	1361
YHR193C	10175
YHR193C-A	47
YHR194W	1974
YHR195W	1741
YHR196W	4351
YHR197W	4229
YHR198C	1418
YHR199C	6657
YHR199C-A	335
YHR200W	4967
YHR201C	1761
YHR202W	2769
YHR203C	15502
YHR204W	8001
YHR205W	9103
YHR206W	5819
YHR207C	1854
YHR208W	7312
YHR209W	1988
YHR210C	651
YHR211W	1015
YHR212C	0
YHR212W-A	0
YHR213W	0
YHR213W-A	0
YHR213W-B	0
YHR214C-B	1388
YHR214C-C	0
YHR214C-D	0
YHR214C-E	0
YHR214W	1
YHR214W-A	103
YHR215W	183
YHR216W	744
YHR217C	4
YHR218W	0
YHR218W-A	0
YHR219C-A	0
YHR219W	0
YIL001W	1662
YIL002C	5837
YIL002W-A	1592
YIL003W	1320
YIL004C	781
YIL005W	4675
YIL006W	1944
YIL007C	1367
YIL008W	806
YIL009C-A	603
YIL009W	4508
YIL010W	3304
YIL011W	507
YIL012W	33
YIL013C	4456
YIL014C-A	975
YIL014W	6725
YIL015W	0
YIL016W	466
YIL017C	5338
YIL018W	39783
YIL019W	640
YIL020C	442
YIL020C-A	34
YIL021C-A	3
YIL021W	1630
YIL022W	3948
YIL023C	1730
YIL024C	1284
YIL025C	6
YIL026C	8077
YIL027C	1128
YIL028W	167
YIL029C	301
YIL029W-A	1
YIL030C	21192
YIL030W-A	550
YIL031W	6609
YIL032C	51
YIL033C	15421
YIL034C	3891
YIL035C	82
YIL036W	2614
YIL037C	199
YIL038C	4124
YIL039W	7520
YIL040W	2105
YIL041W	12757
YIL042C	1179
YIL043C	11477
YIL044C	2400
YIL045W	1455
YIL046W	4865
YIL046W-A	19
YIL047C	12482
YIL047C-A	1051
YIL048W	11368
YIL049W	1905
YIL050W	1418
YIL051C	12077
YIL052C	12724
YIL053W	29951
YIL054W	7
YIL055C	1716
YIL056W	2473
YIL057C	22
YIL058W	27
YIL059C	338
YIL060W	8
YIL061C	764
YIL062C	2413
YIL063C	2014
YIL064W	1360
YIL065C	629
YIL066C	7863
YIL066W-A	217
YIL067C	4920
YIL068C	2881
YIL068W-A	28
YIL069C	7954
YIL070C	5358
YIL071C	1784
YIL071W-A	249
YIL072W	1819
YIL073C	1836
YIL074C	4813
YIL075C	25210
YIL076W	5290
YIL077C	1390
YIL078W	18885
YIL079C	2126
YIL080W	37
YIL082W	0
YIL082W-A	0
YIL083C	2181
YIL084C	1603
YIL085C	5334
YIL086C	124
YIL087C	841
YIL088C	8948
YIL089W	301
YIL090W	6063
YIL091C	5212
YIL092W	1183
YIL093C	1479
YIL094C	6230
YIL095W	2492
YIL096C	1107
YIL097W	2406
YIL098C	743
YIL099W	1697
YIL100C-A	9
YIL100W	68
YIL101C	2790
YIL102C	28
YIL102C-A	486
YIL103W	1716
YIL104C	1845
YIL105C	1991
YIL105W-A	6
YIL106W	2052
YIL107C	5170
YIL108W	7220
YIL109C	17586
YIL110W	1633
YIL111W	2228
YIL112W	3069
YIL113W	450
YIL114C	942
YIL115C	13459
YIL115W-A	1
YIL116W	3214
YIL117C	1715
YIL118W	2349
YIL119C	602
YIL120W	1044
YIL121W	1311
YIL122W	485
YIL123W	15993
YIL124W	2981
YIL125W	18136
YIL126W	6223
YIL127C	1494
YIL128W	6142
YIL129C	19649
YIL130W	4749
YIL131C	2912
YIL132C	483
YIL133C	14543
YIL134C-A	31
YIL134W	1042
YIL135C	2475
YIL136W	1804
YIL137C	8395
YIL138C	3130
YIL139C	679
YIL140W	10348
YIL141W	145
YIL142C-A	4
YIL142W	12717
YIL143C	6286
YIL144W	2236
YIL145C	3464
YIL146C	2110
YIL147C	11708
YIL148W	19327
YIL149C	5586
YIL150C	1516
YIL151C	6552
YIL152W	2741
YIL153W	2274
YIL154C	1517
YIL155C	4742
YIL156W	3462
YIL156W-A	33
YIL156W-B	1051
YIL157C	3150
YIL158W	580
YIL159W	3503
YIL160C	403
YIL161W	596
YIL162W	3364
YIL163C	32
YIL164C	468
YIL165C	392
YIL166C	1125
YIL167W	463
YIL168W	417
YIL169C	4725
YIL170W	39
YIL171W	7
YIL171W-A	0
YIL172C	0
YIL173W	55
YIL174W	0
YIL175W	0
YIL176C	0
YIL177C	0
YIL177W-A	0
YIR001C	836
YIR002C	6192
YIR003W	3245
YIR004W	2073
YIR005W	437
YIR006C	13040
YIR007W	3331
YIR008C	1964
YIR009W	392
YIR010W	1304
YIR011C	3369
YIR012W	7564
YIR013C	47
YIR014W	321
YIR015W	458
YIR016W	857
YIR017C	56
YIR017W-A	25
YIR018C-A	71
YIR018W	709
YIR019C	317
YIR020C	0
YIR020C-B	43
YIR020W-A	2
YIR021W	1901
YIR021W-A	10
YIR022W	2480
YIR023C-A	26
YIR023W	3967
YIR024C	853
YIR025W	759
YIR026C	1949
YIR027C	526
YIR028W	552
YIR029W	674
YIR030C	147
YIR030W-A	76
YIR031C	2904
YIR032C	129
YIR033W	9147
YIR034C	2281
YIR035C	2266
YIR036C	1959
YIR036W-A	17
YIR037W	6070
YIR038C	5014
YIR039C	2657
YIR040C	0
YIR041W	4
YIR042C	405
YIR043C	152
YIR044C	1
YJL001W	4374
YJL002C	19564
YJL003W	698
YJL004C	1811
YJL005W	19242
YJL006C	1139
YJL007C	1
YJL008C	8572
YJL009W	9
YJL010C	3588
YJL011C	647
YJL012C	13630
YJL013C	1304
YJL014W	11015
YJL015C	11
YJL016W	9747
YJL019W	5811
YJL020C	14941
YJL020W-A	0
YJL022W	57
YJL023C	1488
YJL024C	1028
YJL025W	2044
YJL026C-A	2
YJL026W	49217
YJL027C	19
YJL028W	1
YJL029C	5384
YJL030W	807
YJL031C	1955
YJL032W	3
YJL033W	4538
YJL034W	98631
YJL035C	648
YJL036W	2091
YJL037W	132
YJL038C	91
YJL039C	20169
YJL041W	7814
YJL042W	9293
YJL043W	81
YJL044C	1434
YJL045W	2544
YJL046W	1871
YJL047C	3393
YJL047C-A	311
YJL048C	9605
YJL049W	1011
YJL050W	8435
YJL051W	1845
YJL052C-A	0
YJL052W	330088
YJL053W	2188
YJL054W	2812
YJL055W	3935
YJL056C	2015
YJL057C	3303
YJL058C	1846
YJL059W	1565
YJL060W	4113
YJL061W	3729
YJL062W	6792
YJL062W-A	2888
YJL063C	2075
YJL064W	35
YJL065C	904
YJL066C	3070
YJL067W	22
YJL068C	7976
YJL069C	4079
YJL070C	2960
YJL071W	1759
YJL072C	738
YJL073W	3496
YJL074C	6012
YJL075C	3
YJL076W	13788
YJL077C	21
YJL077W-A	213
YJL077W-B	103
YJL078C	1438
YJL079C	16230
YJL080C	32123
YJL081C	2753
YJL082W	6851
YJL083W	2256
YJL084C	7372
YJL085W	1692
YJL086C	15
YJL087C	2893
YJL088W	2199
YJL089W	1153
YJL090C	3151
YJL091C	4844
YJL092W	9235
YJL093C	6887
YJL094C	8355
YJL095W	6627
YJL096W	2185
YJL097W	2904
YJL098W	6676
YJL099W	1947
YJL100W	1504
YJL101C	6078
YJL102W	2847
YJL103C	1954
YJL104W	1780
YJL105W	368
YJL106W	729
YJL107C	620
YJL108C	783
YJL109C	19477
YJL110C	2722
YJL111W	7176
YJL112W	2675
YJL113W	847
YJL114W	53
YJL115W	1148
YJL116C	43416
YJL117W	7610
YJL118W	709
YJL119C	219
YJL120W	17
YJL121C	4918
YJL122W	2208
YJL123C	2928
YJL124C	2100
YJL125C	1947
YJL126W	1064
YJL127C	2920
YJL127C-B	516
YJL127W-A	9
YJL128C	4960
YJL129C	10199
YJL130C	99811
YJL131C	717
YJL132W	1686
YJL133C-A	2665
YJL133W	2441
YJL134W	2229
YJL135W	83
YJL136C	8396
YJL136W-A	4
YJL137C	1440
YJL138C	4556
YJL139C	3522
YJL140W	2381
YJL141C	6903
YJL142C	288
YJL143W	3739
YJL144W	495
YJL145W	1476
YJL146W	1628
YJL147C	892
YJL148W	1541
YJL149W	4949
YJL150W	154
YJL151C	9548
YJL152W	8
YJL153C	2369
YJL154C	13218
YJL155C	2256
YJL156C	3590
YJL156W-A	4
YJL157C	4336
YJL158C	44362
YJL159W	122343
YJL160C	205
YJL161W	291
YJL162C	1471
YJL163C	1282
YJL164C	2964
YJL165C	9024
YJL166W	2108
YJL167W	10335
YJL168C	2858
YJL169W	10
YJL170C	341
YJL171C	21606
YJL172W	130053
YJL173C	2830
YJL174W	12938
YJL175W	11
YJL176C	4718
YJL177W	14712
YJL178C	5427
YJL179W	994
YJL180C	1244
YJL181W	2183
YJL182C	5
YJL183W	5635
YJL184W	991
YJL185C	1204
YJL186W	9147
YJL187C	6837
YJL188C	10
YJL189W	9008
YJL190C	15426
YJL191W	20351
YJL192C	9689
YJL193W	1162
YJL194W	5191
YJL195C	11
YJL196C	9560
YJL197C-A	0
YJL197W	6599
YJL198W	4593
YJL199C	243
YJL200C	4564
YJL201W	3394
YJL202C	19
YJL203W	696
YJL204C	2860
YJL205C	692
YJL206C	3454
YJL207C	8204
YJL208C	2029
YJL209W	2755
YJL210W	813
YJL211C	88
YJL212C	5716
YJL213W	1627
YJL214W	199
YJL215C	160
YJL216C	540
YJL217W	11506
YJL218W	205
YJL219W	94
YJL220W	0
YJL221C	0
YJL222W	68
YJL222W-A	0
YJL222W-B	0
YJL223C	0
YJL225C	0
YJL225W-A	0
YJR001W	4456
YJR002W	3669
YJR003C	1878
YJR004C	3721
YJR005C-A	191
YJR005W	4160
YJR006W	2690
YJR007W	6548
YJR008W	1776
YJR009C	108873
YJR010C-A	491
YJR010W	1807
YJR011C	675
YJR012C	504
YJR013W	2163
YJR014W	1992
YJR015W	8408
YJR016C	26139
YJR017C	1834
YJR018W	27
YJR019C	2184
YJR020W	96
YJR021C	956
YJR022W	427
YJR023C	22
YJR024C	2680
YJR025C	1724
YJR026W	0
YJR027W	2821
YJR028W	0
YJR029W	0
YJR030C	4543
YJR031C	5492
YJR032W	2376
YJR033C	7661
YJR034W	672
YJR035W	3093
YJR036C	1408
YJR037W	5
YJR038C	14
YJR039W	3583
YJR040W	5283
YJR041C	6535
YJR042W	3910
YJR043C	1508
YJR044C	1951
YJR045C	94425
YJR046W	4638
YJR047C	752
YJR048W	1529
YJR049C	3321
YJR050W	681
YJR051W	3022
YJR052W	2620
YJR053W	1936
YJR054W	3883
YJR055W	361
YJR056C	1035
YJR057W	1453
YJR058C	1390
YJR059W	4563
YJR060W	1624
YJR061W	2023
YJR062C	3177
YJR063W	1807
YJR064W	11629
YJR065C	11135
YJR066W	12491
YJR067C	389
YJR068W	2819
YJR069C	1685
YJR070C	4611
YJR071W	2
YJR072C	3261
YJR073C	5889
YJR074W	1288
YJR075W	7900
YJR076C	3721
YJR077C	11173
YJR078W	1833
YJR079W	140
YJR080C	1685
YJR082C	1309
YJR083C	605
YJR084W	1169
YJR085C	7823
YJR086W	471
YJR087W	89
YJR088C	1741
YJR089W	3268
YJR090C	6650
YJR091C	15023
YJR092W	6579
YJR093C	1574
YJR094C	254
YJR094W-A	3018
YJR095W	143
YJR096W	5846
YJR097W	421
YJR098C	1041
YJR099W	1444
YJR100C	2342
YJR101W	2290
YJR102C	1053
YJR103W	8670
YJR104C	49598
YJR105W	12416
YJR106W	5244
YJR107W	2324
YJR108W	124
YJR109C	7220
YJR110W	1788
YJR111C	1347
YJR112W	460
YJR112W-A	607
YJR113C	2817
YJR114W	247
YJR115W	381
YJR116W	867
YJR117W	14403
YJR118C	1774
YJR119C	1990
YJR120W	124
YJR121W	56854
YJR122W	1994
YJR123W	48518
YJR124C	2967
YJR125C	3403
YJR126C	6726
YJR127C	15745
YJR128W	58
YJR129C	594
YJR130C	1834
YJR131W	2033
YJR132W	10845
YJR133W	2446
YJR134C	2841
YJR135C	449
YJR135W-A	1317
YJR136C	1335
YJR137C	11181
YJR138W	4550
YJR139C	16696
YJR140C	7979
YJR140W-A	9
YJR141W	804
YJR142W	2797
YJR143C	27526
YJR144W	2112
YJR145C	13776
YJR146W	57
YJR147W	624
YJR148W	26031
YJR149W	2233
YJR150C	111
YJR151C	714
YJR151W-A	0
YJR152W	2100
YJR153W	1044
YJR154W	708
YJR155W	1405
YJR156C	128
YJR157W	2
YJR158W	0
YJR159W	2
YJR160C	86
YJR161C	323
YJR162C	0
YKL001C	1172
YKL002W	1600
YKL003C	1346
YKL004W	7534
YKL005C	2412
YKL006C-A	797
YKL006W	5646
YKL007W	4958
YKL008C	9465
YKL009W	3612
YKL010C	15742
YKL011C	932
YKL012W	3918
YKL013C	4163
YKL014C	7751
YKL015W	7473
YKL016C	4117
YKL017C	2069
YKL018C-A	109
YKL018W	1519
YKL019W	2600
YKL020C	7153
YKL021C	1892
YKL022C	2993
YKL023C-A	960
YKL023W	828
YKL024C	3249
YKL025C	2864
YKL026C	1324
YKL027W	1630
YKL028W	2441
YKL029C	9329
YKL030W	14
YKL031W	95
YKL032C	1169
YKL033W	3457
YKL033W-A	3880
YKL034W	4740
YKL035W	50330
YKL036C	6
YKL037W	388
YKL038W	6782
YKL039W	16036
YKL040C	2129
YKL041W	298
YKL042W	1758
YKL043W	1328
YKL044W	156
YKL045W	3321
YKL046C	9187
YKL047W	2074
YKL048C	2255
YKL049C	1037
YKL050C	2041
YKL051W	1115
YKL052C	852
YKL053C-A	611
YKL053W	81
YKL054C	9013
YKL055C	481
YKL056C	18123
YKL057C	9067
YKL058W	1627
YKL059C	1465
YKL060C	424037
YKL061W	288
YKL062W	2529
YKL063C	895
YKL064W	7835
YKL065C	6399
YKL065W-A	135
YKL066W	3573
YKL067W	8230
YKL068W	5074
YKL068W-A	1110
YKL069W	396
YKL070W	374
YKL071W	1061
YKL072W	2217
YKL073W	11107
YKL074C	2650
YKL075C	973
YKL076C	173
YKL077W	8261
YKL078W	2872
YKL079W	2054
YKL080W	10207
YKL081W	22205
YKL082C	770
YKL083W	64
YKL084W	1350
YKL085W	3778
YKL086W	449
YKL087C	2474
YKL088W	1227
YKL089W	1499
YKL090W	958
YKL091C	1504
YKL092C	3739
YKL093W	1397
YKL094W	5121
YKL095W	840
YKL096C-B	1
YKL096W	1301
YKL096W-A	132945
YKL097C	8
YKL098W	2565
YKL099C	1827
YKL100C	8527
YKL100W-A	4
YKL101W	33985
YKL102C	23
YKL103C	15699
YKL104C	19781
YKL105C	3692
YKL106C-A	14
YKL106W	2480
YKL107W	365
YKL108W	1655
YKL109W	3152
YKL110C	1368
YKL111C	12
YKL112W	3983
YKL113C	3921
YKL114C	1540
YKL115C	168
YKL116C	4154
YKL117W	10809
YKL118W	4
YKL119C	761
YKL120W	2057
YKL121W	3184
YKL122C	1365
YKL123W	233
YKL124W	1894
YKL125W	3015
YKL126W	11530
YKL127W	3448
YKL128C	1772
YKL129C	9864
YKL130C	849
YKL131W	118
YKL132C	1109
YKL133C	1420
YKL134C	2649
YKL135C	5813
YKL136W	175
YKL137W	1003
YKL138C	1874
YKL138C-A	571
YKL139W	2499
YKL140W	4914
YKL141W	4609
YKL142W	6364
YKL143W	2247
YKL144C	1111
YKL145W	10393
YKL145W-A	0
YKL146W	6853
YKL147C	50
YKL148C	8526
YKL149C	1080
YKL150W	10959
YKL151C	9212
YKL152C	270505
YKL153W	14
YKL154W	1446
YKL155C	3098
YKL156C-A	1
YKL156W	4850
YKL157W	31544
YKL159C	1139
YKL160W	1974
YKL161C	2038
YKL162C	707
YKL162C-A	150
YKL163W	2683
YKL164C	16116
YKL165C	14127
YKL165C-A	49
YKL166C	1132
YKL167C	916
YKL168C	2826
YKL169C	62
YKL170W	1060
YKL171W	3388
YKL172W	2468
YKL173W	4523
YKL174C	5737
YKL175W	11276
YKL176C	9936
YKL177W	60
YKL178C	1200
YKL179C	2799
YKL180W	18216
YKL181W	6608
YKL182W	420435
YKL183C-A	16
YKL183W	375
YKL184W	5682
YKL185W	8049
YKL186C	1786
YKL187C	2090
YKL188C	1866
YKL189W	1317
YKL190W	2333
YKL191W	6000
YKL192C	7193
YKL193C	2826
YKL194C	3134
YKL195W	4256
YKL196C	4743
YKL197C	5731
YKL198C	3383
YKL201C	3430
YKL202W	203
YKL203C	14708
YKL204W	2464
YKL205W	5318
YKL206C	1367
YKL207W	8328
YKL208W	801
YKL209C	9129
YKL210W	42286
YKL211C	3267
YKL212W	11636
YKL213C	8573
YKL214C	576
YKL215C	6910
YKL216W	6241
YKL217W	880
YKL218C	1150
YKL219W	2174
YKL220C	1930
YKL221W	496
YKL222C	2958
YKL223W	0
YKL224C	0
YKL225W	0
YKR001C	12560
YKR002W	3390
YKR003W	2587
YKR004C	1209
YKR005C	1493
YKR006C	4040
YKR007W	1051
YKR008W	2069
YKR009C	2745
YKR010C	1688
YKR011C	3817
YKR012C	57
YKR013W	71823
YKR014C	2653
YKR015C	135
YKR016W	2616
YKR017C	1322
YKR018C	10645
YKR019C	1853
YKR020W	497
YKR021W	4757
YKR022C	1549
YKR023W	1189
YKR024C	3175
YKR025W	1646
YKR026C	2341
YKR027W	4687
YKR028W	6377
YKR029C	2287
YKR030W	2024
YKR031C	8512
YKR032W	4
YKR033C	9
YKR034W	67
YKR035C	33
YKR035W-A	1647
YKR036C	2588
YKR037C	1276
YKR038C	3294
YKR039W	2575
YKR040C	15
YKR041W	104
YKR042W	47862
YKR043C	4236
YKR044W	2282
YKR045C	730
YKR046C	8889
YKR047W	142
YKR048C	9867
YKR049C	2092
YKR050W	5996
YKR051W	2054
YKR052C	928
YKR053C	1089
YKR054C	15723
YKR055W	806
YKR056W	3414
YKR057W	2793
YKR058W	1656
YKR059W	12507
YKR060W	936
YKR061W	4067
YKR062W	2721
YKR063C	1573
YKR064W	3631
YKR065C	3647
YKR066C	12714
YKR067W	3858
YKR068C	3416
YKR069W	2164
YKR070W	2944
YKR071C	4270
YKR072C	3622
YKR073C	60
YKR074W	1114
YKR075C	497
YKR075W-A	9
YKR076W	2118
YKR077W	2085
YKR078W	1525
YKR079C	3788
YKR080W	3963
YKR081C	2728
YKR082W	8518
YKR083C	294
YKR084C	4382
YKR085C	1256
YKR086W	3948
YKR087C	2300
YKR088C	2827
YKR089C	5450
YKR090W	4029
YKR091W	1784
YKR092C	2474
YKR093W	31400
YKR094C	6272
YKR095W	12689
YKR095W-A	315
YKR096W	5605
YKR097W	2079
YKR098C	1030
YKR099W	3205
YKR100C	2925
YKR101W	1616
YKR102W	957
YKR103W	4234
YKR104W	948
YKR105C	108
YKR106W	321
YLL001W	4598
YLL002W	1214
YLL003W	3365
YLL004W	1789
YLL005C	520
YLL006W	3259
YLL006W-A	10
YLL007C	1866
YLL008W	4432
YLL009C	1526
YLL010C	2804
YLL011W	3669
YLL012W	3192
YLL013C	9396
YLL014W	2385
YLL015W	13809
YLL016W	3163
YLL017W	237
YLL018C	23921
YLL018C-A	518
YLL019C	8402
YLL019W-A	2
YLL020C	674
YLL021W	8815
YLL022C	2651
YLL023C	2680
YLL024C	58160
YLL025W	300
YLL026W	76470
YLL027W	1880
YLL028W	2792
YLL029W	4030
YLL030C	26
YLL031C	10806
YLL032C	1923
YLL033W	504
YLL034C	3398
YLL035W	4717
YLL036C	2252
YLL037W	114
YLL038C	831
YLL039C	23095
YLL040C	28893
YLL041C	4444
YLL042C	224
YLL043W	4539
YLL044W	3
YLL045C	30516
YLL046C	526
YLL047W	44
YLL048C	28671
YLL049W	1613
YLL050C	12717
YLL051C	8214
YLL052C	461
YLL053C	837
YLL054C	2780
YLL055W	1154
YLL056C	804
YLL057C	793
YLL058W	4393
YLL059C	108
YLL060C	1265
YLL061W	581
YLL062C	391
YLL063C	909
YLL064C	0
YLL065W	0
YLL066C	1
YLL066W-A	0
YLL066W-B	0
YLL067C	1
YLL067W-A	0
YLR001C	5582
YLR002C	3074
YLR003C	1266
YLR004C	1158
YLR005W	2604
YLR006C	3382
YLR007W	2860
YLR008C	1348
YLR009W	2790
YLR010C	343
YLR011W	324
YLR012C	16
YLR013W	7
YLR014C	3458
YLR015W	1769
YLR016C	1429
YLR017W	5150
YLR018C	2489
YLR019W	2887
YLR020C	4361
YLR021W	818
YLR022C	1559
YLR023C	3857
YLR024C	5396
YLR025W	1006
YLR026C	2539
YLR027C	19599
YLR028C	12024
YLR029C	31210
YLR030W	866
YLR031W	732
YLR032W	5679
YLR033W	2174
YLR034C	7847
YLR035C	1750
YLR035C-A	27
YLR036C	256
YLR037C	326
YLR038C	1051
YLR039C	3545
YLR040C	740
YLR041W	131
YLR042C	522
YLR043C	3032
YLR044C	405992
YLR045C	4852
YLR046C	3100
YLR047C	6035
YLR048W	42627
YLR049C	2222
YLR050C	2328
YLR051C	1544
YLR052W	1901
YLR053C	117
YLR054C	539
YLR055C	2721
YLR056W	28394
YLR057W	5543
YLR058C	13329
YLR059C	1263
YLR060W	13884
YLR061W	10918
YLR062C	8
YLR063W	1113
YLR064W	5479
YLR065C	1267
YLR066W	2333
YLR067C	2669
YLR068W	390
YLR069C	6591
YLR070C	465
YLR071C	5585
YLR072W	2864
YLR073C	1502
YLR074C	1398
YLR075W	59519
YLR076C	3
YLR077W	3515
YLR078C	1737
YLR079W	2716
YLR080W	1101
YLR081W	238
YLR082C	987
YLR083C	12011
YLR084C	19837
YLR085C	1644
YLR086W	6334
YLR087C	14959
YLR088W	6464
YLR089C	7368
YLR090W	2385
YLR091W	548
YLR092W	2077
YLR093C	2221
YLR094C	2985
YLR095C	3199
YLR096W	7040
YLR097C	2026
YLR098C	3231
YLR099C	4006
YLR099W-A	639
YLR100W	8896
YLR101C	176
YLR102C	336
YLR103C	3452
YLR104W	2526
YLR105C	1612
YLR106C	28892
YLR107W	3507
YLR108C	2120
YLR109W	56314
YLR110C	160269
YLR111W	8
YLR112W	220
YLR113W	9674
YLR114C	2340
YLR115W	3928
YLR116W	2921
YLR117C	1921
YLR118C	2919
YLR119W	372
YLR120C	32177
YLR120W-A	17
YLR121C	28318
YLR122C	42
YLR123C	64
YLR124W	29
YLR125W	466
YLR126C	782
YLR127C	2885
YLR128W	678
YLR129W	6681
YLR130C	3412
YLR131C	1662
YLR132C	1005
YLR133W	3751
YLR134W	2456
YLR135W	1948
YLR136C	3883
YLR137W	1149
YLR138W	8811
YLR139C	1094
YLR140W	3
YLR141W	402
YLR142W	3206
YLR143W	2536
YLR144C	7964
YLR145W	494
YLR146C	1488
YLR146W-A	281
YLR147C	694
YLR148W	3098
YLR149C	2757
YLR149C-A	0
YLR150W	26725
YLR151C	779
YLR152C	4414
YLR153C	22473
YLR154C	562
YLR154C-G	0
YLR154C-H	0
YLR154W-A	0
YLR154W-B	0
YLR154W-C	0
YLR154W-E	0
YLR154W-F	0
YLR155C	0
YLR156C-A	0
YLR156W	0
YLR157C	0
YLR157C-A	0
YLR157C-B	29
YLR157C-C	0
YLR157W-D	0
YLR157W-E	0
YLR158C	0
YLR159C-A	0
YLR159W	0
YLR160C	0
YLR161W	0
YLR162W	13
YLR162W-A	59
YLR163C	5186
YLR163W-A	1
YLR164W	399
YLR165C	621
YLR166C	5487
YLR167W	32372
YLR168C	1367
YLR169W	2
YLR170C	343
YLR171W	48
YLR172C	2951
YLR173W	2653
YLR174W	1187
YLR175W	6646
YLR176C	2532
YLR177W	2908
YLR178C	11508
YLR179C	4466
YLR180W	4045
YLR181C	1411
YLR182W	2027
YLR183C	4330
YLR184W	3
YLR185W	8578
YLR186W	2958
YLR187W	3656
YLR188W	4771
YLR189C	5134
YLR190W	7154
YLR191W	1568
YLR192C	4446
YLR193C	971
YLR194C	10209
YLR195C	3007
YLR196W	4825
YLR197W	9305
YLR198C	105
YLR199C	2674
YLR200W	585
YLR201C	3066
YLR202C	706
YLR203C	8006
YLR204W	1334
YLR205C	1025
YLR206W	3300
YLR207W	5425
YLR208W	6677
YLR209C	2748
YLR210W	1057
YLR211C	313
YLR212C	2394
YLR213C	838
YLR214W	19411
YLR215C	1002
YLR216C	39380
YLR217W	1
YLR218C	350
YLR219W	5578
YLR220W	3075
YLR221C	1542
YLR222C	7067
YLR222C-A	107
YLR223C	7115
YLR224W	4821
YLR225C	4149
YLR226W	2316
YLR227C	1577
YLR227W-A	0
YLR227W-B	6122
YLR228C	1915
YLR229C	5225
YLR230W	12
YLR231C	3018
YLR232W	15
YLR233C	2322
YLR234W	1847
YLR235C	20
YLR236C	18
YLR237W	11766
YLR238W	1133
YLR239C	1307
YLR240W	3899
YLR241W	10865
YLR242C	1004
YLR243W	1684
YLR244C	11937
YLR245C	888
YLR246W	1391
YLR247C	10982
YLR248W	15422
YLR249W	183745
YLR250W	3168
YLR251W	2629
YLR252W	1048
YLR253W	3982
YLR254C	518
YLR255C	28
YLR256W	10880
YLR256W-A	64
YLR257W	16862
YLR258W	11296
YLR259C	174030
YLR260W	3909
YLR261C	195
YLR262C	395
YLR262C-A	1594
YLR263W	1361
YLR264C-A	2
YLR264W	3475
YLR265C	1987
YLR266C	2206
YLR267W	2249
YLR268W	1307
YLR269C	4
YLR270W	7502
YLR271W	951
YLR272C	6350
YLR273C	1700
YLR274W	3094
YLR275W	785
YLR276C	4690
YLR277C	3445
YLR278C	6158
YLR279W	18
YLR280C	10
YLR281C	3
YLR282C	6
YLR283W	1333
YLR284C	707
YLR285C-A	277
YLR285W	1252
YLR286C	14709
YLR286W-A	36
YLR287C	2906
YLR287C-A	13522
YLR288C	1495
YLR289W	1693
YLR290C	1521
YLR291C	4073
YLR292C	2334
YLR293C	18315
YLR294C	1680
YLR295C	2431
YLR296W	9
YLR297W	4570
YLR298C	661
YLR299C-A	5
YLR299W	4490
YLR300W	48500
YLR301W	4563
YLR302C	31
YLR303W	2289
YLR304C	49873
YLR305C	15393
YLR306W	298
YLR307C-A	64
YLR307W	262
YLR308W	37
YLR309C	3888
YLR310C	11056
YLR311C	105
YLR312C	701
YLR312W-A	1253
YLR313C	2663
YLR314C	6498
YLR315W	327
YLR316C	1003
YLR317W	579
YLR318W	3199
YLR319C	2222
YLR320W	5574
YLR321C	1121
YLR322W	191
YLR323C	909
YLR324W	2779
YLR325C	9559
YLR326W	956
YLR327C	934
YLR328W	1531
YLR329W	409
YLR330W	5967
YLR331C	24
YLR332W	4651
YLR333C	5028
YLR334C	11
YLR335W	6004
YLR336C	4908
YLR337C	2863
YLR338W	71
YLR339C	12
YLR340W	63270
YLR341W	157
YLR342W	166994
YLR342W-A	1058
YLR343W	1207
YLR344W	11699
YLR345W	2383
YLR346C	451
YLR347C	18266
YLR347W-A	9
YLR348C	1559
YLR349W	13
YLR350W	5962
YLR351C	3645
YLR352W	3635
YLR353W	2507
YLR354C	22302
YLR355C	36036
YLR356W	2246
YLR357W	3642
YLR358C	42
YLR359W	8446
YLR360W	1772
YLR361C	5121
YLR361C-A	326
YLR362W	4311
YLR363C	1034
YLR363W-A	688
YLR364C-A	2
YLR364W	218
YLR365W	32
YLR366W	13
YLR367W	10305
YLR368W	4429
YLR369W	3223
YLR370C	4434
YLR371W	12772
YLR372W	18008
YLR373C	6114
YLR374C	170
YLR375W	7798
YLR376C	781
YLR377C	347
YLR378C	21111
YLR379W	14
YLR380W	6455
YLR381W	18008
YLR382C	6498
YLR383W	4182
YLR384C	19739
YLR385C	646
YLR386W	6346
YLR387C	3267
YLR388W	4974
YLR389C	8935
YLR390W	714
YLR390W-A	18167
YLR392C	1241
YLR393W	1070
YLR394W	1524
YLR395C	2163
YLR396C	2616
YLR397C	4090
YLR398C	7543
YLR399C	6459
YLR399W-A	2
YLR400W	33
YLR401C	4108
YLR402W	292
YLR403W	5780
YLR404W	1026
YLR405W	1543
YLR406C	5047
YLR406C-A	38
YLR407W	2940
YLR408C	142
YLR409C	6994
YLR410W	13934
YLR410W-A	0
YLR410W-B	631
YLR411W	275
YLR412C-A	8
YLR412W	1196
YLR413W	10757
YLR414C	14387
YLR415C	50
YLR416C	25
YLR417W	1694
YLR418C	1393
YLR419W	6212
YLR420W	2552
YLR421C	2058
YLR422W	11041
YLR423C	1115
YLR424W	1811
YLR425W	4189
YLR426W	1369
YLR427W	2824
YLR428C	38
YLR429W	6551
YLR430W	16054
YLR431C	1135
YLR432W	15264
YLR433C	2673
YLR434C	31
YLR435W	867
YLR436C	7582
YLR437C	659
YLR437C-A	12
YLR438C-A	351
YLR438W	5174
YLR439W	1564
YLR440C	2513
YLR441C	23641
YLR442C	2693
YLR443W	3382
YLR444C	19
YLR445W	31
YLR446W	918
YLR447C	13160
YLR448W	20158
YLR449W	3581
YLR450W	11500
YLR451W	2323
YLR452C	3977
YLR453C	751
YLR454W	25190
YLR455W	1210
YLR456W	204
YLR457C	1262
YLR458W	4
YLR459W	3433
YLR460C	83
YLR461W	0
YLR462W	12
YLR463C	7
YLR464W	0
YLR465C	3
YLR466C-A	0
YLR466C-B	23
YLR466W	26
YLR467C-A	0
YLR467W	0
YML001W	2703
YML002W	3363
YML003W	1147
YML004C	7245
YML005W	1721
YML006C	2901
YML007C-A	55
YML007W	8325
YML008C	6776
YML009C	937
YML009C-A	12
YML009W-B	289
YML010W	6050
YML011C	1059
YML012C-A	54
YML012W	10644
YML013W	6320
YML014W	975
YML015C	751
YML016C	5512
YML017W	3667
YML018C	5093
YML019W	2185
YML020W	2758
YML021C	2189
YML022W	3222
YML023C	3376
YML024W	17146
YML025C	2849
YML026C	13711
YML027W	7774
YML028W	92889
YML029W	4983
YML030W	546
YML031C-A	1
YML031W	7482
YML032C	2772
YML034C-A	16
YML034W	5175
YML035C	9315
YML036W	578
YML037C	597
YML038C	7749
YML039W	1
YML040W	0
YML041C	1323
YML042W	1834
YML043C	2597
YML045W	0
YML045W-A	0
YML046W	2838
YML047C	49
YML047W-A	8
YML048W	9512
YML049C	8366
YML050W	1139
YML051W	6989
YML052W	4060
YML053C	555
YML054C	2415
YML054C-A	6
YML055W	1820
YML056C	19324
YML057C-A	92
YML057W	3878
YML058W	3453
YML058W-A	426
YML059C	14991
YML060W	1532
YML061C	3704
YML062C	596
YML063W	44987
YML064C	1239
YML065W	2572
YML066C	175
YML067C	5462
YML068W	1370
YML069W	5113
YML070W	24329
YML071C	1434
YML072C	27935
YML073C	14575
YML074C	4487
YML075C	8550
YML076C	2732
YML077W	1225
YML078W	4471
YML079W	1706
YML080W	1980
YML081C-A	2380
YML081W	10148
YML082W	1693
YML083C	46
YML084W	24
YML085C	13448
YML086C	6249
YML087C	919
YML088W	3625
YML089C	27
YML090W	4
YML091C	3537
YML092C	6592
YML093W	3752
YML094C-A	25
YML094W	786
YML095C	721
YML096W	2329
YML097C	2043
YML098W	434
YML099C	4970
YML099W-A	38
YML100W	72479
YML100W-A	47
YML101C	915
YML101C-A	96
YML102W	2302
YML103C	17605
YML104C	6474
YML105C	1788
YML106W	6747
YML107C	1092
YML108W	900
YML109W	4958
YML110C	12061
YML111W	5080
YML112W	873
YML113W	1613
YML114C	2177
YML115C	4876
YML116W	2916
YML116W-A	801
YML117W	13885
YML118W	1633
YML119W	1106
YML120C	2366
YML121W	1281
YML122C	48
YML123C	30125
YML124C	10733
YML125C	4486
YML126C	23676
YML127W	4270
YML128C	22161
YML129C	775
YML130C	20819
YML131W	4059
YML132W	0
YML133C	68
YML133W-A	0
YML133W-B	0
YMR001C	4185
YMR001C-A	25
YMR002W	10943
YMR003W	398
YMR004W	2498
YMR005W	2563
YMR006C	5367
YMR007W	52
YMR008C	20647
YMR009W	1659
YMR010W	4553
YMR011W	5423
YMR012W	28735
YMR013C	2915
YMR013C-A	0
YMR013W-A	0
YMR014W	1509
YMR015C	12060
YMR016C	2501
YMR017W	93
YMR018W	160
YMR019W	4156
YMR020W	4072
YMR021C	2420
YMR022W	3372
YMR023C	2262
YMR024W	4705
YMR025W	342
YMR026C	2070
YMR027W	8534
YMR028W	1942
YMR029C	2480
YMR030W	1065
YMR030W-A	36
YMR031C	6198
YMR031W-A	7
YMR032W	2081
YMR033W	2922
YMR034C	1865
YMR035W	850
YMR036C	1889
YMR037C	6653
YMR038C	1914
YMR039C	1691
YMR040W	1342
YMR041C	1749
YMR042W	358
YMR043W	2697
YMR044W	921
YMR045C	3935
YMR046C	0
YMR046W-A	0
YMR047C	7822
YMR048W	1433
YMR049C	7045
YMR050C	0
YMR051C	0
YMR052C-A	127
YMR052W	578
YMR053C	2502
YMR054W	7427
YMR055C	967
YMR056C	378
YMR057C	25
YMR058W	16639
YMR059W	421
YMR060C	1147
YMR061W	3172
YMR062C	2435
YMR063W	795
YMR064W	3417
YMR065W	959
YMR066W	2510
YMR067C	3146
YMR068W	1398
YMR069W	277
YMR070W	625
YMR071C	3242
YMR072W	4201
YMR073C	933
YMR074C	2674
YMR075C-A	88
YMR075W	3063
YMR076C	10645
YMR077C	721
YMR078C	3306
YMR079W	9589
YMR080C	10714
YMR081C	720
YMR082C	5
YMR083W	33537
YMR084W	542
YMR085W	1199
YMR086C-A	77
YMR086W	6479
YMR087W	1409
YMR088C	5400
YMR089C	8934
YMR090W	3966
YMR091C	1289
YMR092C	13642
YMR093W	5129
YMR094W	1445
YMR095C	373
YMR096W	4644
YMR097C	1789
YMR098C	2865
YMR099C	5899
YMR100W	4827
YMR101C	255
YMR102C	5032
YMR103C	539
YMR104C	2642
YMR105C	25832
YMR105W-A	15
YMR106C	891
YMR107W	232
YMR108W	14647
YMR109W	7731
YMR110C	6982
YMR111C	1590
YMR112C	666
YMR113W	1637
YMR114C	1532
YMR115W	2288
YMR116C	45597
YMR117C	779
YMR118C	248
YMR119W	4719
YMR119W-A	272
YMR120C	6763
YMR121C	2461
YMR122C	9
YMR122W-A	45230
YMR123W	1179
YMR124W	3418
YMR125W	7955
YMR126C	932
YMR127C	1726
YMR128W	6979
YMR129W	12559
YMR130W	1333
YMR131C	7357
YMR132C	294
YMR133W	58
YMR134W	973
YMR135C	1749
YMR135W-A	0
YMR136W	1749
YMR137C	1119
YMR138W	260
YMR139W	2402
YMR140W	3830
YMR141C	33
YMR141W-A	0
YMR142C	20339
YMR143W	11629
YMR144W	1157
YMR145C	12695
YMR146C	7724
YMR147W	783
YMR148W	2008
YMR149W	7037
YMR150C	1236
YMR151W	110
YMR152W	4263
YMR153C-A	345
YMR153W	2634
YMR154C	2293
YMR155W	3091
YMR156C	727
YMR157C	2022
YMR158C-A	158
YMR158W	1165
YMR158W-B	5
YMR159C	354
YMR160W	2616
YMR161W	2037
YMR162C	8645
YMR163C	1430
YMR164C	1585
YMR165C	3637
YMR166C	2019
YMR167W	2917
YMR168C	2585
YMR169C	4181
YMR170C	4502
YMR171C	4643
YMR172C-A	10
YMR172W	1893
YMR173W	6065
YMR173W-A	1846
YMR174C	587
YMR175W	339
YMR175W-A	35
YMR176W	7897
YMR177W	1678
YMR178W	1363
YMR179W	3482
YMR180C	1999
YMR181C	3318
YMR182C	462
YMR182W-A	55
YMR183C	1759
YMR184W	1041
YMR185W	3568
YMR186W	112957
YMR187C	1242
YMR188C	1524
YMR189W	12996
YMR190C	8088
YMR191W	9278
YMR192W	1454
YMR193C-A	7
YMR193W	1171
YMR194C-A	78
YMR194C-B	213
YMR194W	1849
YMR195W	670
YMR196W	30534
YMR197C	2686
YMR198W	1086
YMR199W	10627
YMR200W	8228
YMR201C	1136
YMR202W	11455
YMR203W	14973
YMR204C	613
YMR205C	76267
YMR206W	34
YMR207C	5444
YMR208W	3517
YMR209C	1920
YMR210W	1184
YMR211W	963
YMR212C	5623
YMR213W	1264
YMR214W	3466
YMR215W	9269
YMR216C	9527
YMR217W	17587
YMR218C	4206
YMR219W	5704
YMR220W	3964
YMR221C	5301
YMR222C	1538
YMR223W	2075
YMR224C	1248
YMR225C	810
YMR226C	9936
YMR227C	535
YMR228W	1043
YMR229C	22044
YMR230W	12295
YMR230W-A	30
YMR231W	5056
YMR232W	728
YMR233W	339
YMR234W	1593
YMR235C	4771
YMR236W	1919
YMR237W	9670
YMR238W	5277
YMR239C	1239
YMR240C	851
YMR241W	5316
YMR242C	16322
YMR242W-A	1
YMR243C	9427
YMR244C-A	693
YMR244W	95
YMR245W	31
YMR246W	32910
YMR247C	10373
YMR247W-A	1
YMR250W	14144
YMR251W	137
YMR251W-A	16421
YMR252C	1296
YMR253C	1655
YMR254C	6
YMR255W	1262
YMR256C	912
YMR257C	4038
YMR258C	2679
YMR259C	6225
YMR260C	5924
YMR261C	14625
YMR262W	1262
YMR263W	657
YMR264W	3758
YMR265C	1816
YMR266W	8798
YMR267W	2382
YMR268C	1211
YMR269W	29
YMR270C	1919
YMR271C	923
YMR272C	5720
YMR272W-A	0
YMR272W-B	1
YMR273C	3383
YMR274C	491
YMR275C	8148
YMR276W	4246
YMR277W	3747
YMR278W	6441
YMR279C	355
YMR280C	1933
YMR281W	968
YMR282C	1725
YMR283C	1481
YMR284W	2109
YMR285C	1599
YMR286W	1259
YMR287C	3544
YMR288W	2799
YMR289W	2943
YMR290C	6805
YMR290W-A	0
YMR291W	2794
YMR292W	1555
YMR293C	1056
YMR294W	829
YMR294W-A	17
YMR295C	7927
YMR296C	10518
YMR297W	49835
YMR298W	2825
YMR299C	1640
YMR300C	2902
YMR301C	2903
YMR302C	6143
YMR303C	2406
YMR304C-A	4771
YMR304W	10892
YMR305C	68076
YMR306C-A	19
YMR306W	5502
YMR307C-A	1
YMR307W	148557
YMR308C	16769
YMR309C	17173
YMR310C	1903
YMR311C	2137
YMR312W	1092
YMR313C	4380
YMR314W	4851
YMR315W	6896
YMR315W-A	13
YMR316C-A	37
YMR316C-B	335
YMR316W	3880
YMR317W	1262
YMR318C	18650
YMR319C	9769
YMR320W	553
YMR321C	1
YMR322C	2
YMR323W	6
YMR324C	0
YMR325W	0
YMR326C	0
YNL001W	1624
YNL002C	3043
YNL003C	1296
YNL004W	2848
YNL005C	3230
YNL006W	2450
YNL007C	11376
YNL008C	3420
YNL009W	673
YNL010W	3571
YNL011C	1668
YNL012W	1891
YNL013C	1
YNL014W	3703
YNL015W	6010
YNL016W	8842
YNL017C	8
YNL018C	52
YNL019C	12
YNL020C	2621
YNL021W	3313
YNL022C	2629
YNL023C	5451
YNL024C	278
YNL024C-A	1313
YNL025C	2677
YNL026W	4238
YNL027W	2799
YNL028W	4
YNL029C	1158
YNL030W	7122
YNL031C	17294
YNL032W	1292
YNL033W	30
YNL034W	37
YNL035C	2461
YNL036W	1746
YNL037C	10307
YNL038W	1344
YNL039W	2679
YNL040W	3419
YNL041C	4039
YNL042W	1060
YNL042W-B	51
YNL043C	36
YNL044W	3358
YNL045W	12729
YNL046W	1454
YNL047C	2110
YNL048W	3130
YNL049C	7743
YNL050C	1225
YNL051W	1086
YNL052W	2992
YNL053W	2194
YNL054W	4900
YNL054W-A	0
YNL054W-B	5252
YNL055C	44585
YNL056W	773
YNL057W	125
YNL058C	2063
YNL059C	3273
YNL061W	5879
YNL062C	2721
YNL063W	1150
YNL064C	14851
YNL065W	11515
YNL066W	8087
YNL067W	6673
YNL067W-A	8
YNL067W-B	2
YNL068C	3769
YNL069C	32701
YNL070W	3450
YNL071W	15613
YNL072W	1343
YNL073W	4887
YNL074C	5929
YNL075W	2193
YNL076W	3311
YNL077W	1684
YNL078W	1368
YNL079C	9617
YNL080C	2190
YNL081C	1083
YNL082W	3299
YNL083W	1201
YNL084C	2285
YNL085W	18109
YNL086W	251
YNL087W	9035
YNL088W	17844
YNL089C	99
YNL090W	1698
YNL091W	7653
YNL092W	825
YNL093W	402
YNL094W	9234
YNL095C	3790
YNL096C	5220
YNL097C	629
YNL097C-B	29
YNL097W-A	123
YNL098C	4497
YNL099C	1457
YNL100W	1485
YNL101W	12151
YNL102W	13683
YNL103W	5521
YNL103W-A	7
YNL104C	19409
YNL105W	9
YNL106C	3006
YNL107W	725
YNL108C	1578
YNL109W	183
YNL110C	1700
YNL111C	1997
YNL112W	10149
YNL113W	1683
YNL114C	243
YNL115C	4381
YNL116W	1953
YNL117W	912
YNL118C	5925
YNL119W	2788
YNL120C	9
YNL121C	10187
YNL122C	759
YNL123W	12591
YNL124W	2719
YNL125C	4616
YNL126W	3126
YNL127W	3842
YNL128W	548
YNL129W	644
YNL130C	10562
YNL130C-A	100
YNL131W	5913
YNL132W	7151
YNL133C	438
YNL134C	4327
YNL135C	10074
YNL136W	518
YNL137C	5145
YNL138W	5535
YNL138W-A	331
YNL139C	9411
YNL140C	179
YNL141W	7318
YNL142W	1677
YNL143C	122
YNL144C	599
YNL144W-A	5
YNL145W	570
YNL146C-A	75
YNL146W	76
YNL147W	1005
YNL148C	372
YNL149C	2139
YNL150W	11
YNL151C	495
YNL152W	1458
YNL153C	1092
YNL154C	3840
YNL155W	4384
YNL156C	4438
YNL157W	4331
YNL158W	1651
YNL159C	2443
YNL160W	87411
YNL161W	4843
YNL162W	6841
YNL162W-A	167
YNL163C	6646
YNL164C	1498
YNL165W	2140
YNL166C	2848
YNL167C	4193
YNL168C	2101
YNL169C	3813
YNL170W	763
YNL171C	15
YNL172W	8879
YNL173C	1152
YNL174W	5
YNL175C	1791
YNL176C	3000
YNL177C	2463
YNL178W	25513
YNL179C	144
YNL180C	1965
YNL181W	3257
YNL182C	4269
YNL183C	3418
YNL184C	129
YNL185C	2468
YNL186W	4766
YNL187W	1520
YNL188W	1130
YNL189W	13360
YNL190W	23556
YNL191W	1503
YNL192W	20513
YNL193W	917
YNL194C	1190
YNL195C	1583
YNL196C	148
YNL197C	6199
YNL198C	56
YNL199C	2760
YNL200C	3245
YNL201C	6494
YNL202W	1134
YNL203C	448
YNL204C	652
YNL205C	95
YNL206C	2395
YNL207W	3228
YNL208W	22767
YNL209W	49084
YNL210W	32
YNL211C	335
YNL212W	3087
YNL213C	1056
YNL214W	405
YNL215W	265
YNL216W	4190
YNL217W	3247
YNL218W	1958
YNL219C	10914
YNL220W	10767
YNL221C	6435
YNL222W	303
YNL223W	1284
YNL224C	2637
YNL225C	1636
YNL226W	60
YNL227C	1277
YNL228W	92
YNL229C	1967
YNL230C	1329
YNL231C	3174
YNL232W	2715
YNL233W	6466
YNL234W	3554
YNL235C	55
YNL236W	5179
YNL237W	1824
YNL238W	7941
YNL239W	11443
YNL240C	1038
YNL241C	9448
YNL242W	6550
YNL243W	15359
YNL244C	9448
YNL245C	830
YNL246W	2184
YNL247W	7483
YNL248C	6005
YNL249C	955
YNL250W	3992
YNL251C	5993
YNL252C	1526
YNL253W	1162
YNL254C	1431
YNL255C	5824
YNL256W	5462
YNL257C	4352
YNL258C	2583
YNL259C	426
YNL260C	810
YNL261W	3023
YNL262W	17594
YNL263C	7613
YNL264C	2175
YNL265C	1317
YNL266W	18
YNL267W	6890
YNL268W	4500
YNL269W	45
YNL270C	527
YNL271C	12794
YNL272C	3873
YNL273W	5298
YNL274C	3922
YNL275W	2179
YNL276C	194
YNL277W	361
YNL277W-A	67
YNL278W	3255
YNL279W	394
YNL280C	5153
YNL281W	9192
YNL282W	632
YNL283C	7149
YNL284C	2239
YNL284C-A	0
YNL284C-B	2292
YNL285W	24
YNL286W	1021
YNL287W	20625
YNL288W	3108
YNL289W	8116
YNL290W	2091
YNL291C	7056
YNL292W	1715
YNL293W	1205
YNL294C	3990
YNL295W	1794
YNL296W	3
YNL297C	12769
YNL298W	4582
YNL299W	2513
YNL300W	3944
YNL301C	3779
YNL302C	9767
YNL303W	323
YNL304W	980
YNL305C	6008
YNL306W	3321
YNL307C	7102
YNL308C	2089
YNL309W	1480
YNL310C	748
YNL311C	1755
YNL312W	4400
YNL313C	7359
YNL314W	690
YNL315C	2587
YNL316C	740
YNL317W	1798
YNL318C	117
YNL319W	130
YNL320W	2123
YNL321W	5352
YNL322C	13994
YNL323W	4054
YNL324W	28
YNL325C	3138
YNL326C	1886
YNL327W	8138
YNL328C	236
YNL329C	5983
YNL330C	3105
YNL331C	1237
YNL332W	75
YNL333W	231
YNL334C	96
YNL335W	3
YNL336W	604
YNL337W	0
YNL338W	2
YNL339C	0
YNL339W-A	0
YNL339W-B	0
YNR001C	9702
YNR001W-A	0
YNR002C	406
YNR003C	1083
YNR003W-A	1
YNR004W	277
YNR005C	13
YNR006W	2410
YNR007C	1564
YNR008W	2921
YNR009W	1018
YNR010W	396
YNR011C	2998
YNR012W	2697
YNR013C	6063
YNR014W	725
YNR015W	1313
YNR016C	167417
YNR017W	3106
YNR018W	4194
YNR019W	14175
YNR020C	629
YNR021W	7011
YNR022C	1449
YNR023W	1870
YNR024W	435
YNR025C	182
YNR026C	2394
YNR027W	1576
YNR028W	2819
YNR029C	2004
YNR030W	13573
YNR031C	6874
YNR032C-A	263
YNR032W	2719
YNR033W	7007
YNR034W	553
YNR034W-A	2343
YNR035C	5714
YNR036C	2770
YNR037C	1396
YNR038W	4916
YNR039C	2865
YNR040W	1390
YNR041C	1487
YNR042W	23
YNR043W	8513
YNR044W	971
YNR045W	1395
YNR046W	1686
YNR047W	8119
YNR048W	1738
YNR049C	1066
YNR050C	5357
YNR051C	4897
YNR052C	3706
YNR053C	9350
YNR054C	1180
YNR055C	6381
YNR056C	166
YNR057C	247
YNR058W	762
YNR059W	2817
YNR060W	946
YNR061C	1970
YNR062C	800
YNR063W	1752
YNR064C	270
YNR065C	3883
YNR066C	1037
YNR067C	8834
YNR068C	1321
YNR069C	1922
YNR070W	922
YNR071C	49
YNR072W	16
YNR073C	50
YNR074C	1072
YNR075C-A	0
YNR075W	1376
YNR076W	0
YNR077C	0
YOL001W	1353
YOL002C	3014
YOL003C	2477
YOL004W	18325
YOL005C	1480
YOL006C	5705
YOL007C	7815
YOL008W	781
YOL009C	1472
YOL010W	3788
YOL011W	31519
YOL012C	1085
YOL013C	4816
YOL013W-A	409
YOL013W-B	3
YOL014W	542
YOL015W	817
YOL016C	8721
YOL017W	2473
YOL018C	1400
YOL019W	6123
YOL019W-A	7
YOL020W	6870
YOL021C	9272
YOL022C	3401
YOL023W	2510
YOL024W	116
YOL025W	2323
YOL026C	538
YOL027C	3542
YOL028C	1074
YOL029C	1208
YOL030W	11995
YOL031C	4448
YOL032W	827
YOL033W	2107
YOL034W	4005
YOL035C	23
YOL036W	11464
YOL037C	17
YOL038C-A	511
YOL038W	9009
YOL039W	17345
YOL040C	51004
YOL041C	3869
YOL042W	1360
YOL043C	1100
YOL044W	804
YOL045W	6562
YOL046C	11
YOL047C	1563
YOL048C	1823
YOL049W	4539
YOL050C	7
YOL051W	4396
YOL052C	1730
YOL052C-A	5843
YOL053W	823
YOL054W	1508
YOL055C	3255
YOL056W	1225
YOL057W	6464
YOL058W	16198
YOL059W	6834
YOL060C	6568
YOL061W	9044
YOL062C	5396
YOL063C	5804
YOL064C	3036
YOL065C	959
YOL066C	2555
YOL067C	1424
YOL068C	4697
YOL069W	1365
YOL070C	3211
YOL071W	1605
YOL072W	1831
YOL073C	2386
YOL075C	6031
YOL076W	4654
YOL077C	3791
YOL077W-A	2242
YOL078W	3911
YOL079W	16
YOL080C	1321
YOL081W	43331
YOL082W	2741
YOL083C-A	12
YOL083W	1939
YOL084W	2595
YOL085C	8
YOL085W-A	243
YOL086C	368137
YOL086W-A	945
YOL087C	6659
YOL088C	1975
YOL089C	3817
YOL090W	8926
YOL091W	580
YOL092W	4327
YOL093W	850
YOL094C	1425
YOL095C	1257
YOL096C	969
YOL097C	4163
YOL097W-A	96
YOL098C	12427
YOL099C	72
YOL100W	5363
YOL101C	1010
YOL102C	950
YOL103W	7039
YOL103W-A	0
YOL103W-B	98
YOL104C	5716
YOL105C	1776
YOL106W	148
YOL107W	1282
YOL108C	435
YOL109W	12411
YOL110W	1126
YOL111C	1724
YOL112W	2113
YOL113W	2458
YOL114C	113
YOL115W	1534
YOL116W	1325
YOL117W	1171
YOL118C	34
YOL119C	1490
YOL120C	23249
YOL121C	6766
YOL122C	10541
YOL123W	6342
YOL124C	2756
YOL125W	1745
YOL126C	2942
YOL127W	29268
YOL128C	1789
YOL129W	6591
YOL130W	7902
YOL131W	98
YOL132W	331
YOL133W	924
YOL134C	8
YOL135C	456
YOL136C	6377
YOL137W	2597
YOL138C	3876
YOL139C	12724
YOL140W	4063
YOL141W	2187
YOL142W	2481
YOL143C	2417
YOL144W	1138
YOL145C	5198
YOL146W	927
YOL147C	1068
YOL148C	2027
YOL149W	972
YOL150C	114
YOL151W	3358
YOL152W	8522
YOL153C	1338
YOL154W	633
YOL155C	4973
YOL155W-A	0
YOL156W	33
YOL157C	273
YOL158C	3601
YOL159C	769
YOL159C-A	664
YOL160W	40
YOL161C	0
YOL162W	310
YOL163W	322
YOL164W	1817
YOL164W-A	15
YOL165C	46
YOL166C	1
YOL166W-A	0
YOR001W	4007
YOR002W	7546
YOR003W	4677
YOR004W	1045
YOR005C	2849
YOR006C	899
YOR007C	20083
YOR008C	7385
YOR008C-A	20
YOR008W-B	70
YOR009W	695
YOR010C	581
YOR011W	5165
YOR011W-A	1
YOR012W	203
YOR013W	185
YOR014W	13833
YOR015W	1634
YOR016C	3252
YOR017W	3252
YOR018W	5319
YOR019W	1226
YOR020C	17614
YOR020W-A	1955
YOR021C	3098
YOR022C	1659
YOR023C	4022
YOR024W	36
YOR025W	2351
YOR026W	2304
YOR027W	24206
YOR028C	434
YOR029W	1
YOR030W	4571
YOR031W	563
YOR032C	597
YOR032W-A	14
YOR033C	8766
YOR034C	5519
YOR034C-A	577
YOR035C	4863
YOR036W	2042
YOR037W	1468
YOR038C	2535
YOR039W	4436
YOR040W	1251
YOR041C	25
YOR042W	4251
YOR043W	4006
YOR044W	1368
YOR045W	969
YOR046C	6660
YOR047C	2552
YOR048C	7629
YOR049C	260
YOR050C	21
YOR051C	2326
YOR052C	7161
YOR053W	73
YOR054C	2507
YOR055W	20
YOR056C	2871
YOR057W	2816
YOR058C	3534
YOR059C	4285
YOR060C	1651
YOR061W	3167
YOR062C	1741
YOR063W	74341
YOR064C	853
YOR065W	3774
YOR066W	5066
YOR067C	4829
YOR068C	8
YOR069W	3139
YOR070C	3115
YOR071C	2117
YOR072W	102
YOR072W-A	121
YOR072W-B	1
YOR073W	993
YOR073W-A	0
YOR074C	3104
YOR075W	1478
YOR076C	2245
YOR077W	504
YOR078W	1929
YOR079C	1043
YOR080W	2179
YOR081C	6744
YOR082C	15
YOR083W	115
YOR084W	695
YOR085W	9611
YOR086C	16546
YOR087W	3372
YOR089C	2487
YOR090C	3603
YOR091W	2290
YOR092W	6289
YOR093C	5374
YOR094W	814
YOR095C	1413
YOR096W	17894
YOR097C	1002
YOR098C	13163
YOR099W	25301
YOR100C	447
YOR101W	958
YOR102W	38
YOR103C	4228
YOR104W	832
YOR105W	188
YOR106W	823
YOR107W	1435
YOR108C-A	48
YOR108W	6317
YOR109W	8556
YOR110W	2252
YOR111W	555
YOR112W	4491
YOR113W	3378
YOR114W	867
YOR115C	2039
YOR116C	16852
YOR117W	7824
YOR118W	2679
YOR119C	2288
YOR120W	5489
YOR121C	289
YOR122C	10056
YOR123C	1037
YOR124C	11067
YOR125C	951
YOR126C	1009
YOR127W	9111
YOR128C	4084
YOR129C	2766
YOR130C	757
YOR131C	1377
YOR132W	3745
YOR133W	4489
YOR134W	1525
YOR135C	5
YOR136W	19206
YOR137C	2737
YOR138C	4175
YOR139C	12
YOR140W	1880
YOR141C	4590
YOR142W	11548
YOR142W-A	0
YOR142W-B	0
YOR143C	1032
YOR144C	3676
YOR145C	4546
YOR146W	9
YOR147W	3088
YOR148C	838
YOR149C	3502
YOR150W	2712
YOR151C	27922
YOR152C	2010
YOR153W	54963
YOR154W	2847
YOR155C	2584
YOR156C	2493
YOR157C	5158
YOR158W	2290
YOR159C	464
YOR160W	5310
YOR161C	2863
YOR161C-C	23
YOR161W-A	52
YOR161W-B	89
YOR162C	3256
YOR163W	1317
YOR164C	3701
YOR165W	6275
YOR166C	2642
YOR167C	18233
YOR168W	15161
YOR169C	15
YOR170W	3
YOR171C	3785
YOR172W	3623
YOR173W	3127
YOR174W	1243
YOR175C	7086
YOR176W	9183
YOR177C	761
YOR178C	2784
YOR179C	205
YOR180C	499
YOR181W	672
YOR182C	3044
YOR183W	48
YOR184W	7640
YOR185C	5753
YOR186C-A	39
YOR186W	91
YOR187W	16921
YOR188W	3644
YOR189W	465
YOR190W	534
YOR191W	9428
YOR192C	768
YOR192C-A	0
YOR192C-B	204
YOR192C-C	49
YOR193W	1484
YOR194C	573
YOR195W	3873
YOR196C	3177
YOR197W	10387
YOR198C	14827
YOR199W	15
YOR200W	66
YOR201C	1793
YOR202W	1463
YOR203W	338
YOR204W	36361
YOR205C	3475
YOR206W	6242
YOR207C	10324
YOR208W	6230
YOR209C	8007
YOR210W	1173
YOR211C	4886
YOR212W	2267
YOR213C	1495
YOR214C	43
YOR215C	2202
YOR216C	2154
YOR217W	4827
YOR218C	6
YOR219C	6036
YOR220W	6127
YOR221C	3217
YOR222W	2822
YOR223W	656
YOR224C	3892
YOR225W	1
YOR226C	3175
YOR227W	11604
YOR228C	1018
YOR229W	1640
YOR230W	38163
YOR231C-A	28
YOR231W	3024
YOR232W	4430
YOR233W	5402
YOR234C	9804
YOR235W	27
YOR236W	578
YOR237W	1589
YOR238W	1093
YOR239W	4315
YOR241W	2506
YOR242C	520
YOR243C	4535
YOR244W	2172
YOR245C	5413
YOR246C	3236
YOR247W	4452
YOR248W	329
YOR249C	1991
YOR250C	1936
YOR251C	2547
YOR252W	970
YOR253W	1310
YOR254C	13187
YOR255W	39
YOR256C	6871
YOR257W	472
YOR258W	482
YOR259C	6393
YOR260W	7090
YOR261C	4793
YOR262W	1575
YOR263C	3
YOR264W	1546
YOR265W	1129
YOR266W	1420
YOR267C	3103
YOR268C	0
YOR269W	2058
YOR270C	36831
YOR271C	3318
YOR272W	4267
YOR273C	7084
YOR274W	1931
YOR275C	5135
YOR276W	4530
YOR277C	85
YOR278W	914
YOR279C	751
YOR280C	1045
YOR281C	2015
YOR282W	0
YOR283W	2549
YOR284W	389
YOR285W	6982
YOR286W	2769
YOR287C	611
YOR288C	2774
YOR289W	1645
YOR290C	9660
YOR291W	7881
YOR292C	4378
YOR293C-A	6
YOR293W	17200
YOR294W	2559
YOR295W	531
YOR296W	3268
YOR297C	1527
YOR298C-A	9531
YOR298W	295
YOR299W	5233
YOR300W	180
YOR301W	1513
YOR302W	1991
YOR303W	23894
YOR304C-A	718
YOR304W	5528
YOR305W	2195
YOR306C	13747
YOR307C	4046
YOR308C	1887
YOR309C	732
YOR310C	6961
YOR311C	3367
YOR312C	17923
YOR313C	214
YOR314W	2
YOR314W-A	2
YOR315W	2201
YOR316C	3341
YOR316C-A	23
YOR317W	17395
YOR318C	128
YOR319W	879
YOR320C	6535
YOR321W	10178
YOR322C	5680
YOR323C	7199
YOR324C	3144
YOR325W	17
YOR326W	18895
YOR327C	1473
YOR328W	11128
YOR329C	4602
YOR329W-A	125
YOR330C	6747
YOR331C	11
YOR332W	20002
YOR333C	116
YOR334W	2457
YOR335C	23763
YOR335W-A	1
YOR336W	13309
YOR337W	9109
YOR338W	6728
YOR339C	40
YOR340C	2418
YOR341W	28616
YOR342C	1874
YOR343C	78
YOR343W-A	1
YOR343W-B	1252
YOR344C	2872
YOR345C	37
YOR346W	3171
YOR347C	4135
YOR348C	630
YOR349W	3165
YOR350C	3347
YOR351C	478
YOR352W	895
YOR353C	2455
YOR354C	5680
YOR355W	8490
YOR356W	2648
YOR357C	1776
YOR358W	610
YOR359W	2771
YOR360C	8961
YOR361C	11595
YOR362C	6435
YOR363C	5523
YOR364W	106
YOR365C	158
YOR366W	194
YOR367W	1275
YOR368W	1505
YOR369C	25429
YOR370C	10799
YOR371C	5113
YOR372C	4478
YOR373W	2880
YOR374W	30042
YOR375C	19587
YOR376W	2
YOR376W-A	471
YOR377W	4026
YOR378W	1070
YOR379C	226
YOR380W	1118
YOR381W	2712
YOR381W-A	42
YOR382W	3436
YOR383C	7805
YOR384W	345
YOR385W	7247
YOR386W	1992
YOR387C	50
YOR388C	7
YOR389W	576
YOR390W	145
YOR391C	3
YOR392W	0
YOR393W	0
YOR394C-A	4
YOR394W	0
YOR396C-A	0
YOR396W	0
YPL001W	1601
YPL002C	1243
YPL003W	1579
YPL004C	7085
YPL005W	1480
YPL006W	15964
YPL007C	2534
YPL008W	3209
YPL009C	3825
YPL010W	3991
YPL011C	2096
YPL012W	13830
YPL013C	642
YPL014W	6177
YPL015C	4094
YPL016W	4136
YPL017C	1408
YPL018W	1142
YPL019C	11904
YPL020C	2889
YPL021W	13
YPL022W	6249
YPL023C	4655
YPL024W	1415
YPL025C	132
YPL026C	5748
YPL027W	41
YPL028W	13353
YPL029W	3555
YPL030W	3095
YPL031C	2430
YPL032C	7616
YPL033C	121
YPL034W	913
YPL035C	14
YPL036W	5357
YPL037C	11120
YPL038W	746
YPL038W-A	38
YPL039W	710
YPL040C	3328
YPL041C	886
YPL042C	2330
YPL043W	3607
YPL044C	150
YPL045W	3846
YPL046C	241
YPL047W	1171
YPL048W	7405
YPL049C	1768
YPL050C	8768
YPL051W	789
YPL052W	725
YPL053C	2854
YPL054W	288
YPL055C	755
YPL056C	166
YPL057C	7457
YPL058C	7069
YPL059W	2375
YPL060C-A	85
YPL060W	949
YPL061W	38485
YPL062W	14
YPL063W	3654
YPL064C	1339
YPL065W	392
YPL066W	5382
YPL067C	1658
YPL068C	1174
YPL069C	869
YPL070W	2552
YPL071C	1200
YPL072W	1652
YPL073C	79
YPL074W	1817
YPL075W	10924
YPL076W	828
YPL077C	400
YPL078C	4661
YPL079W	10488
YPL080C	6
YPL081W	3350
YPL082C	20766
YPL083C	1680
YPL084W	5416
YPL085W	15101
YPL086C	3914
YPL087W	8551
YPL088W	1509
YPL089C	2936
YPL090C	5509
YPL091W	5841
YPL092W	8823
YPL093W	16816
YPL094C	5226
YPL095C	1921
YPL096C-A	475
YPL096W	956
YPL097W	2546
YPL098C	2123
YPL099C	487
YPL100W	2143
YPL101W	2845
YPL102C	53
YPL103C	1939
YPL104W	3828
YPL105C	4772
YPL106C	85528
YPL107W	1081
YPL108W	210
YPL109C	1842
YPL110C	5622
YPL111W	10018
YPL112C	1774
YPL113C	252
YPL114W	331
YPL115C	7550
YPL116W	2441
YPL117C	4545
YPL118W	4439
YPL119C	2536
YPL119C-A	587
YPL120W	1264
YPL121C	39
YPL122C	1640
YPL123C	2275
YPL124W	861
YPL125W	9035
YPL126W	11505
YPL127C	2262
YPL128C	4425
YPL129W	2639
YPL130W	168
YPL131W	53437
YPL132W	1493
YPL133C	1574
YPL134C	1239
YPL135C-A	3
YPL135W	5204
YPL136W	68
YPL137C	17766
YPL138C	1397
YPL139C	994
YPL140C	1709
YPL141C	2714
YPL142C	2
YPL143W	15628
YPL144W	384
YPL145C	12583
YPL146C	2417
YPL147W	1523
YPL148C	664
YPL149W	2446
YPL150W	6289
YPL151C	2010
YPL152W	2456
YPL152W-A	31
YPL153C	4556
YPL154C	79644
YPL155C	2874
YPL156C	1136
YPL157W	1305
YPL158C	3826
YPL159C	3715
YPL160W	23733
YPL161C	1955
YPL162C	1201
YPL163C	11782
YPL164C	2728
YPL165C	226
YPL166W	966
YPL167C	4242
YPL168W	1374
YPL169C	4092
YPL170W	967
YPL171C	340
YPL172C	2695
YPL173W	1914
YPL174C	3123
YPL175W	1476
YPL176C	4533
YPL177C	4678
YPL178W	1631
YPL179W	11633
YPL180W	2344
YPL181W	2002
YPL182C	16
YPL183C	7521
YPL183W-A	1767
YPL184C	5195
YPL185W	53
YPL186C	955
YPL187W	93
YPL188W	1713
YPL189C-A	472
YPL189W	411
YPL190C	5385
YPL191C	635
YPL192C	102
YPL193W	2064
YPL194W	2012
YPL195W	5740
YPL196W	1115
YPL197C	22
YPL198W	2975
YPL199C	1203
YPL200W	25
YPL201C	150
YPL202C	2560
YPL203W	4868
YPL204W	5255
YPL205C	44
YPL206C	3885
YPL207W	6130
YPL208W	3192
YPL209C	737
YPL210C	3925
YPL211W	1841
YPL212C	3331
YPL213W	1180
YPL214C	3001
YPL215W	2616
YPL216W	2605
YPL217C	5133
YPL218W	10938
YPL219W	1933
YPL220W	3755
YPL221W	32580
YPL222C-A	520
YPL222W	4074
YPL223C	1760
YPL224C	2840
YPL225W	8641
YPL226W	30848
YPL227C	2922
YPL228W	2294
YPL229W	892
YPL230W	594
YPL231W	161439
YPL232W	4435
YPL233W	1018
YPL234C	2760
YPL235W	4496
YPL236C	1809
YPL237W	6972
YPL238C	30
YPL239W	2700
YPL240C	126303
YPL241C	518
YPL242C	9262
YPL243W	4958
YPL244C	3224
YPL245W	3414
YPL246C	5439
YPL247C	2115
YPL248C	1835
YPL249C	4530
YPL249C-A	10608
YPL250C	985
YPL250W-A	48
YPL251W	8
YPL252C	934
YPL253C	994
YPL254W	1866
YPL255W	1299
YPL256C	23744
YPL257W	453
YPL257W-A	0
YPL257W-B	0
YPL258C	2175
YPL259C	2078
YPL260W	6153
YPL261C	14
YPL262W	12642
YPL263C	2637
YPL264C	178
YPL265W	8970
YPL266W	1916
YPL267W	1260
YPL268W	3197
YPL269W	1342
YPL270W	5258
YPL271W	2727
YPL272C	1583
YPL273W	3591
YPL274W	406
YPL275W	0
YPL276W	0
YPL277C	646
YPL278C	164
YPL279C	205
YPL280W	0
YPL281C	0
YPL282C	0
YPL283C	0
YPL283W-A	0
YPL283W-B	0
YPR001W	832
YPR002C-A	36
YPR002W	661
YPR003C	2984
YPR004C	4455
YPR005C	758
YPR006C	1223
YPR007C	1217
YPR008W	4407
YPR009W	861
YPR010C	25789
YPR010C-A	664
YPR011C	1094
YPR012W	35
YPR013C	1274
YPR014C	4
YPR015C	419
YPR016C	7929
YPR016W-A	0
YPR017C	612
YPR018W	2272
YPR019W	8241
YPR020W	772
YPR021C	6326
YPR022C	6239
YPR023C	3614
YPR024W	12601
YPR025C	1326
YPR026W	9509
YPR027C	252
YPR028W	13401
YPR029C	4620
YPR030W	4638
YPR031W	1883
YPR032W	5018
YPR033C	9321
YPR034W	2473
YPR035W	34053
YPR036W	11174
YPR036W-A	2810
YPR037C	1039
YPR038W	9
YPR039W	4
YPR040W	1403
YPR041W	7879
YPR042C	7071
YPR043W	17199
YPR044C	0
YPR045C	3393
YPR046W	453
YPR047W	1556
YPR048W	1835
YPR049C	7641
YPR050C	63
YPR051W	356
YPR052C	912
YPR053C	394
YPR054W	102
YPR055W	4211
YPR056W	1114
YPR057W	1552
YPR058W	1845
YPR059C	52
YPR060C	2073
YPR061C	569
YPR062W	975
YPR063C	2267
YPR064W	9
YPR065W	1981
YPR066W	449
YPR067W	1480
YPR068C	786
YPR069C	5283
YPR070W	2544
YPR071W	1171
YPR072W	4392
YPR073C	2252
YPR074C	49468
YPR074W-A	5
YPR075C	5361
YPR076W	43
YPR077C	3
YPR078C	29
YPR079W	1613
YPR080W	34594
YPR081C	2982
YPR082C	599
YPR083W	1343
YPR084W	2292
YPR085C	2989
YPR086W	3595
YPR087W	18
YPR088C	5620
YPR089W	6359
YPR091C	4539
YPR092W	87
YPR093C	890
YPR094W	782
YPR095C	5735
YPR096C	55
YPR097W	8385
YPR098C	2029
YPR099C	144
YPR100W	1420
YPR101W	709
YPR102C	5899
YPR103W	5841
YPR104C	3309
YPR105C	4369
YPR106W	1236
YPR107C	1347
YPR108W	8883
YPR108W-A	18
YPR109W	1902
YPR110C	5951
YPR111W	2213
YPR112C	5097
YPR113W	6404
YPR114W	7604
YPR115W	8385
YPR116W	961
YPR117W	12765
YPR118W	2899
YPR119W	5360
YPR120C	2585
YPR121W	2432
YPR122W	6981
YPR123C	74
YPR124W	18554
YPR125W	3536
YPR126C	17
YPR127W	5689
YPR128C	1637
YPR129W	3212
YPR130C	118
YPR131C	1632
YPR132W	10924
YPR133C	2880
YPR133W-A	2073
YPR134W	608
YPR135W	7131
YPR136C	7
YPR137C-A	0
YPR137C-B	0
YPR137W	4690
YPR138C	6326
YPR139C	1938
YPR140W	2695
YPR141C	1793
YPR142C	5
YPR143W	1510
YPR144C	3700
YPR145C-A	165
YPR145W	32151
YPR146C	335
YPR147C	2317
YPR148C	2382
YPR149W	18775
YPR150W	263
YPR151C	280
YPR152C	694
YPR153W	509
YPR154W	8171
YPR155C	1502
YPR156C	5392
YPR157W	1591
YPR158C-C	0
YPR158C-D	1039
YPR158W	989
YPR158W-A	0
YPR158W-B	483
YPR159C-A	1
YPR159W	49337
YPR160C-A	28
YPR160W	46571
YPR160W-A	0
YPR161C	4361
YPR162C	1725
YPR163C	7646
YPR164W	9362
YPR165W	10136
YPR166C	884
YPR167C	668
YPR168W	698
YPR169W	4711
YPR169W-A	63
YPR170C	46
YPR170W-A	37
YPR170W-B	2191
YPR171W	1304
YPR172W	3119
YPR173C	4674
YPR174C	1229
YPR175W	4655
YPR176C	2663
YPR177C	16
YPR178W	1565
YPR179C	2243
YPR180W	1953
YPR181C	21063
YPR182W	1158
YPR183W	2055
YPR184W	33227
YPR185W	3042
YPR186C	1833
YPR187W	3002
YPR188C	2415
YPR189W	7800
YPR190C	4053
YPR191W	8383
YPR192W	117
YPR193C	141
YPR194C	2245
YPR195C	37
YPR196W	632
YPR197C	88
YPR198W	4728
YPR199C	1552
YPR200C	235
YPR201W	737
YPR202W	113
YPR203W	0
YPR204C-A	0
YPR204W	44
snR10	1516
snR11	4049
snR128	1231
snR13	455
snR14	315
snR161	284
snR17a	242336
snR17b	43324
snR18	233
snR189	3099
snR19	358501
snR190	14408
snR191	5176
snR24	88
snR3	3089
snR30	329505
snR31	2726
snR32	4274
snR33	3504
snR34	4397
snR35	3641
snR36	375
snR37	160434
snR38	45
snR39	178
snR39B	807
snR4	10667
snR40	846
snR41	1319
snR42	27233
snR43	2686
snR44	2090
snR45	1359
snR46	3359
snR47	236
snR48	43
snR49	1086
snR5	5140
snR50	244
snR51	227
snR52	768
snR53	17
snR54	23
snR55	297
snR56	306
snR57	705
snR58	10
snR59	55
snR6	23
snR60	66
snR61	53
snR62	239
snR63	19415
snR64	163
snR65	27
snR66	160
snR67	1984
snR68	423
snR69	127
snR7-L	782
snR7-S	0
snR70	2476
snR71	80
snR72	82
snR73	1141
snR74	256
snR75	259
snR76	1916
snR77	245
snR78	437
snR79	184
snR8	2129
snR80	64
snR81	357
snR82	28145
snR83	99187
snR84	30501
snR85	310
snR86	253172
snR87	129
snR9	5817
tA(AGC)D	0
tA(AGC)F	1
tA(AGC)G	5
tA(AGC)H	0
tA(AGC)J	0
tA(AGC)K1	1
tA(AGC)K2	3
tA(AGC)L	3
tA(AGC)M1	1
tA(AGC)M2	0
tA(AGC)P	12
tA(UGC)A	61
tA(UGC)E	3
tA(UGC)G	6
tA(UGC)L	0
tA(UGC)O	0
tA(UGC)Q	0
tC(GCA)B	0
tC(GCA)G	2
tC(GCA)P1	0
tC(GCA)P2	0
tC(GCA)Q	0
tD(GUC)B	1
tD(GUC)D	16
tD(GUC)G1	3
tD(GUC)G2	7
tD(GUC)I1	0
tD(GUC)I2	7
tD(GUC)J1	0
tD(GUC)J2	2
tD(GUC)J3	0
tD(GUC)J4	0
tD(GUC)K	0
tD(GUC)L1	1
tD(GUC)L2	4
tD(GUC)M	2
tD(GUC)N	103
tD(GUC)O	11
tD(GUC)Q	0
tE(CUC)D	0
tE(CUC)I	0
tE(UUC)B	1
tE(UUC)C	0
tE(UUC)E1	1
tE(UUC)E2	6
tE(UUC)E3	0
tE(UUC)G1	6
tE(UUC)G2	2
tE(UUC)G3	0
tE(UUC)I	1
tE(UUC)J	0
tE(UUC)K	5
tE(UUC)L	2
tE(UUC)M	4
tE(UUC)P	0
tE(UUC)Q	0
tF(GAA)B	4
tF(GAA)D	79
tF(GAA)F	8
tF(GAA)G	1
tF(GAA)H1	0
tF(GAA)H2	0
tF(GAA)M	5
tF(GAA)N	2
tF(GAA)P1	3
tF(GAA)P2	8
tF(GAA)Q	0
tG(CCC)D	1
tG(CCC)O	11
tG(GCC)B	1
tG(GCC)C	0
tG(GCC)D1	0
tG(GCC)D2	269
tG(GCC)E	0
tG(GCC)F1	0
tG(GCC)F2	3
tG(GCC)G1	1
tG(GCC)G2	3
tG(GCC)J1	0
tG(GCC)J2	3
tG(GCC)M	15
tG(GCC)O1	0
tG(GCC)O2	2
tG(GCC)P1	36
tG(GCC)P2	0
tG(UCC)G	0
tG(UCC)N	2
tG(UCC)O	1
tG(UCC)Q	0
tH(GUG)E1	2
tH(GUG)E2	1
tH(GUG)G1	0
tH(GUG)G2	31
tH(GUG)H	0
tH(GUG)K	2
tH(GUG)M	149
tH(GUG)Q	0
tI(AAU)B	0
tI(AAU)D	0
tI(AAU)E1	0
tI(AAU)E2	10
tI(AAU)G	12
tI(AAU)I1	0
tI(AAU)I2	0
tI(AAU)L1	0
tI(AAU)L2	0
tI(AAU)N1	2
tI(AAU)N2	0
tI(AAU)P1	10
tI(AAU)P2	0
tI(GAU)Q	0
tI(UAU)D	187
tI(UAU)L	6
tK(CUU)C	0
tK(CUU)D1	1
tK(CUU)D2	0
tK(CUU)E1	3
tK(CUU)E2	0
tK(CUU)F	10
tK(CUU)G1	0
tK(CUU)G2	0
tK(CUU)G3	1
tK(CUU)I	2
tK(CUU)J	0
tK(CUU)K	3
tK(CUU)M	1
tK(CUU)P	9
tK(UUU)D	23
tK(UUU)G1	31
tK(UUU)G2	0
tK(UUU)K	16
tK(UUU)L	8
tK(UUU)O	81
tK(UUU)P	17
tK(UUU)Q	0
tL(CAA)A	4
tL(CAA)C	0
tL(CAA)D	7
tL(CAA)G1	2
tL(CAA)G2	5
tL(CAA)G3	3
tL(CAA)K	1
tL(CAA)L	20
tL(CAA)M	2
tL(CAA)N	28
tL(GAG)G	18
tL(UAA)B1	0
tL(UAA)B2	0
tL(UAA)D	15
tL(UAA)J	3
tL(UAA)K	1
tL(UAA)L	9
tL(UAA)N	0
tL(UAA)Q	0
tL(UAG)J	4
tL(UAG)L1	252
tL(UAG)L2	0
tM(CAU)C	0
tM(CAU)D	1
tM(CAU)E	10
tM(CAU)J1	1
tM(CAU)J2	1
tM(CAU)J3	0
tM(CAU)M	2
tM(CAU)O1	3
tM(CAU)O2	0
tM(CAU)P	0
tM(CAU)Q1	2
tM(CAU)Q2	0
tN(GUU)C	2
tN(GUU)F	13
tN(GUU)G	3
tN(GUU)K	3
tN(GUU)L	0
tN(GUU)N1	87
tN(GUU)N2	3
tN(GUU)O1	0
tN(GUU)O2	1
tN(GUU)P	471
tN(GUU)Q	13
tP(AGG)C	11
tP(AGG)N	7
tP(UGG)A	4
tP(UGG)F	3
tP(UGG)H	71
tP(UGG)L	0
tP(UGG)M	107
tP(UGG)N1	0
tP(UGG)N2	12
tP(UGG)O1	0
tP(UGG)O2	0
tP(UGG)O3	69
tP(UGG)Q	0
tQ(CUG)M	4
tQ(UUG)B	3
tQ(UUG)C	0
tQ(UUG)D1	2
tQ(UUG)D2	0
tQ(UUG)D3	0
tQ(UUG)E1	1
tQ(UUG)E2	4
tQ(UUG)H	4
tQ(UUG)L	0
tQ(UUG)Q	0
tR(ACG)D	8
tR(ACG)E	2
tR(ACG)J	2
tR(ACG)K	2
tR(ACG)L	0
tR(ACG)O	0
tR(ACG)Q2	0
tR(CCG)L	0
tR(CCU)J	0
tR(UCU)B	0
tR(UCU)D	0
tR(UCU)E	1
tR(UCU)G1	2
tR(UCU)G2	19
tR(UCU)G3	1
tR(UCU)J1	0
tR(UCU)J2	0
tR(UCU)K	1
tR(UCU)M1	0
tR(UCU)M2	1
tR(UCU)Q1	0
tS(AGA)A	1
tS(AGA)B	3
tS(AGA)D1	0
tS(AGA)D2	4
tS(AGA)D3	3
tS(AGA)E	2
tS(AGA)G	0
tS(AGA)H	0
tS(AGA)J	7
tS(AGA)L	0
tS(AGA)M	2
tS(CGA)C	3
tS(GCU)F	0
tS(GCU)L	9
tS(GCU)O	10
tS(GCU)Q1	0
tS(UGA)E	13
tS(UGA)I	0
tS(UGA)P	7
tS(UGA)Q2	0
tT(AGU)B	1
tT(AGU)C	0
tT(AGU)D	0
tT(AGU)H	1
tT(AGU)I1	14
tT(AGU)I2	1
tT(AGU)J	0
tT(AGU)N1	8
tT(AGU)N2	0
tT(AGU)O1	0
tT(AGU)O2	0
tT(CGU)K	2
tT(UGU)G1	0
tT(UGU)G2	45
tT(UGU)H	0
tT(UGU)P	0
tT(UGU)Q1	0
tT(XXX)Q2	0
tV(AAC)E1	2
tV(AAC)E2	9
tV(AAC)G1	0
tV(AAC)G2	11
tV(AAC)G3	20
tV(AAC)H	1
tV(AAC)J	0
tV(AAC)K1	1
tV(AAC)K2	0
tV(AAC)L	0
tV(AAC)M1	0
tV(AAC)M2	1
tV(AAC)M3	1
tV(AAC)O	1
tV(CAC)D	13
tV(CAC)H	2
tV(UAC)B	0
tV(UAC)D	27
tV(UAC)Q	0
tW(CCA)G1	85
tW(CCA)G2	12
tW(CCA)J	0
tW(CCA)K	30
tW(CCA)M	1
tW(CCA)P	147
tW(UCA)Q	0
tX(XXX)D	14
tY(GUA)D	13
tY(GUA)F1	1
tY(GUA)F2	3
tY(GUA)J1	15
tY(GUA)J2	0
tY(GUA)M1	6
tY(GUA)M2	0
tY(GUA)O	2
tY(GUA)Q	0
__no_feature	4607543
__ambiguous	221609
__too_low_aQual	0
__not_aligned	0
__alignment_not_unique	11315172
