15S_rRNA	4230
21S_rRNA	7880
HRA1	141
ICR1	2290
LSR1	1218687
NME1	30951
PWR1	42
Q0010	4
Q0017	0
Q0032	2
Q0045	10604
Q0050	32572
Q0055	21345
Q0060	733
Q0065	2106
Q0070	83
Q0075	1654
Q0080	2
Q0085	611
Q0092	0
Q0105	1620
Q0110	335
Q0115	110
Q0120	123
Q0130	17199
Q0140	47
Q0142	3
Q0143	2
Q0144	0
Q0160	1075
Q0182	411
Q0250	13285
Q0255	164
Q0275	13854
Q0297	0
RDN18-1	0
RDN18-2	0
RDN25-1	0
RDN25-2	0
RDN37-1	0
RDN37-2	0
RDN5-1	0
RDN5-2	0
RDN5-3	0
RDN5-4	0
RDN5-5	0
RDN5-6	0
RDN58-1	0
RDN58-2	0
RNA170	115
RPM1	133
RPR1	59157
RUF20	346
RUF21	144
RUF22	7
RUF23	117
RUF5-1	0
RUF5-2	0
SCR1	2598108
SRG1	2616
TLC1	15919
YAL001C	5876
YAL002W	5212
YAL003W	39068
YAL004W	4
YAL005C	84982
YAL007C	6106
YAL008W	1971
YAL009W	1699
YAL010C	1711
YAL011W	1110
YAL012W	15077
YAL013W	925
YAL014C	1835
YAL015C	1855
YAL016C-A	555
YAL016C-B	1
YAL016W	8845
YAL017W	14103
YAL018C	122
YAL019W	15621
YAL019W-A	79
YAL020C	1110
YAL021C	10730
YAL022C	3770
YAL023C	22565
YAL024C	6380
YAL025C	3057
YAL026C	8056
YAL026C-A	519
YAL027W	607
YAL028W	1336
YAL029C	15777
YAL030W	2815
YAL031C	3672
YAL031W-A	11
YAL032C	2206
YAL033W	2469
YAL034C	4255
YAL034C-B	42
YAL034W-A	332
YAL035W	28702
YAL036C	9769
YAL037C-A	7
YAL037C-B	30
YAL037W	502
YAL038W	503541
YAL039C	2497
YAL040C	7639
YAL041W	8669
YAL042C-A	69
YAL042W	14106
YAL043C	7863
YAL044C	2992
YAL044W-A	2741
YAL045C	3
YAL046C	1967
YAL047C	1895
YAL047W-A	102
YAL048C	1799
YAL049C	4330
YAL051W	4997
YAL053W	25340
YAL054C	1698
YAL055W	274
YAL056C-A	27
YAL056W	4272
YAL058W	3160
YAL059C-A	52
YAL059W	3087
YAL060W	7534
YAL061W	735
YAL062W	1083
YAL063C	115
YAL063C-A	106
YAL064C-A	64
YAL064W	42
YAL064W-B	111
YAL065C	36
YAL066W	4
YAL067C	532
YAL067W-A	0
YAL068C	0
YAL068W-A	0
YAL069W	0
YAR002C-A	16841
YAR002W	5908
YAR003W	3690
YAR007C	9691
YAR008W	1568
YAR009C	3034
YAR010C	1
YAR014C	7899
YAR015W	5802
YAR018C	1598
YAR019C	3990
YAR019W-A	39
YAR020C	133
YAR023C	490
YAR027W	2288
YAR028W	965
YAR029W	359
YAR030C	187
YAR031W	235
YAR033W	295
YAR035C-A	14
YAR035W	383
YAR042W	15574
YAR047C	66
YAR050W	644
YAR053W	20
YAR060C	0
YAR061W	0
YAR062W	0
YAR064W	2
YAR066W	0
YAR068W	8
YAR069C	0
YAR070C	8
YAR071W	494
YAR073W	192
YAR075W	80
YBL001C	5014
YBL002W	19385
YBL003C	3162
YBL004W	48831
YBL005W	2443
YBL005W-A	0
YBL005W-B	8325
YBL006C	1705
YBL006W-A	23
YBL007C	20008
YBL008W	4374
YBL008W-A	9
YBL009W	4103
YBL010C	1101
YBL011W	8310
YBL012C	4
YBL013W	505
YBL014C	6637
YBL015W	2372
YBL016W	4511
YBL017C	23888
YBL018C	249
YBL019W	884
YBL020W	10217
YBL021C	424
YBL022C	19939
YBL023C	3911
YBL024W	13113
YBL025W	601
YBL026W	3387
YBL027W	26187
YBL028C	3138
YBL029C-A	1206
YBL029W	888
YBL030C	11765
YBL031W	813
YBL032W	7604
YBL033C	3440
YBL034C	6856
YBL035C	4244
YBL036C	4533
YBL037W	2657
YBL038W	2912
YBL039C	24328
YBL039C-A	0
YBL039W-B	317
YBL040C	4842
YBL041W	7810
YBL042C	9882
YBL043W	578
YBL044W	10
YBL045C	7548
YBL046W	1654
YBL047C	37765
YBL048W	520
YBL049W	1639
YBL050W	4501
YBL051C	5249
YBL052C	2800
YBL053W	7
YBL054W	6484
YBL055C	3745
YBL056W	8073
YBL057C	3868
YBL058W	8505
YBL059C-A	1349
YBL059W	736
YBL060W	2168
YBL061C	6787
YBL062W	8
YBL063W	2922
YBL064C	10854
YBL065W	243
YBL066C	4714
YBL067C	5809
YBL068W	2502
YBL068W-A	0
YBL069W	2176
YBL070C	13
YBL071C	43
YBL071C-B	40
YBL071W-A	3355
YBL072C	12535
YBL073W	15
YBL074C	1436
YBL075C	25357
YBL076C	51644
YBL077W	3
YBL078C	394
YBL079W	22225
YBL080C	1352
YBL081W	4546
YBL082C	2489
YBL083C	133
YBL084C	3312
YBL085W	7380
YBL086C	2270
YBL087C	17744
YBL088C	9319
YBL089W	3258
YBL090W	1428
YBL091C	6427
YBL091C-A	767
YBL092W	37534
YBL093C	5859
YBL094C	75
YBL095W	1863
YBL096C	62
YBL097W	1272
YBL098W	2079
YBL099W	22546
YBL100C	7
YBL100W-A	0
YBL100W-B	1465
YBL100W-C	54
YBL101C	9756
YBL102W	3784
YBL103C	2195
YBL104C	3237
YBL105C	7687
YBL106C	1145
YBL107C	1198
YBL107W-A	1
YBL108C-A	0
YBL108W	1
YBL109W	45
YBL111C	0
YBL112C	0
YBL113C	562
YBL113W-A	0
YBR001C	5097
YBR002C	1902
YBR003W	4094
YBR004C	3339
YBR005W	1401
YBR006W	5117
YBR007C	3916
YBR008C	2220
YBR009C	6554
YBR010W	6420
YBR011C	65931
YBR012C	2775
YBR012W-A	0
YBR012W-B	3695
YBR013C	583
YBR014C	1452
YBR015C	15777
YBR016W	2727
YBR017C	16300
YBR018C	354
YBR019C	589
YBR020W	578
YBR021W	3674
YBR022W	418
YBR023C	22127
YBR024W	1560
YBR025C	26935
YBR026C	3452
YBR027C	74
YBR028C	2845
YBR029C	10189
YBR030W	3376
YBR031W	37008
YBR032W	14
YBR033W	1261
YBR034C	10503
YBR035C	4007
YBR036C	8719
YBR037C	1347
YBR038W	3689
YBR039W	6190
YBR040W	527
YBR041W	6717
YBR042C	2401
YBR043C	3561
YBR044C	2018
YBR045C	1981
YBR046C	2808
YBR047W	861
YBR048W	19928
YBR049C	5270
YBR050C	463
YBR051W	30
YBR052C	3329
YBR053C	4646
YBR054W	17664
YBR055C	5272
YBR056C-B	27
YBR056W	5510
YBR056W-A	301
YBR057C	1686
YBR058C	5525
YBR058C-A	1495
YBR059C	9540
YBR060C	3752
YBR061C	3191
YBR062C	496
YBR063C	3454
YBR064W	3
YBR065C	3436
YBR066C	1772
YBR067C	18263
YBR068C	17242
YBR069C	25251
YBR070C	2414
YBR071W	6913
YBR072C-A	37
YBR072W	42042
YBR073W	21889
YBR074W	7135
YBR076C-A	1284
YBR076W	641
YBR077C	2188
YBR078W	65212
YBR079C	27734
YBR080C	7746
YBR081C	6372
YBR082C	16708
YBR083W	5170
YBR084C-A	27007
YBR084W	20414
YBR085C-A	8435
YBR085W	1289
YBR086C	21465
YBR087W	3124
YBR088C	10978
YBR089C-A	2318
YBR089W	16
YBR090C	221
YBR091C	594
YBR092C	23136
YBR093C	10703
YBR094W	4105
YBR095C	2340
YBR096W	9266
YBR097W	3916
YBR098W	1735
YBR099C	110
YBR101C	2781
YBR102C	3248
YBR103C-A	17
YBR103W	2188
YBR104W	2314
YBR105C	13681
YBR106W	18842
YBR107C	955
YBR108W	3937
YBR109C	7714
YBR109W-A	373
YBR110W	5319
YBR111C	6351
YBR111W-A	751
YBR112C	8834
YBR113W	25
YBR114W	5703
YBR115C	7254
YBR116C	62
YBR117C	1124
YBR118W	39715
YBR119W	869
YBR120C	772
YBR121C	26040
YBR121C-A	0
YBR122C	3904
YBR123C	1632
YBR124W	54
YBR125C	3177
YBR126C	19087
YBR126W-A	249
YBR126W-B	2379
YBR127C	46901
YBR128C	480
YBR129C	1331
YBR130C	2546
YBR131C-A	0
YBR131W	2509
YBR132C	3195
YBR133C	4678
YBR134W	26
YBR135W	3822
YBR136W	9765
YBR137W	1343
YBR138C	970
YBR139W	11460
YBR140C	34270
YBR141C	1574
YBR141W-A	14
YBR142W	10275
YBR143C	18263
YBR144C	15
YBR145W	950
YBR146W	4278
YBR147W	378
YBR148W	1581
YBR149W	7567
YBR150C	2898
YBR151W	5017
YBR152W	699
YBR153W	1227
YBR154C	6731
YBR155W	3366
YBR156C	1963
YBR157C	3867
YBR158W	21964
YBR159W	3941
YBR160W	4969
YBR161W	2240
YBR162C	20156
YBR162W-A	2445
YBR163W	3504
YBR164C	2467
YBR165W	2111
YBR166C	3166
YBR167C	968
YBR168W	2248
YBR169C	6383
YBR170C	6322
YBR171W	4238
YBR172C	9277
YBR173C	5294
YBR174C	52
YBR175W	2426
YBR176W	1662
YBR177C	5164
YBR178W	180
YBR179C	5137
YBR180W	468
YBR181C	11766
YBR182C	1459
YBR182C-A	40
YBR183W	1707
YBR184W	945
YBR185C	2293
YBR186W	586
YBR187W	7407
YBR188C	861
YBR189W	38703
YBR190W	28
YBR191W	22081
YBR191W-A	200
YBR192W	1430
YBR193C	1694
YBR194W	1290
YBR195C	1399
YBR196C	162673
YBR196C-A	51
YBR196C-B	54
YBR197C	1029
YBR198C	3927
YBR199W	9048
YBR200W	3902
YBR200W-A	3
YBR201C-A	557
YBR201W	1576
YBR202W	7729
YBR203W	4119
YBR204C	1942
YBR205W	6211
YBR206W	837
YBR207W	4686
YBR208C	11548
YBR209W	60
YBR210W	1639
YBR211C	1474
YBR212W	8994
YBR213W	165
YBR214W	3482
YBR215W	2518
YBR216C	3350
YBR217W	747
YBR218C	19284
YBR219C	5
YBR220C	2813
YBR221C	10861
YBR221W-A	6
YBR222C	24714
YBR223C	1275
YBR223W-A	1
YBR224W	25
YBR225W	3646
YBR226C	16
YBR227C	1862
YBR228W	1176
YBR229C	13141
YBR230C	3781
YBR230W-A	132
YBR231C	1158
YBR232C	26
YBR233W	1772
YBR233W-A	560
YBR234C	12777
YBR235W	7116
YBR236C	3085
YBR237W	3364
YBR238C	7950
YBR239C	2788
YBR240C	612
YBR241C	2259
YBR242W	2792
YBR243C	3288
YBR244W	1327
YBR245C	9203
YBR246W	5210
YBR247C	6604
YBR248C	3328
YBR249C	17087
YBR250W	921
YBR251W	1881
YBR252W	1925
YBR253W	1165
YBR254C	1293
YBR255C-A	220
YBR255W	2186
YBR256C	4711
YBR257W	1230
YBR258C	400
YBR259W	3163
YBR260C	4348
YBR261C	1833
YBR262C	1141
YBR263W	17147
YBR264C	1251
YBR265W	2878
YBR266C	3
YBR267W	5327
YBR268W	950
YBR269C	1481
YBR270C	1552
YBR271W	2603
YBR272C	1302
YBR273C	3205
YBR274W	3988
YBR275C	8065
YBR276C	6030
YBR277C	36
YBR278W	1000
YBR279W	3482
YBR280C	1247
YBR281C	5745
YBR282W	1169
YBR283C	18094
YBR284W	1412
YBR285W	149
YBR286W	51226
YBR287W	8640
YBR288C	2535
YBR289W	3983
YBR290W	1899
YBR291C	1720
YBR292C	277
YBR293W	4031
YBR294W	282
YBR295W	9065
YBR296C	443
YBR296C-A	4
YBR297W	786
YBR298C	1301
YBR298C-A	3
YBR299W	87
YBR300C	67
YBR301W	104
YBR302C	0
YCL001W	3620
YCL001W-A	68
YCL001W-B	73
YCL002C	2492
YCL004W	1595
YCL005W	3060
YCL005W-A	2127
YCL007C	142
YCL008C	1911
YCL009C	3988
YCL010C	1840
YCL011C	7629
YCL012C	1182
YCL014W	11305
YCL016C	1852
YCL017C	8661
YCL018W	3137
YCL019W	1316
YCL020W	0
YCL021W-A	2201
YCL022C	4
YCL023C	32
YCL024W	5979
YCL025C	5765
YCL026C-A	694
YCL026C-B	3893
YCL027W	1525
YCL028W	7829
YCL029C	2610
YCL030C	3924
YCL031C	4695
YCL032W	1323
YCL033C	2876
YCL034W	3149
YCL035C	10433
YCL036W	7562
YCL037C	16626
YCL038C	2803
YCL039W	3136
YCL040W	32962
YCL041C	206
YCL042W	384
YCL043C	85552
YCL044C	1736
YCL045C	23175
YCL046W	13
YCL047C	1111
YCL048W	419
YCL048W-A	611
YCL049C	2206
YCL050C	9549
YCL051W	3309
YCL052C	3454
YCL054W	10176
YCL055W	3472
YCL056C	893
YCL057C-A	2145
YCL057W	12436
YCL058C	1633
YCL058W-A	440
YCL059C	5526
YCL061C	4510
YCL063W	1761
YCL064C	11888
YCL065W	0
YCL066W	0
YCL067C	0
YCL068C	0
YCL069W	1
YCL073C	2
YCL074W	5
YCL075W	2
YCL076W	0
YCR001W	1
YCR002C	4856
YCR003W	1426
YCR004C	4043
YCR005C	10250
YCR006C	505
YCR007C	727
YCR008W	14204
YCR009C	5708
YCR010C	237
YCR011C	16142
YCR012W	380745
YCR013C	52
YCR014C	2114
YCR015C	1200
YCR016W	2617
YCR017C	12097
YCR018C	3554
YCR018C-A	219
YCR019W	1628
YCR020C	1240
YCR020C-A	913
YCR020W-B	717
YCR021C	974
YCR022C	46
YCR023C	1922
YCR024C	1591
YCR024C-A	9869
YCR024C-B	16210
YCR025C	188
YCR026C	5665
YCR027C	1559
YCR028C	4139
YCR028C-A	2732
YCR030C	5705
YCR031C	30100
YCR032W	11276
YCR033W	9848
YCR034W	5488
YCR035C	3829
YCR036W	4479
YCR037C	4537
YCR038C	1674
YCR038W-A	7
YCR039C	0
YCR040W	0
YCR041W	39
YCR042C	6314
YCR043C	2799
YCR044C	3099
YCR045C	232
YCR045W-A	341
YCR046C	1339
YCR047C	2312
YCR047W-A	25
YCR048W	5621
YCR049C	4
YCR050C	25
YCR051W	1790
YCR052W	4882
YCR053W	23815
YCR054C	1121
YCR057C	19714
YCR059C	1947
YCR060W	4576
YCR061W	2026
YCR063W	783
YCR064C	136
YCR065W	8122
YCR066W	1198
YCR067C	12425
YCR068W	6169
YCR069W	6250
YCR071C	1236
YCR072C	7709
YCR073C	4228
YCR073W-A	1896
YCR075C	1027
YCR075W-A	791
YCR076C	913
YCR077C	7532
YCR079W	3296
YCR081C-A	25
YCR081W	4414
YCR082W	8752
YCR083W	1031
YCR084C	7327
YCR085W	39
YCR086W	1468
YCR087C-A	2438
YCR087W	131
YCR088W	11040
YCR089W	4689
YCR090C	2621
YCR091W	2084
YCR092C	5745
YCR093W	40142
YCR094W	2055
YCR095C	1416
YCR095W-A	84
YCR096C	0
YCR097W	1321
YCR097W-A	0
YCR098C	1153
YCR099C	402
YCR100C	661
YCR101C	356
YCR102C	245
YCR102W-A	37
YCR104W	30
YCR105W	474
YCR106W	2914
YCR107W	1352
YCR108C	5
YDL001W	2316
YDL002C	1754
YDL003W	6895
YDL004W	4298
YDL005C	1756
YDL006W	1667
YDL007C-A	32
YDL007W	7977
YDL008W	642
YDL009C	71
YDL010W	1615
YDL011C	6
YDL012C	2904
YDL013W	4279
YDL014W	5962
YDL015C	13830
YDL016C	1622
YDL017W	2111
YDL018C	2200
YDL019C	12916
YDL020C	8250
YDL021W	1844
YDL022C-A	20
YDL022W	14516
YDL023C	16
YDL024C	799
YDL025C	4931
YDL025W-A	30
YDL026W	289
YDL027C	1839
YDL028C	3810
YDL029W	5715
YDL030W	1226
YDL031W	12875
YDL032W	45
YDL033C	2150
YDL034W	10
YDL035C	7366
YDL036C	909
YDL037C	8147
YDL039C	14351
YDL040C	12874
YDL041W	55
YDL042C	3099
YDL043C	1011
YDL044C	1177
YDL045C	2364
YDL045W-A	1775
YDL046W	4889
YDL047W	3506
YDL048C	4751
YDL049C	1247
YDL050C	13
YDL051W	10451
YDL052C	7599
YDL053C	2005
YDL054C	4847
YDL055C	71307
YDL056W	5065
YDL057W	763
YDL058W	13860
YDL059C	585
YDL060W	12044
YDL061C	7403
YDL062W	62
YDL063C	6000
YDL064W	2318
YDL065C	1584
YDL066W	14303
YDL067C	1884
YDL068W	13
YDL069C	789
YDL070W	5290
YDL071C	82
YDL072C	9239
YDL073W	7301
YDL074C	5768
YDL075W	26629
YDL076C	4544
YDL077C	5638
YDL078C	4866
YDL079C	896
YDL080C	3030
YDL081C	20207
YDL082W	20450
YDL083C	20230
YDL084W	24802
YDL085C-A	2115
YDL085W	498
YDL086C-A	382
YDL086W	5270
YDL087C	1803
YDL088C	5893
YDL089W	2376
YDL090C	1668
YDL091C	1976
YDL092W	2780
YDL093W	2763
YDL094C	121
YDL095W	28592
YDL096C	49
YDL097C	8922
YDL098C	611
YDL099W	1834
YDL100C	17454
YDL101C	2606
YDL102W	9040
YDL103C	6657
YDL104C	225
YDL105W	1833
YDL106C	2663
YDL107W	831
YDL108W	1821
YDL109C	2079
YDL110C	1551
YDL111C	4575
YDL112W	15965
YDL113C	2456
YDL114W	408
YDL114W-A	18
YDL115C	1880
YDL116W	5724
YDL117W	7483
YDL118W	5
YDL119C	1139
YDL120W	2239
YDL121C	3155
YDL122W	16339
YDL123W	978
YDL124W	32684
YDL125C	6653
YDL126C	53499
YDL127W	4469
YDL128W	2677
YDL129W	1359
YDL130W	25951
YDL130W-A	2689
YDL131W	7644
YDL132W	12579
YDL133C-A	5800
YDL133W	3586
YDL134C	4961
YDL135C	3681
YDL136W	1189
YDL137W	7342
YDL138W	3993
YDL139C	584
YDL140C	46155
YDL141W	3481
YDL142C	716
YDL143W	13712
YDL144C	3365
YDL145C	43824
YDL146W	1114
YDL147W	13129
YDL148C	9447
YDL149W	2039
YDL150W	4704
YDL151C	10
YDL152W	12
YDL153C	2943
YDL154W	1831
YDL155W	4029
YDL156W	2373
YDL157C	4647
YDL158C	644
YDL159C-B	0
YDL159W	2446
YDL159W-A	6
YDL160C	13835
YDL160C-A	203
YDL161W	3240
YDL162C	14
YDL163W	3
YDL164C	4821
YDL165W	2358
YDL166C	1496
YDL167C	6223
YDL168W	8108
YDL169C	467
YDL170W	2671
YDL171C	23916
YDL172C	26
YDL173W	3653
YDL174C	11361
YDL175C	1543
YDL176W	2380
YDL177C	939
YDL178W	2792
YDL179W	2288
YDL180W	2853
YDL181W	817
YDL182W	13283
YDL183C	1265
YDL184C	494
YDL185C-A	11
YDL185W	92268
YDL186W	111
YDL187C	378
YDL188C	4799
YDL189W	2398
YDL190C	12825
YDL191W	1473
YDL192W	10363
YDL193W	4341
YDL194W	982
YDL195W	22975
YDL196W	138
YDL197C	3462
YDL198C	1133
YDL199C	1967
YDL200C	620
YDL201W	5272
YDL202W	1258
YDL203C	3180
YDL204W	6585
YDL205C	4165
YDL206W	2293
YDL207W	2258
YDL208W	5968
YDL209C	1104
YDL210W	547
YDL211C	1185
YDL212W	9672
YDL213C	2547
YDL214C	1096
YDL215C	9247
YDL216C	166
YDL217C	1849
YDL218W	464
YDL219W	2575
YDL220C	2867
YDL221W	116
YDL222C	599
YDL223C	29231
YDL224C	4618
YDL225W	5248
YDL226C	4176
YDL227C	1879
YDL228C	3
YDL229W	81083
YDL230W	1867
YDL231C	9584
YDL232W	501
YDL233W	1090
YDL234C	3959
YDL235C	4015
YDL236W	3871
YDL237W	4362
YDL238C	1653
YDL239C	2299
YDL240C-A	4
YDL240W	3715
YDL241W	358
YDL242W	30
YDL243C	1085
YDL244W	378
YDL245C	0
YDL246C	7
YDL247W	85
YDL247W-A	0
YDL248W	553
YDR001C	34189
YDR002W	12623
YDR003W	1625
YDR003W-A	229
YDR004W	2068
YDR005C	1937
YDR006C	11867
YDR007W	4192
YDR008C	69
YDR009W	714
YDR010C	50
YDR011W	19081
YDR012W	17588
YDR013W	744
YDR014W	2140
YDR014W-A	410
YDR015C	5
YDR016C	426
YDR017C	10117
YDR018C	394
YDR019C	2930
YDR020C	1135
YDR021W	3227
YDR022C	1236
YDR023W	23741
YDR024W	428
YDR025W	21673
YDR026C	2636
YDR027C	3427
YDR028C	15635
YDR029W	2
YDR030C	896
YDR031W	736
YDR032C	15062
YDR033W	47261
YDR034C	5592
YDR034C-A	4
YDR034C-C	0
YDR034C-D	3680
YDR034W-B	558
YDR035W	10679
YDR036C	5579
YDR037W	54837
YDR038C	1167
YDR039C	0
YDR040C	1031
YDR041W	1283
YDR042C	886
YDR043C	2502
YDR044W	6018
YDR045C	1301
YDR046C	5227
YDR047W	3517
YDR048C	60
YDR049W	3145
YDR050C	90699
YDR051C	1667
YDR052C	4668
YDR053W	8
YDR054C	5047
YDR055W	19460
YDR056C	2566
YDR057W	2580
YDR058C	1020
YDR059C	1864
YDR060W	22430
YDR061W	1468
YDR062W	14144
YDR063W	1402
YDR064W	42141
YDR065W	987
YDR066C	495
YDR067C	1267
YDR068W	1260
YDR069C	6769
YDR070C	355
YDR071C	6561
YDR072C	5235
YDR073W	980
YDR074W	10030
YDR075W	1786
YDR076W	534
YDR077W	126964
YDR078C	605
YDR079C-A	195
YDR079W	917
YDR080W	4564
YDR081C	5105
YDR082W	2960
YDR083W	2445
YDR084C	1383
YDR085C	2092
YDR086C	4921
YDR087C	3558
YDR088C	1499
YDR089W	4003
YDR090C	1204
YDR091C	13205
YDR092W	3459
YDR093W	14113
YDR094W	55
YDR095C	12
YDR096W	4921
YDR097C	11874
YDR098C	6931
YDR098C-A	0
YDR098C-B	96
YDR099W	25577
YDR100W	1419
YDR101C	15576
YDR102C	168
YDR103W	8217
YDR104C	3918
YDR105C	4389
YDR106W	123
YDR107C	2590
YDR108W	2187
YDR109C	2969
YDR110W	3545
YDR111C	3034
YDR112W	45
YDR113C	1808
YDR114C	39
YDR115W	1848
YDR116C	1966
YDR117C	2605
YDR118W	1547
YDR118W-A	82
YDR119W	9822
YDR119W-A	73
YDR120C	6882
YDR121W	2075
YDR122W	11693
YDR123C	2202
YDR124W	305
YDR125C	1298
YDR126W	1339
YDR127W	26752
YDR128W	4296
YDR129C	19038
YDR130C	1122
YDR131C	1919
YDR132C	839
YDR133C	1290
YDR134C	6328
YDR135C	31339
YDR136C	61
YDR137W	3522
YDR138W	3989
YDR139C	1982
YDR140W	1641
YDR141C	12183
YDR142C	1146
YDR143C	6302
YDR144C	10859
YDR145W	5159
YDR146C	2625
YDR147W	2912
YDR148C	5099
YDR149C	10
YDR150W	23435
YDR151C	3422
YDR152W	3930
YDR153C	3955
YDR154C	31899
YDR155C	51745
YDR156W	1124
YDR157W	505
YDR158W	10241
YDR159W	6426
YDR160W	2411
YDR161W	5064
YDR162C	1286
YDR163W	825
YDR164C	3878
YDR165W	6416
YDR166C	5774
YDR167W	1404
YDR168W	7316
YDR169C	3554
YDR169C-A	39
YDR170C	29896
YDR170W-A	544
YDR171W	5698
YDR172W	23565
YDR173C	1272
YDR174W	5955
YDR175C	2046
YDR176W	2980
YDR177W	4758
YDR178W	1878
YDR179C	734
YDR179W-A	1645
YDR180W	8090
YDR181C	1677
YDR182W	4285
YDR182W-A	387
YDR183C-A	259
YDR183W	800
YDR184C	4241
YDR185C	133
YDR186C	17359
YDR187C	28
YDR188W	11357
YDR189W	4978
YDR190C	8484
YDR191W	1446
YDR192C	2279
YDR193W	9
YDR194C	10906
YDR194W-A	13
YDR195W	2217
YDR196C	1314
YDR197W	1918
YDR198C	1843
YDR199W	7
YDR200C	2332
YDR201W	770
YDR202C	1800
YDR203W	31
YDR204W	3449
YDR205W	4492
YDR206W	8997
YDR207C	4533
YDR208W	11833
YDR209C	5
YDR210C-C	0
YDR210C-D	540
YDR210W	2111
YDR210W-A	0
YDR210W-B	348
YDR211W	12428
YDR212W	14086
YDR213W	5073
YDR214W	17952
YDR215C	42
YDR216W	7531
YDR217C	7733
YDR218C	1896
YDR219C	1939
YDR220C	10
YDR221W	6415
YDR222W	2646
YDR223W	1117
YDR224C	14550
YDR225W	9431
YDR226W	21056
YDR227W	5178
YDR228C	5000
YDR229W	2104
YDR230W	0
YDR231C	2228
YDR232W	16151
YDR233C	24307
YDR234W	11085
YDR235W	1615
YDR236C	2129
YDR237W	2901
YDR238C	30095
YDR239C	2330
YDR240C	2169
YDR241W	210
YDR242W	1039
YDR243C	2539
YDR244W	2348
YDR245W	5642
YDR246W	896
YDR246W-A	47
YDR247W	1129
YDR248C	1135
YDR249C	1957
YDR250C	51
YDR251W	8605
YDR252W	153
YDR253C	524
YDR254W	532
YDR255C	1693
YDR256C	617
YDR257C	2170
YDR258C	7788
YDR259C	686
YDR260C	958
YDR261C	11900
YDR261C-C	0
YDR261C-D	2985
YDR261W-A	0
YDR261W-B	1087
YDR262W	4877
YDR263C	812
YDR264C	25291
YDR265W	1771
YDR266C	8236
YDR267C	1523
YDR268W	2126
YDR269C	1
YDR270W	7229
YDR271C	17
YDR272W	2030
YDR273W	575
YDR274C	10
YDR275W	1749
YDR276C	3074
YDR277C	1782
YDR278C	0
YDR279W	1927
YDR280W	3007
YDR281C	827
YDR282C	543
YDR283C	10108
YDR284C	2637
YDR285W	1738
YDR286C	695
YDR287W	2623
YDR288W	1205
YDR289C	1318
YDR290W	0
YDR291W	5130
YDR292C	2562
YDR293C	37675
YDR294C	6240
YDR295C	3619
YDR296W	1965
YDR297W	10395
YDR298C	4326
YDR299W	5939
YDR300C	5225
YDR301W	10420
YDR302W	1296
YDR303C	6552
YDR304C	11745
YDR305C	651
YDR306C	2267
YDR307W	4050
YDR308C	524
YDR309C	11172
YDR310C	8411
YDR311W	4142
YDR312W	3053
YDR313C	1719
YDR314C	1337
YDR315C	1126
YDR316W	1287
YDR316W-A	0
YDR316W-B	0
YDR317W	765
YDR318W	663
YDR319C	906
YDR320C	3949
YDR320C-A	1750
YDR320W-B	81
YDR321W	10219
YDR322C-A	1279
YDR322W	2691
YDR323C	1232
YDR324C	10690
YDR325W	5766
YDR326C	20852
YDR327W	46
YDR328C	4790
YDR329C	3036
YDR330W	3765
YDR331W	2058
YDR332W	2972
YDR333C	5523
YDR334W	9778
YDR335W	8538
YDR336W	332
YDR337W	1705
YDR338C	3477
YDR339C	3781
YDR340W	14
YDR341C	21674
YDR342C	2109
YDR343C	78
YDR344C	108
YDR345C	31687
YDR346C	12580
YDR347W	6389
YDR348C	4179
YDR349C	12246
YDR350C	4240
YDR351W	6628
YDR352W	1766
YDR353W	19697
YDR354C-A	33
YDR354W	3113
YDR355C	3
YDR356W	2759
YDR357C	2076
YDR358W	1833
YDR359C	5553
YDR360W	5
YDR361C	4750
YDR362C	2629
YDR363W	1802
YDR363W-A	3732
YDR364C	1091
YDR365C	17663
YDR365W-A	0
YDR365W-B	309
YDR366C	110
YDR367W	344
YDR368W	4191
YDR369C	1843
YDR370C	2903
YDR371C-A	15
YDR371W	2012
YDR372C	7422
YDR373W	3793
YDR374C	269
YDR374W-A	1174
YDR375C	2174
YDR376W	4073
YDR377W	2004
YDR378C	1486
YDR379C-A	1018
YDR379W	5273
YDR380W	3928
YDR381C-A	880
YDR381W	11861
YDR382W	26226
YDR383C	531
YDR384C	1965
YDR385W	7772
YDR386W	1428
YDR387C	3463
YDR388W	7508
YDR389W	12468
YDR390C	3857
YDR391C	2211
YDR392W	1469
YDR393W	1829
YDR394W	10163
YDR395W	20384
YDR396W	43
YDR397C	1610
YDR398W	10965
YDR399W	9319
YDR400W	2539
YDR401W	234
YDR402C	596
YDR403W	1159
YDR404C	4012
YDR405W	1701
YDR406W	8798
YDR406W-A	144
YDR407C	9999
YDR408C	2666
YDR409W	3285
YDR410C	3178
YDR411C	2413
YDR412W	1969
YDR413C	18
YDR414C	1337
YDR415C	2619
YDR416W	3694
YDR417C	45
YDR418W	36857
YDR419W	3135
YDR420W	11049
YDR421W	3650
YDR422C	6781
YDR423C	3081
YDR424C	889
YDR425W	2514
YDR426C	19
YDR427W	5919
YDR428C	838
YDR429C	6497
YDR430C	9010
YDR431W	36
YDR432W	8251
YDR433W	1018
YDR434W	3499
YDR435C	1410
YDR436W	3520
YDR437W	227
YDR438W	1160
YDR439W	401
YDR440W	2469
YDR441C	3919
YDR442W	62
YDR443C	8459
YDR444W	2658
YDR445C	1
YDR446W	503
YDR447C	12523
YDR448W	2633
YDR449C	4073
YDR450W	25281
YDR451C	2905
YDR452W	10469
YDR453C	1339
YDR454C	10379
YDR455C	3
YDR456W	7255
YDR457W	48855
YDR458C	2378
YDR459C	2875
YDR460W	1681
YDR461C-A	997
YDR461W	2392
YDR462W	1487
YDR463W	5427
YDR464C-A	1
YDR464W	8518
YDR465C	5451
YDR466W	5275
YDR467C	79
YDR468C	1541
YDR469W	1742
YDR470C	2622
YDR471W	11679
YDR472W	4109
YDR473C	988
YDR475C	2801
YDR476C	1645
YDR477W	5246
YDR478W	498
YDR479C	1685
YDR480W	1323
YDR481C	22835
YDR482C	725
YDR483W	23025
YDR484W	1204
YDR485C	3399
YDR486C	2008
YDR487C	12285
YDR488C	1661
YDR489W	1619
YDR490C	6098
YDR491C	13
YDR492W	10108
YDR493W	524
YDR494W	2694
YDR495C	2241
YDR496C	10268
YDR497C	21430
YDR498C	1816
YDR499W	2423
YDR500C	10866
YDR501W	1700
YDR502C	5423
YDR503C	1014
YDR504C	538
YDR505C	8874
YDR506C	1981
YDR507C	8978
YDR508C	15905
YDR509W	6
YDR510C-A	1
YDR510W	7346
YDR511W	1715
YDR512C	1300
YDR513W	6894
YDR514C	1446
YDR515W	2233
YDR516C	4186
YDR517W	5032
YDR518W	7149
YDR519W	3022
YDR520C	2494
YDR521W	9
YDR522C	73
YDR523C	757
YDR524C	3592
YDR524C-A	1
YDR524C-B	31486
YDR524W-C	2
YDR525W	37
YDR525W-A	629
YDR526C	9
YDR527W	5773
YDR528W	6388
YDR529C	2893
YDR530C	1460
YDR531W	2812
YDR532C	1281
YDR533C	10861
YDR534C	923
YDR535C	187
YDR536W	90
YDR537C	8
YDR538W	1729
YDR539W	1577
YDR540C	672
YDR541C	4794
YDR542W	0
YDR543C	0
YDR544C	0
YDR545C-A	0
YDR545W	0
YEL001C	11907
YEL002C	13628
YEL003W	2084
YEL004W	921
YEL005C	1123
YEL006W	2370
YEL007W	6705
YEL008C-A	92
YEL008W	47
YEL009C	31401
YEL009C-A	141
YEL010W	9
YEL011W	1428
YEL012W	1437
YEL013W	9723
YEL014C	5
YEL015W	3608
YEL016C	2760
YEL017C-A	2888
YEL017W	2441
YEL018C-A	34
YEL018W	780
YEL019C	849
YEL020C	3804
YEL020C-B	59
YEL020W-A	740
YEL021W	15471
YEL022W	15631
YEL023C	1919
YEL024W	1997
YEL025C	5449
YEL026W	14567
YEL027W	30947
YEL028W	551
YEL029C	2446
YEL030C-A	73
YEL030W	1629
YEL031W	29326
YEL032C-A	1
YEL032W	10521
YEL033W	24309
YEL034C-A	131
YEL034W	50429
YEL035C	91
YEL036C	7159
YEL037C	10193
YEL038W	3397
YEL039C	428
YEL040W	16076
YEL041W	1254
YEL042W	13363
YEL043W	7134
YEL044W	1897
YEL045C	73
YEL046C	18766
YEL047C	8424
YEL048C	786
YEL049W	124
YEL050C	4257
YEL050W-A	7
YEL051W	7889
YEL052W	3526
YEL053C	4742
YEL053W-A	41
YEL054C	24654
YEL055C	12995
YEL056W	2802
YEL057C	425
YEL058W	9379
YEL059C-A	706
YEL059W	75
YEL060C	13116
YEL061C	3257
YEL062W	2795
YEL063C	11822
YEL064C	1248
YEL065W	28449
YEL066W	3043
YEL067C	479
YEL068C	836
YEL069C	40
YEL070W	120
YEL071W	38145
YEL072W	1176
YEL073C	414
YEL074W	163
YEL075C	0
YEL075W-A	0
YEL076C	0
YEL076C-A	0
YEL077C	654
YEL077W-A	0
YER001W	18025
YER002W	2203
YER003C	13263
YER004W	4556
YER005W	5608
YER006C-A	92
YER006W	12892
YER007C-A	2958
YER007W	531
YER008C	11497
YER009W	11001
YER010C	2846
YER011W	1719
YER012W	7385
YER013W	4633
YER014C-A	17
YER014W	2735
YER015W	1196
YER016W	1743
YER017C	7646
YER018C	531
YER019C-A	5326
YER019W	2111
YER020W	3081
YER021W	12320
YER022W	1596
YER023C-A	34
YER023W	7604
YER024W	2366
YER025W	18297
YER026C	6297
YER027C	4122
YER028C	1559
YER029C	1113
YER030W	3153
YER031C	2657
YER032W	3600
YER033C	5504
YER034W	989
YER035W	2628
YER036C	37228
YER037W	4517
YER038C	1650
YER038W-A	121
YER039C	585
YER039C-A	221
YER040W	4064
YER041W	1532
YER042W	1668
YER043C	37903
YER044C	3193
YER044C-A	694
YER045C	3269
YER046W	783
YER046W-A	35
YER047C	2613
YER048C	4885
YER048W-A	4361
YER049W	13756
YER050C	1978
YER051W	1885
YER052C	9619
YER053C	1787
YER053C-A	127
YER054C	1349
YER055C	5974
YER056C	32428
YER056C-A	19032
YER057C	4518
YER058W	506
YER059W	1764
YER060W	3654
YER060W-A	636
YER061C	1183
YER062C	11702
YER063W	1188
YER064C	7204
YER065C	1661
YER066C-A	110
YER066W	319
YER067C-A	62
YER067W	526
YER068C-A	43
YER068W	5626
YER069W	11574
YER070W	73706
YER071C	793
YER072W	10892
YER073W	4228
YER074W	14607
YER074W-A	1400
YER075C	6509
YER076C	1156
YER076W-A	74
YER077C	1883
YER078C	2139
YER078W-A	88
YER079C-A	3
YER079W	1185
YER080W	5490
YER081W	81030
YER082C	6204
YER083C	4337
YER084W	108
YER084W-A	7
YER085C	375
YER086W	15486
YER087C-A	380
YER087C-B	5673
YER087W	897
YER088C	12344
YER088C-A	591
YER088W-B	17
YER089C	4195
YER090C-A	4
YER090W	8993
YER091C	15631
YER091C-A	16
YER092W	1602
YER093C	6069
YER093C-A	670
YER094C	7290
YER095W	7292
YER096W	1399
YER097W	377
YER098W	2502
YER099C	4620
YER100W	4975
YER101C	1574
YER102W	6875
YER103W	17746
YER104W	672
YER105C	19283
YER106W	451
YER107C	2040
YER107W-A	20
YER109C	4301
YER110C	50069
YER111C	9712
YER112W	2664
YER113C	3497
YER114C	10316
YER115C	1010
YER116C	1516
YER117W	26756
YER118C	3588
YER119C	2391
YER119C-A	159
YER120W	11890
YER121W	131
YER122C	11471
YER123W	5980
YER124C	28585
YER125W	17805
YER126C	5797
YER127W	4038
YER128W	430
YER129W	8996
YER130C	4997
YER131W	17498
YER132C	18310
YER133W	9138
YER133W-A	4
YER134C	1927
YER135C	36
YER136W	12573
YER137C	641
YER137C-A	0
YER137W-A	7
YER138C	0
YER138W-A	658
YER139C	1062
YER140W	1846
YER141W	4622
YER142C	1783
YER143W	3511
YER144C	2599
YER145C	19397
YER145C-A	124
YER146W	2908
YER147C	2220
YER147C-A	4
YER148W	6239
YER148W-A	62
YER149C	3259
YER150W	8209
YER151C	8430
YER152C	2858
YER152W-A	19
YER153C	370
YER154W	2421
YER155C	37373
YER156C	3181
YER157W	5445
YER158C	4619
YER158W-A	51
YER159C	1873
YER159C-A	0
YER160C	0
YER161C	1671
YER162C	1487
YER163C	4236
YER164W	9320
YER165C-A	2
YER165W	36396
YER166W	17263
YER167W	7769
YER168C	4792
YER169W	8402
YER170W	203
YER171W	5381
YER172C	14980
YER172C-A	8
YER173W	2224
YER174C	1626
YER175C	1049
YER175W-A	183
YER176W	6185
YER177W	36435
YER178W	20460
YER179W	555
YER180C	2428
YER180C-A	339
YER181C	26
YER182W	960
YER183C	1503
YER184C	2392
YER185W	702
YER186C	1862
YER187W	236
YER188C-A	74
YER188W	720
YER189W	0
YER190C-A	0
YER190C-B	0
YER190W	54
YFL001W	2894
YFL002C	4239
YFL002W-A	0
YFL002W-B	0
YFL003C	733
YFL004W	11345
YFL005W	7548
YFL007W	33367
YFL008W	8829
YFL009W	7906
YFL010C	9997
YFL010W-A	36
YFL011W	420
YFL012W	108
YFL012W-A	2
YFL013C	2990
YFL013W-A	8
YFL014W	33980
YFL015C	28
YFL015W-A	35
YFL016C	3783
YFL017C	953
YFL017W-A	991
YFL018C	14426
YFL019C	72
YFL020C	208
YFL021C-A	174
YFL021W	2914
YFL022C	14913
YFL023W	3593
YFL024C	6193
YFL025C	4902
YFL026W	23509
YFL027C	1999
YFL028C	1330
YFL029C	1336
YFL030W	847
YFL031C-A	1
YFL031W	33021
YFL032W	53
YFL033C	18584
YFL034C-A	3811
YFL034C-B	1807
YFL034W	5328
YFL036W	17151
YFL037W	19866
YFL038C	14062
YFL039C	109347
YFL040W	167
YFL041W	6362
YFL041W-A	145
YFL042C	2247
YFL044C	1169
YFL045C	24508
YFL046W	368
YFL047W	5031
YFL048C	6946
YFL049W	2792
YFL050C	5250
YFL051C	137
YFL052W	199
YFL053W	34
YFL054C	1546
YFL055W	1253
YFL056C	1152
YFL057C	715
YFL058W	82
YFL059W	305
YFL060C	300
YFL061W	2
YFL062W	56
YFL063W	2
YFL064C	22
YFL065C	66
YFL066C	30
YFL067W	0
YFL068W	0
YFR001W	2100
YFR002W	8132
YFR003C	2029
YFR004W	5917
YFR005C	2222
YFR006W	6996
YFR007W	1381
YFR008W	535
YFR009W	12436
YFR009W-A	0
YFR010W	8652
YFR010W-A	6
YFR011C	1107
YFR012W	284
YFR012W-A	191
YFR013W	5023
YFR014C	2486
YFR015C	1188
YFR016C	6531
YFR017C	943
YFR018C	984
YFR019W	15652
YFR020W	1900
YFR021W	5833
YFR022W	3030
YFR023W	1455
YFR024C-A	7835
YFR025C	2616
YFR026C	456
YFR027W	636
YFR028C	6249
YFR029W	4652
YFR030W	6717
YFR031C	4195
YFR031C-A	27650
YFR032C	984
YFR032C-A	8932
YFR032C-B	43
YFR033C	3995
YFR034C	1176
YFR034W-A	295
YFR035C	21
YFR036W	1862
YFR036W-A	99
YFR037C	5596
YFR038W	5004
YFR039C	4119
YFR040W	8458
YFR041C	1691
YFR042W	2678
YFR043C	654
YFR044C	21822
YFR045W	1136
YFR046C	1069
YFR047C	4657
YFR048W	3673
YFR049W	390
YFR050C	8415
YFR051C	5492
YFR052C-A	343
YFR052W	6665
YFR053C	8482
YFR054C	226
YFR055W	8719
YFR056C	23
YFR057W	7
YGL001C	6040
YGL002W	1950
YGL003C	2939
YGL004C	1429
YGL005C	1238
YGL006W	6472
YGL006W-A	4
YGL007C-A	107
YGL007W	183
YGL008C	340240
YGL009C	8808
YGL010W	1689
YGL011C	7540
YGL012W	21130
YGL013C	10014
YGL014C-A	1
YGL014W	12446
YGL015C	185
YGL016W	6979
YGL017W	1499
YGL018C	1009
YGL019W	5326
YGL020C	2433
YGL021W	3964
YGL022W	25002
YGL023C	3335
YGL024W	65
YGL025C	839
YGL026C	22941
YGL027C	3480
YGL028C	28564
YGL029W	835
YGL030W	17694
YGL031C	24752
YGL032C	1690
YGL033W	229
YGL034C	29
YGL035C	5842
YGL036W	5972
YGL037C	17977
YGL038C	7599
YGL039W	3511
YGL040C	7408
YGL041C	11
YGL041C-B	16
YGL041W-A	642
YGL042C	12
YGL043W	4382
YGL044C	1978
YGL045W	2086
YGL047W	1229
YGL048C	9111
YGL049C	6589
YGL050W	1401
YGL051W	54
YGL052W	134
YGL053W	862
YGL054C	3916
YGL055W	67176
YGL056C	8640
YGL057C	778
YGL058W	4631
YGL059W	985
YGL060W	2672
YGL061C	799
YGL062W	34255
YGL063C-A	11
YGL063W	450
YGL064C	2193
YGL065C	1880
YGL066W	2647
YGL067W	3575
YGL068W	4518
YGL069C	126
YGL070C	1547
YGL071W	8106
YGL072C	480
YGL073W	6549
YGL074C	7
YGL075C	1694
YGL076C	17379
YGL077C	6334
YGL078C	9814
YGL079W	1022
YGL080W	2679
YGL081W	455
YGL082W	2945
YGL083W	3102
YGL084C	5837
YGL085W	785
YGL086W	2349
YGL087C	5148
YGL088W	3
YGL089C	48
YGL090W	1502
YGL091C	2548
YGL092W	10695
YGL093W	4684
YGL094C	16049
YGL095C	1841
YGL096W	1069
YGL097W	5873
YGL098W	1090
YGL099W	8075
YGL100W	3820
YGL101W	919
YGL102C	21
YGL103W	43276
YGL104C	2118
YGL105W	21328
YGL106W	4968
YGL107C	4524
YGL108C	406
YGL109W	25
YGL110C	2637
YGL111W	8335
YGL112C	5470
YGL113W	2209
YGL114W	4070
YGL115W	5689
YGL116W	1950
YGL117W	1302
YGL118C	26
YGL119W	3623
YGL120C	20383
YGL121C	1160
YGL122C	6209
YGL123C-A	55
YGL123W	77354
YGL124C	3316
YGL125W	3683
YGL126W	1508
YGL127C	2049
YGL128C	895
YGL129C	2971
YGL130W	3844
YGL131C	7426
YGL132W	38
YGL133W	6619
YGL134W	1884
YGL135W	10246
YGL136C	2784
YGL137W	23534
YGL138C	68
YGL139W	9040
YGL140C	13423
YGL141W	5361
YGL142C	4887
YGL143C	672
YGL144C	3819
YGL145W	3011
YGL146C	1550
YGL147C	17379
YGL148W	19238
YGL149W	5
YGL150C	14089
YGL151W	7522
YGL152C	39
YGL153W	1166
YGL154C	1184
YGL155W	3380
YGL156W	5044
YGL157W	7549
YGL158W	845
YGL159W	982
YGL160W	4085
YGL161C	2977
YGL162W	538
YGL163C	4670
YGL164C	238
YGL165C	20
YGL166W	2000
YGL167C	22507
YGL168W	39
YGL169W	4900
YGL170C	504
YGL171W	3083
YGL172W	2407
YGL173C	40770
YGL174W	1023
YGL175C	980
YGL176C	3639
YGL177W	284
YGL178W	12044
YGL179C	3397
YGL180W	4366
YGL181W	2385
YGL182C	55
YGL183C	141
YGL184C	390
YGL185C	1674
YGL186C	5433
YGL187C	1322
YGL188C	365
YGL188C-A	246
YGL189C	47501
YGL190C	4694
YGL191W	4213
YGL192W	73
YGL193C	1240
YGL194C	2623
YGL194C-A	567
YGL195W	79551
YGL196W	941
YGL197W	11415
YGL198W	2304
YGL199C	74
YGL200C	18192
YGL201C	7891
YGL202W	26996
YGL203C	6876
YGL204C	264
YGL205W	211
YGL206C	79736
YGL207W	21662
YGL208W	771
YGL209W	1675
YGL210W	1338
YGL211W	3199
YGL212W	783
YGL213C	3160
YGL214W	201
YGL215W	12850
YGL216W	6984
YGL217C	39
YGL218W	9
YGL219C	3472
YGL220W	3160
YGL221C	7149
YGL222C	1045
YGL223C	3833
YGL224C	1836
YGL225W	17075
YGL226C-A	2062
YGL226W	790
YGL227W	2258
YGL228W	8932
YGL229C	1717
YGL230C	30
YGL231C	3244
YGL232W	1698
YGL233W	2905
YGL234W	25924
YGL235W	87
YGL236C	4707
YGL237C	868
YGL238W	20346
YGL239C	11
YGL240W	457
YGL241W	4919
YGL242C	3854
YGL243W	1198
YGL244W	2165
YGL245W	37158
YGL246C	3746
YGL247W	839
YGL248W	4525
YGL249W	458
YGL250W	414
YGL251C	1973
YGL252C	3598
YGL253W	51675
YGL254W	831
YGL255W	8913
YGL256W	7903
YGL257C	2628
YGL258W	190
YGL258W-A	91
YGL259W	187
YGL260W	0
YGL261C	15
YGL262W	72
YGL263W	249
YGR001C	1328
YGR002C	2967
YGR003W	3804
YGR004W	1750
YGR005C	2267
YGR006W	738
YGR007W	2873
YGR008C	1936
YGR009C	2231
YGR010W	1883
YGR011W	220
YGR012W	4003
YGR013W	1741
YGR014W	41971
YGR015C	904
YGR016W	356
YGR017W	2875
YGR018C	98
YGR019W	7212
YGR020C	6606
YGR021W	2161
YGR022C	31
YGR023W	1862
YGR024C	3732
YGR025W	51
YGR026W	8123
YGR027C	38216
YGR027W-A	0
YGR027W-B	0
YGR028W	2351
YGR029W	855
YGR030C	1105
YGR031C-A	43
YGR031W	1380
YGR032W	94241
YGR033C	2849
YGR034W	17597
YGR035C	368
YGR035W-A	0
YGR036C	2017
YGR037C	9740
YGR038C-A	0
YGR038C-B	0
YGR038W	2528
YGR039W	327
YGR040W	3092
YGR041W	4857
YGR042W	1114
YGR043C	9907
YGR044C	3736
YGR045C	69
YGR046W	2763
YGR047C	4540
YGR048W	3492
YGR049W	1305
YGR050C	699
YGR051C	5
YGR052W	471
YGR053C	305
YGR054W	21004
YGR055W	5878
YGR056W	3911
YGR057C	1875
YGR058W	1403
YGR059W	224
YGR060W	48662
YGR061C	37276
YGR062C	1429
YGR063C	2089
YGR064W	405
YGR065C	5967
YGR066C	373
YGR067C	570
YGR068C	1342
YGR068W-A	1
YGR069W	15
YGR070W	5913
YGR071C	3094
YGR072W	1075
YGR073C	180
YGR074W	1776
YGR075C	394
YGR076C	810
YGR077C	4859
YGR078C	2445
YGR079W	10629
YGR080W	2243
YGR081C	2690
YGR082W	5067
YGR083C	9156
YGR084C	2255
YGR085C	6595
YGR086C	18372
YGR087C	5093
YGR088W	2690
YGR089W	9288
YGR090W	27813
YGR091W	751
YGR092W	4831
YGR093W	2580
YGR094W	47576
YGR095C	3435
YGR096W	790
YGR097W	15375
YGR098C	9356
YGR099W	2833
YGR100W	3907
YGR101W	2014
YGR102C	2013
YGR103W	20344
YGR104C	1354
YGR105W	1323
YGR106C	14824
YGR107W	88
YGR108W	2839
YGR109C	1915
YGR109W-A	0
YGR109W-B	1015
YGR110W	1033
YGR111W	4453
YGR112W	1840
YGR113W	4509
YGR114C	44
YGR115C	2
YGR116W	33820
YGR117C	8507
YGR118W	14561
YGR119C	6027
YGR120C	1148
YGR121C	956
YGR121W-A	109
YGR122C-A	49
YGR122W	1263
YGR123C	5775
YGR124W	30538
YGR125W	9439
YGR126W	558
YGR127W	1776
YGR128C	11145
YGR129W	1009
YGR130C	5771
YGR131W	679
YGR132C	7637
YGR133W	1392
YGR134W	4112
YGR135W	7308
YGR136W	3171
YGR137W	680
YGR138C	3740
YGR139W	4
YGR140W	4227
YGR141W	1508
YGR142W	904
YGR143W	6251
YGR144W	1238
YGR145W	8089
YGR146C	5649
YGR146C-A	93
YGR147C	3579
YGR148C	17153
YGR149W	4514
YGR150C	3908
YGR151C	85
YGR152C	1930
YGR153W	1019
YGR154C	1807
YGR155W	47783
YGR156W	864
YGR157W	39576
YGR158C	1912
YGR159C	32853
YGR160W	27
YGR161C	2153
YGR161C-C	0
YGR161C-D	484
YGR161W-A	0
YGR161W-B	0
YGR161W-C	634
YGR162W	30255
YGR163W	279
YGR164W	25
YGR165W	2728
YGR166W	2524
YGR167W	6352
YGR168C	1690
YGR169C	1198
YGR169C-A	473
YGR170W	6805
YGR171C	1466
YGR172C	3387
YGR173W	6965
YGR174C	594
YGR174W-A	93
YGR175C	42239
YGR176W	34
YGR177C	1716
YGR178C	15807
YGR179C	1056
YGR180C	47288
YGR181W	1984
YGR182C	1047
YGR183C	956
YGR184C	34932
YGR185C	16140
YGR186W	7208
YGR187C	2742
YGR188C	2953
YGR189C	48621
YGR190C	8
YGR191W	12194
YGR192C	684657
YGR193C	3134
YGR194C	1640
YGR195W	3051
YGR196C	3452
YGR197C	1618
YGR198W	8263
YGR199W	2655
YGR200C	8504
YGR201C	1208
YGR202C	3478
YGR203W	512
YGR204C-A	5
YGR204W	27457
YGR205W	759
YGR206W	1398
YGR207C	3282
YGR208W	3626
YGR209C	9320
YGR210C	5201
YGR211W	9722
YGR212W	779
YGR213C	791
YGR214W	44242
YGR215W	650
YGR216C	3095
YGR217W	9465
YGR218W	27411
YGR219W	1
YGR220C	3010
YGR221C	1660
YGR222W	2716
YGR223C	1566
YGR224W	61
YGR225W	826
YGR226C	0
YGR227W	3180
YGR228W	13
YGR229C	11585
YGR230W	579
YGR231C	5204
YGR232W	3546
YGR233C	8052
YGR234W	10135
YGR235C	3608
YGR236C	23
YGR237C	2619
YGR238C	4112
YGR239C	1941
YGR240C	70865
YGR240C-A	91
YGR241C	5004
YGR242W	2
YGR243W	198
YGR244C	6628
YGR245C	11061
YGR246C	3003
YGR247W	978
YGR248W	1904
YGR249W	1105
YGR250C	7166
YGR251W	1357
YGR252W	1523
YGR253C	7034
YGR254W	102238
YGR255C	4958
YGR256W	9993
YGR257C	2663
YGR258C	4733
YGR259C	31
YGR260W	27939
YGR261C	7568
YGR262C	2589
YGR263C	753
YGR264C	22679
YGR265W	11
YGR266W	5351
YGR267C	7254
YGR268C	1871
YGR269W	80
YGR270C-A	8
YGR270W	15669
YGR271C-A	1950
YGR271W	6795
YGR273C	82
YGR274C	6091
YGR275W	1653
YGR276C	3039
YGR277C	2773
YGR278W	1937
YGR279C	32121
YGR280C	685
YGR281W	21209
YGR282C	42607
YGR283C	2452
YGR284C	14271
YGR285C	35357
YGR286C	5689
YGR287C	1362
YGR288W	1586
YGR289C	942
YGR290W	2
YGR291C	4
YGR292W	76
YGR293C	5
YGR294W	31
YGR295C	5887
YGR296C-A	0
YGR296C-B	0
YGR296W	0
YHL001W	6807
YHL002C-A	77
YHL002W	4128
YHL003C	5938
YHL004W	4548
YHL005C	52
YHL006C	458
YHL006W-A	105
YHL007C	11592
YHL008C	3651
YHL009C	1500
YHL009W-A	0
YHL009W-B	80
YHL010C	2118
YHL011C	12345
YHL012W	319
YHL013C	1963
YHL014C	790
YHL015W	27805
YHL015W-A	1
YHL016C	2186
YHL017W	7143
YHL018W	328
YHL019C	2073
YHL019W-A	20
YHL020C	3017
YHL021C	1612
YHL022C	147
YHL023C	5126
YHL024W	1074
YHL025W	2265
YHL026C	1987
YHL027W	6891
YHL028W	1060
YHL029C	6811
YHL030W	32107
YHL030W-A	40
YHL031C	2839
YHL032C	2506
YHL033C	21182
YHL034C	7940
YHL034W-A	45
YHL035C	15669
YHL036W	789
YHL037C	253
YHL038C	2558
YHL039W	5727
YHL040C	20304
YHL041W	8
YHL042W	399
YHL043W	23
YHL044W	794
YHL045W	16
YHL046C	13
YHL046W-A	2
YHL047C	9791
YHL048C-A	14
YHL048W	3648
YHL049C	0
YHL050C	351
YHL050W-A	0
YHR001W	3810
YHR001W-A	991
YHR002W	883
YHR003C	3144
YHR004C	2615
YHR005C	4554
YHR005C-A	2715
YHR006W	4306
YHR007C	47164
YHR007C-A	1128
YHR008C	12919
YHR009C	18046
YHR010W	27622
YHR011W	945
YHR012W	2700
YHR013C	3648
YHR014W	193
YHR015W	1422
YHR016C	3095
YHR017W	2839
YHR018C	4679
YHR019C	30063
YHR020W	40643
YHR021C	27918
YHR021W-A	205
YHR022C	792
YHR022C-A	2
YHR023W	14175
YHR024C	5477
YHR025W	13552
YHR026W	7369
YHR027C	29599
YHR028C	12893
YHR028W-A	16
YHR029C	212
YHR030C	8792
YHR031C	3996
YHR032C-A	4
YHR032W	7192
YHR032W-A	607
YHR033W	1251
YHR034C	1107
YHR035W	1182
YHR036W	2073
YHR037W	5759
YHR038W	477
YHR039C	7090
YHR039C-A	8701
YHR040W	1287
YHR041C	2106
YHR042W	17452
YHR043C	1633
YHR044C	1046
YHR045W	3886
YHR046C	1242
YHR047C	15240
YHR048W	1479
YHR049C-A	18
YHR049W	8506
YHR050W	5986
YHR050W-A	84
YHR051W	1850
YHR052W	7708
YHR052W-A	0
YHR053C	0
YHR054C	62
YHR054W-A	0
YHR055C	0
YHR056C	4126
YHR056W-A	106
YHR057C	1774
YHR058C	1543
YHR059W	1304
YHR060W	792
YHR061C	1316
YHR062C	1863
YHR063C	2672
YHR063W-A	11
YHR064C	47633
YHR065C	6475
YHR066W	6412
YHR067W	846
YHR068W	15612
YHR069C	4518
YHR069C-A	236
YHR070C-A	15
YHR070W	4921
YHR071C-A	412
YHR071W	11407
YHR072W	6845
YHR072W-A	5969
YHR073C-B	1
YHR073W	10820
YHR073W-A	0
YHR074W	9057
YHR075C	1702
YHR076W	2061
YHR077C	8979
YHR078W	5149
YHR079C	6789
YHR079C-A	71
YHR080C	6828
YHR081W	1158
YHR082C	25664
YHR083W	3887
YHR084W	8013
YHR085W	1145
YHR086W	3364
YHR086W-A	11
YHR087W	1437
YHR088W	3885
YHR089C	4321
YHR090C	1189
YHR091C	2457
YHR092C	7869
YHR093W	2
YHR094C	12235
YHR095W	22
YHR096C	3208
YHR097C	923
YHR098C	11230
YHR099W	41436
YHR100C	1505
YHR101C	1347
YHR102W	8797
YHR103W	9645
YHR104W	10727
YHR105W	483
YHR106W	3467
YHR107C	5468
YHR108W	10222
YHR109W	905
YHR110W	3285
YHR111W	3456
YHR112C	4227
YHR113W	4779
YHR114W	2708
YHR115C	6242
YHR116W	1292
YHR117W	5498
YHR118C	1656
YHR119W	9835
YHR120W	2264
YHR121W	1809
YHR122W	3382
YHR123W	3708
YHR124W	519
YHR125W	0
YHR126C	371
YHR127W	1638
YHR128W	8822
YHR129C	1732
YHR130C	277
YHR131C	3546
YHR131W-A	37
YHR132C	6059
YHR132W-A	1064
YHR133C	3549
YHR134W	1482
YHR135C	5352
YHR136C	426
YHR137C-A	11
YHR137W	6291
YHR138C	3403
YHR139C	190
YHR139C-A	15
YHR140W	1097
YHR141C	16563
YHR142W	4170
YHR143W	22168
YHR143W-A	1979
YHR144C	2001
YHR145C	108
YHR146W	6797
YHR147C	2418
YHR148W	2319
YHR149C	8028
YHR150W	2782
YHR151C	4909
YHR152W	1442
YHR153C	615
YHR154W	7786
YHR155W	11784
YHR156C	808
YHR157W	401
YHR158C	9926
YHR159W	2156
YHR160C	100
YHR161C	5402
YHR162W	6872
YHR163W	5718
YHR164C	2803
YHR165C	26929
YHR165W-A	31
YHR166C	1345
YHR167W	1143
YHR168W	1147
YHR169W	4739
YHR170W	14540
YHR171W	1314
YHR172W	2881
YHR173C	158
YHR174W	306171
YHR175W	1986
YHR175W-A	326
YHR176W	906
YHR177W	998
YHR178W	2178
YHR179W	73931
YHR180C-B	0
YHR180W	566
YHR180W-A	4
YHR181W	3124
YHR182C-A	147
YHR182W	3574
YHR183W	34431
YHR184W	726
YHR185C	52
YHR186C	11471
YHR187W	2694
YHR188C	11173
YHR189W	457
YHR190W	14414
YHR191C	592
YHR192W	1567
YHR193C	19698
YHR193C-A	77
YHR194W	2300
YHR195W	1663
YHR196W	7454
YHR197W	7251
YHR198C	1083
YHR199C	7301
YHR199C-A	314
YHR200W	6825
YHR201C	2754
YHR202W	2120
YHR203C	14958
YHR204W	8328
YHR205W	12772
YHR206W	8664
YHR207C	2979
YHR208W	12189
YHR209W	1345
YHR210C	625
YHR211W	1972
YHR212C	0
YHR212W-A	0
YHR213W	0
YHR213W-A	0
YHR213W-B	5
YHR214C-B	1966
YHR214C-C	0
YHR214C-D	0
YHR214C-E	3
YHR214W	18
YHR214W-A	435
YHR215W	1269
YHR216W	6934
YHR217C	20
YHR218W	0
YHR218W-A	0
YHR219C-A	0
YHR219W	0
YIL001W	2567
YIL002C	5365
YIL002W-A	2682
YIL003W	1909
YIL004C	1273
YIL005W	4328
YIL006W	1423
YIL007C	1673
YIL008W	2584
YIL009C-A	1268
YIL009W	11214
YIL010W	4188
YIL011W	621
YIL012W	59
YIL013C	1252
YIL014C-A	1425
YIL014W	6310
YIL015W	0
YIL016W	666
YIL017C	4538
YIL018W	42561
YIL019W	1829
YIL020C	1419
YIL020C-A	71
YIL021C-A	5
YIL021W	2904
YIL022W	5336
YIL023C	3843
YIL024C	1181
YIL025C	6
YIL026C	8877
YIL027C	1175
YIL028W	124
YIL029C	318
YIL029W-A	3
YIL030C	23867
YIL030W-A	546
YIL031W	7477
YIL032C	30
YIL033C	12182
YIL034C	2797
YIL035C	3287
YIL036W	4105
YIL037C	151
YIL038C	6079
YIL039W	7584
YIL040W	1739
YIL041W	14989
YIL042C	535
YIL043C	9167
YIL044C	2743
YIL045W	772
YIL046W	5965
YIL046W-A	86
YIL047C	20563
YIL047C-A	1583
YIL048W	10940
YIL049W	1625
YIL050W	1507
YIL051C	17187
YIL052C	18455
YIL053W	46206
YIL054W	6
YIL055C	2426
YIL056W	4227
YIL057C	23
YIL058W	59
YIL059C	618
YIL060W	37
YIL061C	1239
YIL062C	2803
YIL063C	3007
YIL064W	3929
YIL065C	1804
YIL066C	3545
YIL066W-A	174
YIL067C	4626
YIL068C	2682
YIL068W-A	44
YIL069C	10499
YIL070C	2570
YIL071C	1717
YIL071W-A	39
YIL072W	512
YIL073C	841
YIL074C	6420
YIL075C	25513
YIL076W	7118
YIL077C	1073
YIL078W	33972
YIL079C	3236
YIL080W	79
YIL082W	0
YIL082W-A	0
YIL083C	4106
YIL084C	1596
YIL085C	4481
YIL086C	153
YIL087C	231
YIL088C	5449
YIL089W	52
YIL090W	7958
YIL091C	8756
YIL092W	1401
YIL093C	1651
YIL094C	11860
YIL095W	3150
YIL096C	2369
YIL097W	1557
YIL098C	711
YIL099W	489
YIL100C-A	7
YIL100W	44
YIL101C	1108
YIL102C	2
YIL102C-A	580
YIL103W	3132
YIL104C	3301
YIL105C	3038
YIL105W-A	1
YIL106W	1459
YIL107C	4783
YIL108W	10813
YIL109C	17716
YIL110W	3090
YIL111W	2941
YIL112W	4108
YIL113W	542
YIL114C	1679
YIL115C	16906
YIL115W-A	1
YIL116W	4467
YIL117C	4687
YIL118W	4255
YIL119C	1103
YIL120W	1621
YIL121W	1519
YIL122W	1135
YIL123W	9756
YIL124W	1177
YIL125W	14350
YIL126W	9998
YIL127C	2861
YIL128W	7927
YIL129C	21741
YIL130W	7327
YIL131C	3677
YIL132C	677
YIL133C	19388
YIL134C-A	51
YIL134W	2052
YIL135C	3489
YIL136W	1120
YIL137C	10239
YIL138C	2768
YIL139C	1084
YIL140W	7947
YIL141W	183
YIL142C-A	11
YIL142W	17574
YIL143C	7248
YIL144W	2931
YIL145C	5021
YIL146C	2337
YIL147C	12055
YIL148W	22883
YIL149C	9110
YIL150C	965
YIL151C	8428
YIL152W	844
YIL153W	2046
YIL154C	960
YIL155C	2755
YIL156W	3670
YIL156W-A	35
YIL156W-B	1433
YIL157C	2838
YIL158W	720
YIL159W	4999
YIL160C	179
YIL161W	962
YIL162W	5926
YIL163C	160
YIL164C	665
YIL165C	464
YIL166C	1037
YIL167W	71
YIL168W	51
YIL169C	8128
YIL170W	34
YIL171W	7
YIL171W-A	0
YIL172C	0
YIL173W	98
YIL174W	0
YIL175W	0
YIL176C	0
YIL177C	0
YIL177W-A	0
YIR001C	1263
YIR002C	8745
YIR003W	4169
YIR004W	2297
YIR005W	576
YIR006C	14595
YIR007W	3806
YIR008C	3198
YIR009W	557
YIR010W	2430
YIR011C	4436
YIR012W	12554
YIR013C	123
YIR014W	364
YIR015W	486
YIR016W	673
YIR017C	192
YIR017W-A	12
YIR018C-A	91
YIR018W	1373
YIR019C	594
YIR020C	0
YIR020C-B	29
YIR020W-A	15
YIR021W	2289
YIR021W-A	5
YIR022W	2162
YIR023C-A	16
YIR023W	6676
YIR024C	610
YIR025W	616
YIR026C	4314
YIR027C	1069
YIR028W	379
YIR029W	430
YIR030C	69
YIR030W-A	131
YIR031C	2230
YIR032C	562
YIR033W	13769
YIR034C	10367
YIR035C	4746
YIR036C	2157
YIR036W-A	51
YIR037W	9823
YIR038C	4794
YIR039C	2888
YIR040C	0
YIR041W	11
YIR042C	609
YIR043C	159
YIR044C	3
YJL001W	5804
YJL002C	21212
YJL003W	1016
YJL004C	2083
YJL005W	21202
YJL006C	1901
YJL007C	0
YJL008C	11952
YJL009W	15
YJL010C	3417
YJL011C	1647
YJL012C	21949
YJL013C	1416
YJL014W	14879
YJL015C	14
YJL016W	8983
YJL019W	5189
YJL020C	16305
YJL020W-A	1
YJL022W	88
YJL023C	1029
YJL024C	1519
YJL025W	3418
YJL026C-A	18
YJL026W	53421
YJL027C	56
YJL028W	6
YJL029C	7730
YJL030W	1006
YJL031C	2030
YJL032W	3
YJL033W	7756
YJL034W	109542
YJL035C	1544
YJL036W	2550
YJL037W	672
YJL038C	360
YJL039C	22050
YJL041W	8055
YJL042W	8720
YJL043W	193
YJL044C	3209
YJL045W	1246
YJL046W	1543
YJL047C	3647
YJL047C-A	393
YJL048C	1441
YJL049W	1092
YJL050W	16549
YJL051W	2383
YJL052C-A	6
YJL052W	99045
YJL053W	2072
YJL054W	3202
YJL055W	5723
YJL056C	4153
YJL057C	2331
YJL058C	1584
YJL059W	1236
YJL060W	1495
YJL061W	4582
YJL062W	4946
YJL062W-A	2124
YJL063C	2536
YJL064W	24
YJL065C	1472
YJL066C	2331
YJL067W	14
YJL068C	6279
YJL069C	7044
YJL070C	2388
YJL071W	2500
YJL072C	1203
YJL073W	4809
YJL074C	8126
YJL075C	0
YJL076W	20779
YJL077C	102
YJL077W-A	444
YJL077W-B	86
YJL078C	5543
YJL079C	2883
YJL080C	29969
YJL081C	2177
YJL082W	6534
YJL083W	1850
YJL084C	8917
YJL085W	2446
YJL086C	2
YJL087C	4369
YJL088W	2473
YJL089W	1712
YJL090C	3665
YJL091C	3501
YJL092W	7052
YJL093C	6295
YJL094C	4825
YJL095W	6013
YJL096W	2388
YJL097W	1663
YJL098W	10734
YJL099W	2002
YJL100W	2098
YJL101C	5868
YJL102W	1702
YJL103C	1806
YJL104W	3216
YJL105W	355
YJL106W	807
YJL107C	901
YJL108C	791
YJL109C	33423
YJL110C	4611
YJL111W	9063
YJL112W	3326
YJL113W	652
YJL114W	26
YJL115W	733
YJL116C	13479
YJL117W	10560
YJL118W	435
YJL119C	522
YJL120W	14
YJL121C	4425
YJL122W	5119
YJL123C	3882
YJL124C	2767
YJL125C	2551
YJL126W	1286
YJL127C	3626
YJL127C-B	1091
YJL127W-A	10
YJL128C	7990
YJL129C	8220
YJL130C	97832
YJL131C	452
YJL132W	1724
YJL133C-A	1489
YJL133W	3940
YJL134W	3804
YJL135W	142
YJL136C	16120
YJL136W-A	10
YJL137C	1643
YJL138C	7956
YJL139C	1643
YJL140W	4450
YJL141C	4389
YJL142C	234
YJL143W	3752
YJL144W	300
YJL145W	2849
YJL146W	2324
YJL147C	1115
YJL148W	3604
YJL149W	6169
YJL150W	98
YJL151C	9121
YJL152W	16
YJL153C	1874
YJL154C	12841
YJL155C	1431
YJL156C	4198
YJL156W-A	11
YJL157C	6382
YJL158C	21588
YJL159W	134230
YJL160C	202
YJL161W	407
YJL162C	2061
YJL163C	1352
YJL164C	2431
YJL165C	5584
YJL166W	1317
YJL167W	12686
YJL168C	5345
YJL169W	24
YJL170C	221
YJL171C	13197
YJL172W	53434
YJL173C	3438
YJL174W	11805
YJL175W	14
YJL176C	6030
YJL177W	17972
YJL178C	5345
YJL179W	1681
YJL180C	1382
YJL181W	2552
YJL182C	23
YJL183W	7426
YJL184W	1875
YJL185C	1500
YJL186W	13176
YJL187C	8083
YJL188C	13
YJL189W	15852
YJL190C	31718
YJL191W	24385
YJL192C	11248
YJL193W	1861
YJL194W	3830
YJL195C	51
YJL196C	9007
YJL197C-A	1
YJL197W	4398
YJL198W	14696
YJL199C	268
YJL200C	17472
YJL201W	4098
YJL202C	25
YJL203W	868
YJL204C	2917
YJL205C	298
YJL206C	2387
YJL207C	9198
YJL208C	3177
YJL209W	3717
YJL210W	1179
YJL211C	138
YJL212C	8245
YJL213W	1664
YJL214W	168
YJL215C	280
YJL216C	1159
YJL217W	12507
YJL218W	388
YJL219W	282
YJL220W	0
YJL221C	0
YJL222W	84
YJL222W-A	0
YJL222W-B	0
YJL223C	0
YJL225C	0
YJL225W-A	0
YJR001W	6158
YJR002W	6208
YJR003C	2144
YJR004C	2891
YJR005C-A	1019
YJR005W	4578
YJR006W	3469
YJR007W	11015
YJR008W	438
YJR009C	101104
YJR010C-A	394
YJR010W	2698
YJR011C	732
YJR012C	1075
YJR013W	2569
YJR014W	5615
YJR015W	8968
YJR016C	20105
YJR017C	2302
YJR018W	129
YJR019C	1331
YJR020W	308
YJR021C	1357
YJR022W	605
YJR023C	77
YJR024C	4191
YJR025C	3865
YJR026W	0
YJR027W	1677
YJR028W	0
YJR029W	0
YJR030C	4090
YJR031C	7268
YJR032W	3311
YJR033C	6170
YJR034W	753
YJR035W	3544
YJR036C	1262
YJR037W	2
YJR038C	10
YJR039W	3386
YJR040W	3113
YJR041C	12619
YJR042W	5321
YJR043C	1935
YJR044C	725
YJR045C	77051
YJR046W	5448
YJR047C	3464
YJR048W	1466
YJR049C	4120
YJR050W	1075
YJR051W	2340
YJR052W	2941
YJR053W	1698
YJR054W	3997
YJR055W	485
YJR056C	1893
YJR057W	2132
YJR058C	1934
YJR059W	5687
YJR060W	2825
YJR061W	3003
YJR062C	2404
YJR063W	3856
YJR064W	19186
YJR065C	11631
YJR066W	13648
YJR067C	592
YJR068W	4164
YJR069C	1611
YJR070C	13699
YJR071W	5
YJR072C	5607
YJR073C	4690
YJR074W	2240
YJR075W	9459
YJR076C	5219
YJR077C	11820
YJR078W	9067
YJR079W	192
YJR080C	1999
YJR082C	2283
YJR083C	843
YJR084W	1270
YJR085C	4655
YJR086W	867
YJR087W	86
YJR088C	2443
YJR089W	4128
YJR090C	8605
YJR091C	17374
YJR092W	7413
YJR093C	2168
YJR094C	748
YJR094W-A	7257
YJR095W	340
YJR096W	8428
YJR097W	1311
YJR098C	1294
YJR099W	2407
YJR100C	2084
YJR101W	2475
YJR102C	1581
YJR103W	11003
YJR104C	36230
YJR105W	27558
YJR106W	3431
YJR107W	2443
YJR108W	177
YJR109C	14755
YJR110W	2332
YJR111C	1696
YJR112W	853
YJR112W-A	1143
YJR113C	3448
YJR114W	247
YJR115W	450
YJR116W	2680
YJR117W	16287
YJR118C	1117
YJR119C	3902
YJR120W	99
YJR121W	32583
YJR122W	1685
YJR123W	80932
YJR124C	4271
YJR125C	5545
YJR126C	1825
YJR127C	11838
YJR128W	244
YJR129C	820
YJR130C	2631
YJR131W	1904
YJR132W	9643
YJR133W	2419
YJR134C	3211
YJR135C	941
YJR135W-A	1874
YJR136C	838
YJR137C	11374
YJR138W	6428
YJR139C	23867
YJR140C	9604
YJR140W-A	1
YJR141W	1309
YJR142W	2522
YJR143C	28551
YJR144W	2396
YJR145C	17298
YJR146W	207
YJR147W	1494
YJR148W	13224
YJR149W	1744
YJR150C	109
YJR151C	1699
YJR151W-A	0
YJR152W	2177
YJR153W	525
YJR154W	1034
YJR155W	1261
YJR156C	275
YJR157W	23
YJR158W	1
YJR159W	2
YJR160C	189
YJR161C	306
YJR162C	0
YKL001C	1609
YKL002W	2166
YKL003C	1624
YKL004W	10627
YKL005C	3216
YKL006C-A	1484
YKL006W	9246
YKL007W	4860
YKL008C	11072
YKL009W	8031
YKL010C	18299
YKL011C	685
YKL012W	4083
YKL013C	4308
YKL014C	22230
YKL015W	6752
YKL016C	6481
YKL017C	1551
YKL018C-A	129
YKL018W	2549
YKL019W	3226
YKL020C	10856
YKL021C	2366
YKL022C	3215
YKL023C-A	4000
YKL023W	838
YKL024C	9799
YKL025C	3730
YKL026C	335
YKL027W	2669
YKL028W	4991
YKL029C	16005
YKL030W	23
YKL031W	156
YKL032C	3323
YKL033W	4017
YKL033W-A	4937
YKL034W	2977
YKL035W	19379
YKL036C	147
YKL037W	42
YKL038W	6279
YKL039W	13383
YKL040C	2668
YKL041W	203
YKL042W	2326
YKL043W	1949
YKL044W	201
YKL045W	3543
YKL046C	6545
YKL047W	3016
YKL048C	2786
YKL049C	1070
YKL050C	1411
YKL051W	2188
YKL052C	1331
YKL053C-A	634
YKL053W	112
YKL054C	21599
YKL055C	305
YKL056C	47450
YKL057C	9222
YKL058W	2317
YKL059C	2160
YKL060C	410530
YKL061W	206
YKL062W	3794
YKL063C	2034
YKL064W	9243
YKL065C	7834
YKL065W-A	82
YKL066W	2983
YKL067W	9100
YKL068W	9446
YKL068W-A	2382
YKL069W	1551
YKL070W	107
YKL071W	280
YKL072W	3153
YKL073W	14523
YKL074C	3110
YKL075C	1135
YKL076C	237
YKL077W	9377
YKL078W	5253
YKL079W	3380
YKL080W	8536
YKL081W	41610
YKL082C	1941
YKL083W	95
YKL084W	1602
YKL085W	4020
YKL086W	418
YKL087C	2329
YKL088W	1435
YKL089W	1595
YKL090W	1483
YKL091C	1088
YKL092C	3579
YKL093W	862
YKL094W	5807
YKL095W	1287
YKL096C-B	5
YKL096W	13308
YKL096W-A	148298
YKL097C	21
YKL098W	2579
YKL099C	3653
YKL100C	6392
YKL100W-A	0
YKL101W	21558
YKL102C	20
YKL103C	10476
YKL104C	33287
YKL105C	3317
YKL106C-A	27
YKL106W	6334
YKL107W	220
YKL108W	2134
YKL109W	3381
YKL110C	4065
YKL111C	12
YKL112W	6871
YKL113C	5238
YKL114C	2083
YKL115C	198
YKL116C	3626
YKL117W	11922
YKL118W	3
YKL119C	1170
YKL120W	2206
YKL121W	3379
YKL122C	3173
YKL123W	181
YKL124W	1540
YKL125W	5188
YKL126W	9747
YKL127W	4119
YKL128C	3352
YKL129C	9394
YKL130C	1424
YKL131W	59
YKL132C	1149
YKL133C	1397
YKL134C	2328
YKL135C	5917
YKL136W	94
YKL137W	991
YKL138C	1785
YKL138C-A	589
YKL139W	2275
YKL140W	3672
YKL141W	3578
YKL142W	5833
YKL143W	4588
YKL144C	2487
YKL145W	11156
YKL145W-A	0
YKL146W	8019
YKL147C	97
YKL148C	4759
YKL149C	948
YKL150W	8985
YKL151C	4236
YKL152C	202132
YKL153W	22
YKL154W	2137
YKL155C	3257
YKL156C-A	1
YKL156W	9122
YKL157W	28158
YKL159C	615
YKL160W	3114
YKL161C	1968
YKL162C	623
YKL162C-A	192
YKL163W	3486
YKL164C	17861
YKL165C	12000
YKL165C-A	64
YKL166C	2474
YKL167C	1776
YKL168C	2350
YKL169C	94
YKL170W	739
YKL171W	3804
YKL172W	6373
YKL173W	5717
YKL174C	5197
YKL175W	16039
YKL176C	12165
YKL177W	176
YKL178C	1605
YKL179C	3599
YKL180W	23086
YKL181W	6269
YKL182W	239716
YKL183C-A	11
YKL183W	962
YKL184W	3966
YKL185W	7801
YKL186C	3054
YKL187C	2444
YKL188C	1241
YKL189W	1793
YKL190W	2864
YKL191W	8944
YKL192C	9649
YKL193C	3082
YKL194C	2274
YKL195W	3756
YKL196C	7410
YKL197C	6199
YKL198C	2169
YKL201C	4047
YKL202W	324
YKL203C	10901
YKL204W	2314
YKL205W	10018
YKL206C	2151
YKL207W	6213
YKL208W	1108
YKL209C	18800
YKL210W	51953
YKL211C	6410
YKL212W	16020
YKL213C	7017
YKL214C	286
YKL215C	8928
YKL216W	11074
YKL217W	557
YKL218C	1785
YKL219W	2347
YKL220C	3596
YKL221W	334
YKL222C	2598
YKL223W	0
YKL224C	0
YKL225W	0
YKR001C	15002
YKR002W	5427
YKR003W	4209
YKR004C	1251
YKR005C	894
YKR006C	3741
YKR007W	892
YKR008W	3503
YKR009C	1681
YKR010C	2010
YKR011C	2624
YKR012C	81
YKR013W	50039
YKR014C	3078
YKR015C	346
YKR016W	3562
YKR017C	693
YKR018C	8936
YKR019C	2155
YKR020W	693
YKR021W	5240
YKR022C	1547
YKR023W	1246
YKR024C	5765
YKR025W	2550
YKR026C	4460
YKR027W	3618
YKR028W	8476
YKR029C	2676
YKR030W	1372
YKR031C	9947
YKR032W	7
YKR033C	66
YKR034W	248
YKR035C	43
YKR035W-A	2174
YKR036C	2731
YKR037C	1214
YKR038C	4815
YKR039W	1683
YKR040C	22
YKR041W	195
YKR042W	34780
YKR043C	7493
YKR044W	2532
YKR045C	896
YKR046C	1991
YKR047W	192
YKR048C	17489
YKR049C	1817
YKR050W	5947
YKR051W	987
YKR052C	1331
YKR053C	1124
YKR054C	24367
YKR055W	999
YKR056W	8153
YKR057W	7506
YKR058W	1714
YKR059W	18458
YKR060W	1492
YKR061W	4107
YKR062W	3314
YKR063C	3049
YKR064W	4082
YKR065C	4634
YKR066C	5552
YKR067W	3880
YKR068C	3486
YKR069W	1994
YKR070W	1939
YKR071C	5098
YKR072C	4673
YKR073C	70
YKR074W	2215
YKR075C	1703
YKR075W-A	9
YKR076W	3609
YKR077W	2102
YKR078W	1490
YKR079C	7043
YKR080W	4365
YKR081C	6912
YKR082W	13265
YKR083C	355
YKR084C	5809
YKR085C	2309
YKR086W	5523
YKR087C	2327
YKR088C	938
YKR089C	5965
YKR090W	4507
YKR091W	1299
YKR092C	9141
YKR093W	21107
YKR094C	13712
YKR095W	17814
YKR095W-A	416
YKR096W	7548
YKR097W	1356
YKR098C	2546
YKR099W	6780
YKR100C	3057
YKR101W	2154
YKR102W	2339
YKR103W	2068
YKR104W	530
YKR105C	76
YKR106W	521
YLL001W	4925
YLL002W	1192
YLL003W	3656
YLL004W	2536
YLL005C	552
YLL006W	2801
YLL006W-A	6
YLL007C	2135
YLL008W	10091
YLL009C	2425
YLL010C	3485
YLL011W	6371
YLL012W	4556
YLL013C	9344
YLL014W	2762
YLL015W	9859
YLL016W	2444
YLL017W	179
YLL018C	30297
YLL018C-A	1022
YLL019C	9625
YLL019W-A	0
YLL020C	754
YLL021W	14995
YLL022C	2714
YLL023C	2935
YLL024C	85726
YLL025W	238
YLL026W	53895
YLL027W	2133
YLL028W	5221
YLL029W	8219
YLL030C	14
YLL031C	11770
YLL032C	1622
YLL033W	867
YLL034C	7433
YLL035W	6040
YLL036C	3749
YLL037W	148
YLL038C	1111
YLL039C	27598
YLL040C	33093
YLL041C	1135
YLL042C	216
YLL043W	5460
YLL044W	9
YLL045C	44943
YLL046C	1407
YLL047W	124
YLL048C	34638
YLL049W	2017
YLL050C	13853
YLL051C	7333
YLL052C	985
YLL053C	1335
YLL054C	2049
YLL055W	1457
YLL056C	1060
YLL057C	581
YLL058W	5166
YLL059C	229
YLL060C	1038
YLL061W	816
YLL062C	463
YLL063C	1340
YLL064C	0
YLL065W	2
YLL066C	0
YLL066W-A	0
YLL066W-B	3
YLL067C	0
YLL067W-A	0
YLR001C	4737
YLR002C	6153
YLR003C	4015
YLR004C	1032
YLR005W	3013
YLR006C	3264
YLR007W	4916
YLR008C	4881
YLR009W	7180
YLR010C	295
YLR011W	496
YLR012C	53
YLR013W	6
YLR014C	4747
YLR015W	2494
YLR016C	2137
YLR017W	10354
YLR018C	5321
YLR019W	3735
YLR020C	4636
YLR021W	1522
YLR022C	1975
YLR023C	7719
YLR024C	5473
YLR025W	1488
YLR026C	3795
YLR027C	22909
YLR028C	12273
YLR029C	50047
YLR030W	1316
YLR031W	1041
YLR032W	5813
YLR033W	2689
YLR034C	15383
YLR035C	2077
YLR035C-A	50
YLR036C	840
YLR037C	200
YLR038C	802
YLR039C	3756
YLR040C	3014
YLR041W	108
YLR042C	921
YLR043C	4111
YLR044C	439966
YLR045C	4468
YLR046C	3276
YLR047C	6517
YLR048W	66209
YLR049C	2654
YLR050C	2060
YLR051C	3167
YLR052W	3231
YLR053C	51
YLR054C	684
YLR055C	3408
YLR056W	39930
YLR057W	3377
YLR058C	22558
YLR059C	4794
YLR060W	24536
YLR061W	23615
YLR062C	28
YLR063W	1767
YLR064W	4916
YLR065C	1654
YLR066W	2587
YLR067C	3356
YLR068W	650
YLR069C	5177
YLR070C	101
YLR071C	7780
YLR072W	3835
YLR073C	3946
YLR074C	2997
YLR075W	81746
YLR076C	21
YLR077W	2978
YLR078C	2892
YLR079W	2636
YLR080W	667
YLR081W	122
YLR082C	1209
YLR083C	13865
YLR084C	10116
YLR085C	2184
YLR086W	7079
YLR087C	14092
YLR088W	5512
YLR089C	7418
YLR090W	3502
YLR091W	845
YLR092W	1728
YLR093C	2689
YLR094C	4447
YLR095C	4691
YLR096W	11289
YLR097C	1994
YLR098C	3210
YLR099C	3014
YLR099W-A	1040
YLR100W	9948
YLR101C	135
YLR102C	382
YLR103C	4296
YLR104W	3887
YLR105C	1838
YLR106C	68509
YLR107W	3885
YLR108C	1366
YLR109W	52511
YLR110C	188432
YLR111W	16
YLR112W	472
YLR113W	13192
YLR114C	2715
YLR115W	3481
YLR116W	2964
YLR117C	2409
YLR118C	2619
YLR119W	546
YLR120C	17224
YLR120W-A	37
YLR121C	7071
YLR122C	80
YLR123C	138
YLR124W	26
YLR125W	473
YLR126C	1198
YLR127C	2962
YLR128W	1114
YLR129W	12481
YLR130C	6693
YLR131C	2413
YLR132C	1017
YLR133W	4119
YLR134W	3027
YLR135W	2143
YLR136C	5898
YLR137W	3175
YLR138W	8609
YLR139C	1641
YLR140W	11
YLR141W	606
YLR142W	1184
YLR143W	3243
YLR144C	6367
YLR145W	697
YLR146C	2398
YLR146W-A	700
YLR147C	1316
YLR148W	3464
YLR149C	2247
YLR149C-A	3
YLR150W	43682
YLR151C	578
YLR152C	1611
YLR153C	24178
YLR154C	1897
YLR154C-G	0
YLR154C-H	0
YLR154W-A	0
YLR154W-B	0
YLR154W-C	0
YLR154W-E	0
YLR154W-F	0
YLR155C	0
YLR156C-A	0
YLR156W	0
YLR157C	0
YLR157C-A	0
YLR157C-B	6
YLR157C-C	0
YLR157W-D	0
YLR157W-E	0
YLR158C	0
YLR159C-A	0
YLR159W	0
YLR160C	0
YLR161W	0
YLR162W	23
YLR162W-A	59
YLR163C	5669
YLR163W-A	2
YLR164W	662
YLR165C	631
YLR166C	6172
YLR167W	64043
YLR168C	1657
YLR169W	5
YLR170C	821
YLR171W	64
YLR172C	6720
YLR173W	2497
YLR174W	1328
YLR175W	11411
YLR176C	2720
YLR177W	2809
YLR178C	12446
YLR179C	6830
YLR180W	5633
YLR181C	1794
YLR182W	2940
YLR183C	5377
YLR184W	5
YLR185W	11396
YLR186W	5580
YLR187W	5272
YLR188W	3074
YLR189C	8791
YLR190W	5727
YLR191W	1398
YLR192C	7101
YLR193C	1029
YLR194C	4660
YLR195C	4851
YLR196W	8881
YLR197W	20478
YLR198C	518
YLR199C	2701
YLR200W	1407
YLR201C	1717
YLR202C	503
YLR203C	9366
YLR204W	1497
YLR205C	1773
YLR206W	8697
YLR207W	4318
YLR208W	7814
YLR209C	3314
YLR210W	1484
YLR211C	545
YLR212C	3554
YLR213C	2710
YLR214W	42473
YLR215C	1023
YLR216C	54757
YLR217W	45
YLR218C	290
YLR219W	5769
YLR220W	2236
YLR221C	2736
YLR222C	11068
YLR222C-A	187
YLR223C	11493
YLR224W	5863
YLR225C	4860
YLR226W	2374
YLR227C	1415
YLR227W-A	0
YLR227W-B	9333
YLR228C	3425
YLR229C	7234
YLR230W	6
YLR231C	4265
YLR232W	15
YLR233C	2116
YLR234W	1430
YLR235C	24
YLR236C	22
YLR237W	10184
YLR238W	1450
YLR239C	1172
YLR240W	4187
YLR241W	6730
YLR242C	1355
YLR243W	3033
YLR244C	23253
YLR245C	862
YLR246W	1211
YLR247C	11178
YLR248W	11258
YLR249W	325447
YLR250W	1327
YLR251W	1142
YLR252W	473
YLR253W	3504
YLR254C	846
YLR255C	38
YLR256W	14806
YLR256W-A	156
YLR257W	10863
YLR258W	6020
YLR259C	108780
YLR260W	3851
YLR261C	268
YLR262C	683
YLR262C-A	2595
YLR263W	1479
YLR264C-A	4
YLR264W	5179
YLR265C	1435
YLR266C	3402
YLR267W	1511
YLR268W	2422
YLR269C	6
YLR270W	9183
YLR271W	464
YLR272C	6732
YLR273C	2140
YLR274W	6466
YLR275W	687
YLR276C	8541
YLR277C	2730
YLR278C	10308
YLR279W	19
YLR280C	18
YLR281C	7
YLR282C	2
YLR283W	1441
YLR284C	734
YLR285C-A	1161
YLR285W	3394
YLR286C	67825
YLR286W-A	31
YLR287C	2198
YLR287C-A	13117
YLR288C	1655
YLR289W	1715
YLR290C	1728
YLR291C	7069
YLR292C	1333
YLR293C	31007
YLR294C	2170
YLR295C	3386
YLR296W	25
YLR297W	2027
YLR298C	1251
YLR299C-A	7
YLR299W	3971
YLR300W	42707
YLR301W	4676
YLR302C	38
YLR303W	8282
YLR304C	28227
YLR305C	21408
YLR306W	765
YLR307C-A	368
YLR307W	943
YLR308W	36
YLR309C	4884
YLR310C	11940
YLR311C	85
YLR312C	786
YLR312W-A	1724
YLR313C	1661
YLR314C	7286
YLR315W	357
YLR316C	1615
YLR317W	494
YLR318W	3413
YLR319C	2771
YLR320W	4787
YLR321C	2405
YLR322W	32
YLR323C	1661
YLR324W	2984
YLR325C	18340
YLR326W	1809
YLR327C	499
YLR328W	3359
YLR329W	191
YLR330W	7716
YLR331C	5
YLR332W	7810
YLR333C	11609
YLR334C	6
YLR335W	10095
YLR336C	5765
YLR337C	3397
YLR338W	88
YLR339C	9
YLR340W	45697
YLR341W	331
YLR342W	148314
YLR342W-A	834
YLR343W	2087
YLR344W	16704
YLR345W	1977
YLR346C	150
YLR347C	18217
YLR347W-A	3
YLR348C	2381
YLR349W	9
YLR350W	6225
YLR351C	5918
YLR352W	6685
YLR353W	2208
YLR354C	10240
YLR355C	45381
YLR356W	2607
YLR357W	5201
YLR358C	11
YLR359W	4705
YLR360W	1925
YLR361C	4286
YLR361C-A	493
YLR362W	3447
YLR363C	1351
YLR363W-A	1922
YLR364C-A	14
YLR364W	860
YLR365W	50
YLR366W	37
YLR367W	8820
YLR368W	4530
YLR369W	3244
YLR370C	4786
YLR371W	11411
YLR372W	16703
YLR373C	6057
YLR374C	206
YLR375W	7676
YLR376C	835
YLR377C	401
YLR378C	13807
YLR379W	11
YLR380W	10182
YLR381W	2645
YLR382C	4993
YLR383W	5079
YLR384C	23276
YLR385C	698
YLR386W	5765
YLR387C	4448
YLR388W	10734
YLR389C	10171
YLR390W	1134
YLR390W-A	19573
YLR392C	1578
YLR393W	1587
YLR394W	2352
YLR395C	1727
YLR396C	3170
YLR397C	4308
YLR398C	6047
YLR399C	10615
YLR399W-A	2
YLR400W	37
YLR401C	9916
YLR402W	334
YLR403W	7584
YLR404W	1211
YLR405W	1886
YLR406C	10879
YLR406C-A	50
YLR407W	5132
YLR408C	215
YLR409C	16207
YLR410W	27415
YLR410W-A	0
YLR410W-B	5161
YLR411W	319
YLR412C-A	10
YLR412W	1949
YLR413W	38897
YLR414C	6119
YLR415C	14
YLR416C	15
YLR417W	1990
YLR418C	2204
YLR419W	10302
YLR420W	5279
YLR421C	3396
YLR422W	11933
YLR423C	646
YLR424W	1579
YLR425W	3786
YLR426W	574
YLR427W	3726
YLR428C	209
YLR429W	6112
YLR430W	23005
YLR431C	1385
YLR432W	36741
YLR433C	3982
YLR434C	17
YLR435W	2480
YLR436C	10285
YLR437C	1456
YLR437C-A	20
YLR438C-A	920
YLR438W	4539
YLR439W	1747
YLR440C	2256
YLR441C	41483
YLR442C	3191
YLR443W	5054
YLR444C	17
YLR445W	44
YLR446W	1404
YLR447C	15924
YLR448W	32259
YLR449W	11543
YLR450W	10241
YLR451W	4595
YLR452C	10069
YLR453C	777
YLR454W	27855
YLR455W	2115
YLR456W	291
YLR457C	1062
YLR458W	2
YLR459W	5311
YLR460C	368
YLR461W	28
YLR462W	40
YLR463C	3
YLR464W	0
YLR465C	2
YLR466C-A	0
YLR466C-B	25
YLR466W	25
YLR467C-A	0
YLR467W	0
YML001W	4063
YML002W	2942
YML003W	987
YML004C	8743
YML005W	2631
YML006C	4298
YML007C-A	225
YML007W	10189
YML008C	13607
YML009C	1254
YML009C-A	6
YML009W-B	312
YML010W	9037
YML011C	1434
YML012C-A	65
YML012W	9969
YML013W	3816
YML014W	2470
YML015C	1626
YML016C	7830
YML017W	5548
YML018C	8947
YML019W	1704
YML020W	2199
YML021C	2756
YML022W	8711
YML023C	3849
YML024W	25172
YML025C	2964
YML026C	24113
YML027W	5538
YML028W	93065
YML029W	6310
YML030W	513
YML031C-A	5
YML031W	8453
YML032C	4652
YML034C-A	44
YML034W	5326
YML035C	17227
YML036W	832
YML037C	628
YML038C	6631
YML039W	5
YML040W	0
YML041C	1510
YML042W	1629
YML043C	3715
YML045W	0
YML045W-A	0
YML046W	4236
YML047C	85
YML047W-A	13
YML048W	11480
YML049C	10294
YML050W	712
YML051W	5579
YML052W	4583
YML053C	860
YML054C	898
YML054C-A	2
YML055W	2906
YML056C	48971
YML057C-A	52
YML057W	3355
YML058W	9225
YML058W-A	840
YML059C	26941
YML060W	1837
YML061C	4347
YML062C	652
YML063W	64860
YML064C	1423
YML065W	3161
YML066C	228
YML067C	4793
YML068W	1099
YML069W	5377
YML070W	22467
YML071C	1764
YML072C	38254
YML073C	25010
YML074C	9092
YML075C	10541
YML076C	4661
YML077W	1485
YML078W	4792
YML079W	1584
YML080W	1984
YML081C-A	2355
YML081W	15943
YML082W	3187
YML083C	46
YML084W	39
YML085C	12233
YML086C	4016
YML087C	455
YML088W	4335
YML089C	10
YML090W	5
YML091C	4346
YML092C	5286
YML093W	8208
YML094C-A	57
YML094W	1870
YML095C	646
YML096W	2904
YML097C	2675
YML098W	743
YML099C	6288
YML099W-A	6
YML100W	21941
YML100W-A	22
YML101C	1018
YML101C-A	81
YML102W	2252
YML103C	21229
YML104C	2313
YML105C	2531
YML106W	10059
YML107C	1276
YML108W	1129
YML109W	4815
YML110C	9356
YML111W	7131
YML112W	1203
YML113W	3149
YML114C	4006
YML115C	5071
YML116W	672
YML116W-A	896
YML117W	14910
YML118W	1129
YML119W	1712
YML120C	2042
YML121W	2607
YML122C	328
YML123C	58412
YML124C	9866
YML125C	8443
YML126C	14123
YML127W	6843
YML128C	10548
YML129C	1126
YML130C	18012
YML131W	1934
YML132W	0
YML133C	68
YML133W-A	0
YML133W-B	0
YMR001C	4129
YMR001C-A	32
YMR002W	15958
YMR003W	577
YMR004W	3361
YMR005W	5053
YMR006C	8564
YMR007W	132
YMR008C	15286
YMR009W	1997
YMR010W	6022
YMR011W	7253
YMR012W	40044
YMR013C	3811
YMR013C-A	0
YMR013W-A	0
YMR014W	2544
YMR015C	9759
YMR016C	5576
YMR017W	238
YMR018W	774
YMR019W	4864
YMR020W	1659
YMR021C	2316
YMR022W	4262
YMR023C	1935
YMR024W	4304
YMR025W	236
YMR026C	2662
YMR027W	8136
YMR028W	1507
YMR029C	2779
YMR030W	1164
YMR030W-A	35
YMR031C	5050
YMR031W-A	27
YMR032W	1663
YMR033W	3483
YMR034C	1992
YMR035W	1176
YMR036C	1900
YMR037C	6459
YMR038C	3892
YMR039C	2919
YMR040W	878
YMR041C	1390
YMR042W	854
YMR043W	5199
YMR044W	1497
YMR045C	5305
YMR046C	0
YMR046W-A	0
YMR047C	9721
YMR048W	1729
YMR049C	18215
YMR050C	0
YMR051C	0
YMR052C-A	66
YMR052W	609
YMR053C	1304
YMR054W	9012
YMR055C	1898
YMR056C	655
YMR057C	68
YMR058W	80953
YMR059W	221
YMR060C	1419
YMR061W	4156
YMR062C	5040
YMR063W	883
YMR064W	3623
YMR065W	954
YMR066W	2552
YMR067C	3840
YMR068W	1457
YMR069W	356
YMR070W	1520
YMR071C	3087
YMR072W	5103
YMR073C	2044
YMR074C	3390
YMR075C-A	138
YMR075W	4679
YMR076C	11221
YMR077C	776
YMR078C	3518
YMR079W	10630
YMR080C	18480
YMR081C	216
YMR082C	12
YMR083W	29404
YMR084W	266
YMR085W	802
YMR086C-A	86
YMR086W	7490
YMR087W	1243
YMR088C	2468
YMR089C	8839
YMR090W	1359
YMR091C	1681
YMR092C	17796
YMR093W	9996
YMR094W	753
YMR095C	626
YMR096W	3216
YMR097C	976
YMR098C	3740
YMR099C	12031
YMR100W	4801
YMR101C	358
YMR102C	4237
YMR103C	344
YMR104C	1909
YMR105C	10445
YMR105W-A	21
YMR106C	1818
YMR107W	197
YMR108W	24309
YMR109W	5535
YMR110C	4598
YMR111C	1852
YMR112C	1672
YMR113W	2098
YMR114C	1388
YMR115W	2788
YMR116C	72149
YMR117C	675
YMR118C	313
YMR119W	5061
YMR119W-A	344
YMR120C	4970
YMR121C	3787
YMR122C	55
YMR122W-A	33661
YMR123W	2944
YMR124W	5976
YMR125W	9977
YMR126C	1037
YMR127C	2681
YMR128W	13937
YMR129W	16226
YMR130W	723
YMR131C	16777
YMR132C	553
YMR133W	48
YMR134W	883
YMR135C	1562
YMR135W-A	1
YMR136W	1307
YMR137C	1242
YMR138W	320
YMR139W	2903
YMR140W	3700
YMR141C	18
YMR141W-A	9
YMR142C	27920
YMR143W	21175
YMR144W	1183
YMR145C	16027
YMR146C	14943
YMR147W	1800
YMR148W	2965
YMR149W	7409
YMR150C	1558
YMR151W	67
YMR152W	4976
YMR153C-A	256
YMR153W	2860
YMR154C	1432
YMR155W	2166
YMR156C	693
YMR157C	1795
YMR158C-A	96
YMR158W	1499
YMR158W-B	1
YMR159C	224
YMR160W	2135
YMR161W	2382
YMR162C	8321
YMR163C	1715
YMR164C	2736
YMR165C	3729
YMR166C	2040
YMR167W	3102
YMR168C	1586
YMR169C	1908
YMR170C	2934
YMR171C	7222
YMR172C-A	8
YMR172W	3663
YMR173W	5525
YMR173W-A	1035
YMR174C	498
YMR175W	239
YMR175W-A	36
YMR176W	9204
YMR177W	2160
YMR178W	1883
YMR179W	3952
YMR180C	2659
YMR181C	3676
YMR182C	924
YMR182W-A	72
YMR183C	3345
YMR184W	2872
YMR185W	5374
YMR186W	253171
YMR187C	1425
YMR188C	1851
YMR189W	11277
YMR190C	8555
YMR191W	14876
YMR192W	1493
YMR193C-A	13
YMR193W	1385
YMR194C-A	181
YMR194C-B	270
YMR194W	3074
YMR195W	1361
YMR196W	13551
YMR197C	2478
YMR198W	1795
YMR199W	4853
YMR200W	6955
YMR201C	1327
YMR202W	16780
YMR203W	12696
YMR204C	504
YMR205C	105108
YMR206W	97
YMR207C	5509
YMR208W	3436
YMR209C	2574
YMR210W	1682
YMR211W	1064
YMR212C	8515
YMR213W	1698
YMR214W	3804
YMR215W	9724
YMR216C	10624
YMR217W	37926
YMR218C	3753
YMR219W	6659
YMR220W	2203
YMR221C	6945
YMR222C	1237
YMR223W	3310
YMR224C	1631
YMR225C	1296
YMR226C	9336
YMR227C	761
YMR228W	1182
YMR229C	52271
YMR230W	22926
YMR230W-A	65
YMR231W	4710
YMR232W	1402
YMR233W	654
YMR234W	1683
YMR235C	8672
YMR236W	3538
YMR237W	9790
YMR238W	3879
YMR239C	2106
YMR240C	1648
YMR241W	13683
YMR242C	27697
YMR242W-A	10
YMR243C	20798
YMR244C-A	1492
YMR244W	670
YMR245W	132
YMR246W	70331
YMR247C	15882
YMR247W-A	0
YMR250W	16571
YMR251W	109
YMR251W-A	7995
YMR252C	1223
YMR253C	1520
YMR254C	20
YMR255W	1579
YMR256C	889
YMR257C	2934
YMR258C	2044
YMR259C	10175
YMR260C	11219
YMR261C	11993
YMR262W	1409
YMR263W	809
YMR264W	4940
YMR265C	2403
YMR266W	13936
YMR267W	972
YMR268C	1301
YMR269W	88
YMR270C	2233
YMR271C	1127
YMR272C	4840
YMR272W-A	1
YMR272W-B	2
YMR273C	4692
YMR274C	372
YMR275C	9534
YMR276W	2486
YMR277W	6222
YMR278W	7010
YMR279C	151
YMR280C	2472
YMR281W	1514
YMR282C	1546
YMR283C	1784
YMR284W	2230
YMR285C	2827
YMR286W	1457
YMR287C	3916
YMR288W	4238
YMR289W	2157
YMR290C	15291
YMR290W-A	14
YMR291W	2980
YMR292W	2199
YMR293C	844
YMR294W	855
YMR294W-A	37
YMR295C	7171
YMR296C	7847
YMR297W	43872
YMR298W	2656
YMR299C	930
YMR300C	5867
YMR301C	2250
YMR302C	6000
YMR303C	5612
YMR304C-A	3491
YMR304W	11511
YMR305C	42152
YMR306C-A	125
YMR306W	2337
YMR307C-A	3
YMR307W	96400
YMR308C	28035
YMR309C	26307
YMR310C	5008
YMR311C	2811
YMR312W	2609
YMR313C	4424
YMR314W	6158
YMR315W	4986
YMR315W-A	41
YMR316C-A	107
YMR316C-B	265
YMR316W	2500
YMR317W	1035
YMR318C	14995
YMR319C	20409
YMR320W	584
YMR321C	2
YMR322C	12
YMR323W	26
YMR324C	0
YMR325W	0
YMR326C	0
YNL001W	2649
YNL002C	7057
YNL003C	1501
YNL004W	4495
YNL005C	4061
YNL006W	3619
YNL007C	10405
YNL008C	2518
YNL009W	633
YNL010W	9199
YNL011C	2001
YNL012W	700
YNL013C	0
YNL014W	2364
YNL015W	3855
YNL016W	14518
YNL017C	11
YNL018C	12
YNL019C	9
YNL020C	2740
YNL021W	5547
YNL022C	4671
YNL023C	9211
YNL024C	519
YNL024C-A	2017
YNL025C	2836
YNL026W	2402
YNL027W	4040
YNL028W	18
YNL029C	3266
YNL030W	9815
YNL031C	18267
YNL032W	2280
YNL033W	25
YNL034W	16
YNL035C	3064
YNL036W	4087
YNL037C	15326
YNL038W	1211
YNL039W	3374
YNL040W	2701
YNL041C	4422
YNL042W	2107
YNL042W-B	55
YNL043C	64
YNL044W	4686
YNL045W	10299
YNL046W	1808
YNL047C	3072
YNL048W	3251
YNL049C	12605
YNL050C	1203
YNL051W	1089
YNL052W	2819
YNL053W	2773
YNL054W	6815
YNL054W-A	0
YNL054W-B	6905
YNL055C	51602
YNL056W	1496
YNL057W	157
YNL058C	2448
YNL059C	4440
YNL061W	12845
YNL062C	7066
YNL063W	1927
YNL064C	18169
YNL065W	18237
YNL066W	19393
YNL067W	12603
YNL067W-A	9
YNL067W-B	19
YNL068C	8649
YNL069C	36321
YNL070W	3526
YNL071W	14397
YNL072W	1105
YNL073W	4216
YNL074C	8622
YNL075W	4154
YNL076W	4033
YNL077W	1413
YNL078W	5083
YNL079C	16128
YNL080C	4514
YNL081C	1295
YNL082W	2872
YNL083W	1038
YNL084C	3467
YNL085W	25845
YNL086W	411
YNL087W	14306
YNL088W	17618
YNL089C	122
YNL090W	1805
YNL091W	9276
YNL092W	502
YNL093W	39
YNL094W	7552
YNL095C	3913
YNL096C	13521
YNL097C	1616
YNL097C-B	19
YNL097W-A	44
YNL098C	3705
YNL099C	1821
YNL100W	1065
YNL101W	10705
YNL102W	10849
YNL103W	7569
YNL103W-A	2
YNL104C	24152
YNL105W	28
YNL106C	3239
YNL107W	1059
YNL108C	2885
YNL109W	131
YNL110C	4390
YNL111C	4026
YNL112W	14412
YNL113W	4919
YNL114C	212
YNL115C	3303
YNL116W	3013
YNL117W	238
YNL118C	7666
YNL119W	3417
YNL120C	11
YNL121C	14074
YNL122C	637
YNL123W	14815
YNL124W	6127
YNL125C	5361
YNL126W	3243
YNL127W	4596
YNL128W	527
YNL129W	1192
YNL130C	12694
YNL130C-A	73
YNL131W	5650
YNL132W	18355
YNL133C	937
YNL134C	7837
YNL135C	14328
YNL136W	516
YNL137C	5359
YNL138W	6592
YNL138W-A	555
YNL139C	9825
YNL140C	156
YNL141W	13032
YNL142W	1740
YNL143C	330
YNL144C	828
YNL144W-A	6
YNL145W	5151
YNL146C-A	306
YNL146W	141
YNL147W	1972
YNL148C	566
YNL149C	4283
YNL150W	22
YNL151C	1267
YNL152W	1979
YNL153C	2178
YNL154C	7169
YNL155W	4717
YNL156C	3732
YNL157W	3674
YNL158W	1717
YNL159C	2061
YNL160W	89724
YNL161W	6346
YNL162W	10376
YNL162W-A	660
YNL163C	13249
YNL164C	1355
YNL165W	2508
YNL166C	3903
YNL167C	5015
YNL168C	2370
YNL169C	4764
YNL170W	573
YNL171C	12
YNL172W	7580
YNL173C	2306
YNL174W	14
YNL175C	5625
YNL176C	5090
YNL177C	1872
YNL178W	45397
YNL179C	280
YNL180C	3281
YNL181W	4362
YNL182C	9241
YNL183C	5645
YNL184C	96
YNL185C	2048
YNL186W	12989
YNL187W	1162
YNL188W	1651
YNL189W	16744
YNL190W	22786
YNL191W	3386
YNL192W	12317
YNL193W	3362
YNL194C	422
YNL195C	892
YNL196C	351
YNL197C	9008
YNL198C	79
YNL199C	3465
YNL200C	1850
YNL201C	11278
YNL202W	1577
YNL203C	275
YNL204C	435
YNL205C	89
YNL206C	4033
YNL207W	6549
YNL208W	20573
YNL209W	56378
YNL210W	78
YNL211C	384
YNL212W	4759
YNL213C	2034
YNL214W	613
YNL215W	197
YNL216W	8701
YNL217W	4111
YNL218W	2510
YNL219C	9132
YNL220W	9340
YNL221C	6320
YNL222W	1054
YNL223W	983
YNL224C	3663
YNL225C	1942
YNL226W	67
YNL227C	2282
YNL228W	86
YNL229C	1974
YNL230C	1234
YNL231C	4902
YNL232W	4786
YNL233W	7511
YNL234W	3845
YNL235C	102
YNL236W	6171
YNL237W	573
YNL238W	7422
YNL239W	17768
YNL240C	1876
YNL241C	7149
YNL242W	4919
YNL243W	19955
YNL244C	12631
YNL245C	776
YNL246W	1526
YNL247W	15841
YNL248C	11573
YNL249C	589
YNL250W	4805
YNL251C	10442
YNL252C	1110
YNL253W	1517
YNL254C	2036
YNL255C	7833
YNL256W	9026
YNL257C	6057
YNL258C	3799
YNL259C	213
YNL260C	1256
YNL261W	4143
YNL262W	16118
YNL263C	10244
YNL264C	2486
YNL265C	1423
YNL266W	21
YNL267W	5457
YNL268W	10271
YNL269W	80
YNL270C	1087
YNL271C	15946
YNL272C	2969
YNL273W	6303
YNL274C	2685
YNL275W	3447
YNL276C	236
YNL277W	680
YNL277W-A	136
YNL278W	4488
YNL279W	719
YNL280C	6659
YNL281W	11183
YNL282W	794
YNL283C	6254
YNL284C	2996
YNL284C-A	0
YNL284C-B	2610
YNL285W	5
YNL286W	263
YNL287W	22913
YNL288W	4063
YNL289W	4948
YNL290W	3233
YNL291C	5462
YNL292W	2184
YNL293W	1957
YNL294C	5732
YNL295W	2339
YNL296W	10
YNL297C	12933
YNL298W	6706
YNL299W	3780
YNL300W	950
YNL301C	8384
YNL302C	14783
YNL303W	434
YNL304W	1384
YNL305C	5028
YNL306W	3005
YNL307C	7566
YNL308C	4135
YNL309W	2031
YNL310C	1912
YNL311C	3074
YNL312W	5551
YNL313C	12922
YNL314W	1118
YNL315C	2614
YNL316C	1381
YNL317W	2343
YNL318C	167
YNL319W	117
YNL320W	1522
YNL321W	4859
YNL322C	6426
YNL323W	3528
YNL324W	39
YNL325C	2334
YNL326C	2276
YNL327W	25744
YNL328C	416
YNL329C	7159
YNL330C	3826
YNL331C	1316
YNL332W	218
YNL333W	436
YNL334C	269
YNL335W	5
YNL336W	873
YNL337W	0
YNL338W	3
YNL339C	0
YNL339W-A	0
YNL339W-B	0
YNR001C	13541
YNR001W-A	28
YNR002C	484
YNR003C	3627
YNR003W-A	1
YNR004W	471
YNR005C	9
YNR006W	3650
YNR007C	1046
YNR008W	3137
YNR009W	1257
YNR010W	426
YNR011C	3721
YNR012W	4674
YNR013C	8044
YNR014W	1011
YNR015W	3207
YNR016C	110512
YNR017W	3072
YNR018W	5172
YNR019W	6953
YNR020C	793
YNR021W	9582
YNR022C	2089
YNR023W	2431
YNR024W	785
YNR025C	228
YNR026C	3435
YNR027W	1862
YNR028W	2938
YNR029C	2313
YNR030W	11996
YNR031C	7961
YNR032C-A	420
YNR032W	2733
YNR033W	5819
YNR034W	741
YNR034W-A	1210
YNR035C	9818
YNR036C	2840
YNR037C	1923
YNR038W	9581
YNR039C	4104
YNR040W	2450
YNR041C	2030
YNR042W	17
YNR043W	20031
YNR044W	3013
YNR045W	1179
YNR046W	5045
YNR047W	7860
YNR048W	842
YNR049C	1153
YNR050C	9467
YNR051C	6495
YNR052C	4107
YNR053C	13704
YNR054C	2361
YNR055C	7380
YNR056C	229
YNR057C	1015
YNR058W	1713
YNR059W	1994
YNR060W	1523
YNR061C	2530
YNR062C	488
YNR063W	1899
YNR064C	41
YNR065C	3694
YNR066C	885
YNR067C	34359
YNR068C	888
YNR069C	1456
YNR070W	497
YNR071C	138
YNR072W	70
YNR073C	318
YNR074C	3407
YNR075C-A	0
YNR075W	1725
YNR076W	0
YNR077C	0
YOL001W	2152
YOL002C	4741
YOL003C	2713
YOL004W	21491
YOL005C	2857
YOL006C	7373
YOL007C	6588
YOL008W	829
YOL009C	944
YOL010W	5776
YOL011W	13613
YOL012C	1711
YOL013C	3666
YOL013W-A	341
YOL013W-B	1
YOL014W	687
YOL015W	841
YOL016C	3370
YOL017W	2797
YOL018C	1418
YOL019W	7764
YOL019W-A	6
YOL020W	6374
YOL021C	12760
YOL022C	6428
YOL023W	2037
YOL024W	164
YOL025W	3119
YOL026C	1213
YOL027C	6760
YOL028C	1354
YOL029C	1303
YOL030W	20752
YOL031C	6591
YOL032W	517
YOL033W	843
YOL034W	3579
YOL035C	29
YOL036W	14794
YOL037C	40
YOL038C-A	495
YOL038W	10996
YOL039W	23631
YOL040C	64675
YOL041C	7588
YOL042W	1555
YOL043C	1065
YOL044W	584
YOL045W	10988
YOL046C	12
YOL047C	1560
YOL048C	1703
YOL049W	2318
YOL050C	3
YOL051W	10283
YOL052C	4498
YOL052C-A	1445
YOL053W	842
YOL054W	1695
YOL055C	5397
YOL056W	994
YOL057W	5871
YOL058W	12634
YOL059W	9656
YOL060C	6527
YOL061W	12470
YOL062C	5696
YOL063C	4540
YOL064C	1563
YOL065C	651
YOL066C	3844
YOL067C	1142
YOL068C	4223
YOL069W	1767
YOL070C	4661
YOL071W	904
YOL072W	1934
YOL073C	2200
YOL075C	4508
YOL076W	6742
YOL077C	8533
YOL077W-A	2097
YOL078W	4116
YOL079W	1
YOL080C	2465
YOL081W	52132
YOL082W	4398
YOL083C-A	11
YOL083W	1453
YOL084W	1235
YOL085C	9
YOL085W-A	322
YOL086C	311471
YOL086W-A	1142
YOL087C	6705
YOL088C	2489
YOL089C	3733
YOL090W	10769
YOL091W	559
YOL092W	6311
YOL093W	1479
YOL094C	2419
YOL095C	1695
YOL096C	650
YOL097C	9075
YOL097W-A	151
YOL098C	11760
YOL099C	95
YOL100W	6227
YOL101C	2229
YOL102C	1101
YOL103W	3937
YOL103W-A	0
YOL103W-B	289
YOL104C	3537
YOL105C	2725
YOL106W	146
YOL107W	1679
YOL108C	389
YOL109W	24980
YOL110W	407
YOL111C	2781
YOL112W	1816
YOL113W	2577
YOL114C	366
YOL115W	2651
YOL116W	3070
YOL117W	1549
YOL118C	90
YOL119C	1153
YOL120C	34867
YOL121C	13239
YOL122C	2461
YOL123W	13630
YOL124C	6175
YOL125W	3614
YOL126C	2157
YOL127W	38839
YOL128C	3354
YOL129W	5845
YOL130W	10425
YOL131W	126
YOL132W	1200
YOL133W	2207
YOL134C	32
YOL135C	988
YOL136C	6906
YOL137W	3319
YOL138C	4505
YOL139C	17583
YOL140W	4433
YOL141W	2207
YOL142W	4819
YOL143C	3195
YOL144W	2079
YOL145C	8782
YOL146W	1525
YOL147C	1838
YOL148C	3314
YOL149W	1356
YOL150C	145
YOL151W	5159
YOL152W	8658
YOL153C	654
YOL154W	743
YOL155C	7458
YOL155W-A	0
YOL156W	86
YOL157C	384
YOL158C	10281
YOL159C	1376
YOL159C-A	605
YOL160W	231
YOL161C	8
YOL162W	586
YOL163W	392
YOL164W	2152
YOL164W-A	9
YOL165C	50
YOL166C	0
YOL166W-A	4
YOR001W	8662
YOR002W	8201
YOR003W	1447
YOR004W	2520
YOR005C	2507
YOR006C	1595
YOR007C	24866
YOR008C	6694
YOR008C-A	20
YOR008W-B	128
YOR009W	767
YOR010C	589
YOR011W	7282
YOR011W-A	5
YOR012W	254
YOR013W	367
YOR014W	14911
YOR015W	1946
YOR016C	3971
YOR017W	4470
YOR018W	3721
YOR019W	985
YOR020C	16062
YOR020W-A	2029
YOR021C	5762
YOR022C	1082
YOR023C	5495
YOR024W	67
YOR025W	2719
YOR026W	1941
YOR027W	33509
YOR028C	1104
YOR029W	3
YOR030W	4631
YOR031W	452
YOR032C	685
YOR032W-A	47
YOR033C	5869
YOR034C	4613
YOR034C-A	484
YOR035C	4563
YOR036W	1261
YOR037W	1348
YOR038C	3257
YOR039W	5175
YOR040W	714
YOR041C	47
YOR042W	5225
YOR043W	4508
YOR044W	1308
YOR045W	1324
YOR046C	7305
YOR047C	3331
YOR048C	12453
YOR049C	170
YOR050C	41
YOR051C	5943
YOR052C	6755
YOR053W	106
YOR054C	2831
YOR055W	30
YOR056C	6773
YOR057W	4750
YOR058C	3118
YOR059C	2791
YOR060C	1152
YOR061W	5889
YOR062C	1228
YOR063W	83930
YOR064C	1132
YOR065W	817
YOR066W	5559
YOR067C	4796
YOR068C	12
YOR069W	3413
YOR070C	3946
YOR071C	4662
YOR072W	50
YOR072W-A	88
YOR072W-B	8
YOR073W	2281
YOR073W-A	2
YOR074C	2876
YOR075W	1793
YOR076C	3139
YOR077W	805
YOR078W	3715
YOR079C	1481
YOR080W	2374
YOR081C	6287
YOR082C	18
YOR083W	291
YOR084W	453
YOR085W	9952
YOR086C	15206
YOR087W	3198
YOR089C	3520
YOR090C	5115
YOR091W	6535
YOR092W	6780
YOR093C	6336
YOR094W	1043
YOR095C	4083
YOR096W	28942
YOR097C	740
YOR098C	18046
YOR099W	19269
YOR100C	671
YOR101W	3347
YOR102W	75
YOR103C	3555
YOR104W	1006
YOR105W	204
YOR106W	1150
YOR107W	1727
YOR108C-A	35
YOR108W	9457
YOR109W	6410
YOR110W	1622
YOR111W	495
YOR112W	5394
YOR113W	4806
YOR114W	1012
YOR115C	725
YOR116C	30865
YOR117W	11025
YOR118W	1620
YOR119C	3595
YOR120W	3461
YOR121C	191
YOR122C	12813
YOR123C	1135
YOR124C	14362
YOR125C	1357
YOR126C	1903
YOR127W	10895
YOR128C	5604
YOR129C	3161
YOR130C	1540
YOR131C	1685
YOR132W	5094
YOR133W	5312
YOR134W	396
YOR135C	19
YOR136W	24728
YOR137C	1997
YOR138C	7175
YOR139C	10
YOR140W	3517
YOR141C	5787
YOR142W	8850
YOR142W-A	0
YOR142W-B	0
YOR143C	1191
YOR144C	3604
YOR145C	7615
YOR146W	42
YOR147W	3067
YOR148C	1436
YOR149C	3424
YOR150W	2228
YOR151C	33243
YOR152C	2133
YOR153W	67385
YOR154W	2066
YOR155C	2538
YOR156C	2169
YOR157C	6003
YOR158W	2148
YOR159C	1253
YOR160W	6025
YOR161C	3246
YOR161C-C	52
YOR161W-A	26
YOR161W-B	43
YOR162C	3423
YOR163W	1811
YOR164C	4579
YOR165W	7720
YOR166C	2961
YOR167C	22540
YOR168W	24965
YOR169C	19
YOR170W	4
YOR171C	5598
YOR172W	2970
YOR173W	1696
YOR174W	1554
YOR175C	10172
YOR176W	5344
YOR177C	1061
YOR178C	1984
YOR179C	805
YOR180C	651
YOR181W	866
YOR182C	7008
YOR183W	349
YOR184W	10861
YOR185C	7084
YOR186C-A	81
YOR186W	79
YOR187W	19887
YOR188W	5281
YOR189W	1078
YOR190W	639
YOR191W	10087
YOR192C	1029
YOR192C-A	0
YOR192C-B	413
YOR192C-C	128
YOR193W	1395
YOR194C	1249
YOR195W	4583
YOR196C	2320
YOR197W	11884
YOR198C	24147
YOR199W	23
YOR200W	14
YOR201C	1916
YOR202W	522
YOR203W	16
YOR204W	19633
YOR205C	3681
YOR206W	13808
YOR207C	14934
YOR208W	7256
YOR209C	10293
YOR210W	1892
YOR211C	5581
YOR212W	5588
YOR213C	1954
YOR214C	139
YOR215C	1210
YOR216C	2812
YOR217W	6007
YOR218C	9
YOR219C	6026
YOR220W	3147
YOR221C	3331
YOR222W	4542
YOR223W	700
YOR224C	8618
YOR225W	6
YOR226C	2794
YOR227W	11171
YOR228C	627
YOR229W	3793
YOR230W	18945
YOR231C-A	51
YOR231W	2502
YOR232W	5292
YOR233W	7581
YOR234C	18214
YOR235W	330
YOR236W	694
YOR237W	2390
YOR238W	1753
YOR239W	5122
YOR241W	3795
YOR242C	1026
YOR243C	8052
YOR244W	2381
YOR245C	2802
YOR246C	6366
YOR247W	5124
YOR248W	677
YOR249C	1979
YOR250C	1648
YOR251C	3377
YOR252W	2099
YOR253W	2070
YOR254C	15455
YOR255W	72
YOR256C	5715
YOR257W	651
YOR258W	508
YOR259C	9008
YOR260W	13793
YOR261C	6850
YOR262W	3060
YOR263C	12
YOR264W	3241
YOR265W	2460
YOR266W	1002
YOR267C	3862
YOR268C	2
YOR269W	1774
YOR270C	45220
YOR271C	5173
YOR272W	9531
YOR273C	2240
YOR274W	2143
YOR275C	5604
YOR276W	8167
YOR277C	108
YOR278W	1173
YOR279C	784
YOR280C	1124
YOR281C	3272
YOR282W	3
YOR283W	5143
YOR284W	662
YOR285W	11493
YOR286W	3327
YOR287C	1665
YOR288C	3204
YOR289W	1153
YOR290C	10554
YOR291W	9347
YOR292C	2184
YOR293C-A	13
YOR293W	33561
YOR294W	3769
YOR295W	711
YOR296W	5423
YOR297C	1500
YOR298C-A	5764
YOR298W	470
YOR299W	4546
YOR300W	216
YOR301W	1022
YOR302W	1441
YOR303W	27915
YOR304C-A	859
YOR304W	5042
YOR305W	2548
YOR306C	11663
YOR307C	5992
YOR308C	1996
YOR309C	1287
YOR310C	11744
YOR311C	2096
YOR312C	30853
YOR313C	425
YOR314W	35
YOR314W-A	18
YOR315W	2707
YOR316C	7244
YOR316C-A	74
YOR317W	17767
YOR318C	305
YOR319W	1268
YOR320C	5469
YOR321W	8297
YOR322C	7220
YOR323C	3390
YOR324C	3909
YOR325W	11
YOR326W	30278
YOR327C	3917
YOR328W	11195
YOR329C	5245
YOR329W-A	153
YOR330C	7164
YOR331C	36
YOR332W	23071
YOR333C	30
YOR334W	2822
YOR335C	38783
YOR335W-A	0
YOR336W	15717
YOR337W	5903
YOR338W	4803
YOR339C	126
YOR340C	5563
YOR341W	70657
YOR342C	4797
YOR343C	106
YOR343W-A	0
YOR343W-B	2258
YOR344C	3491
YOR345C	20
YOR346W	4627
YOR347C	3865
YOR348C	233
YOR349W	4868
YOR350C	2627
YOR351C	203
YOR352W	1420
YOR353C	4212
YOR354C	6108
YOR355W	18671
YOR356W	1361
YOR357C	2531
YOR358W	903
YOR359W	4814
YOR360C	11749
YOR361C	23235
YOR362C	8736
YOR363C	4583
YOR364W	154
YOR365C	153
YOR366W	341
YOR367W	1646
YOR368W	1667
YOR369C	38176
YOR370C	10447
YOR371C	5011
YOR372C	5129
YOR373W	3707
YOR374W	16198
YOR375C	8473
YOR376W	3
YOR376W-A	336
YOR377W	4339
YOR378W	835
YOR379C	307
YOR380W	1761
YOR381W	2516
YOR381W-A	104
YOR382W	25039
YOR383C	17229
YOR384W	1236
YOR385W	1327
YOR386W	1176
YOR387C	95
YOR388C	67
YOR389W	1781
YOR390W	526
YOR391C	29
YOR392W	5
YOR393W	0
YOR394C-A	14
YOR394W	0
YOR396C-A	0
YOR396W	0
YPL001W	2762
YPL002C	1285
YPL003W	1580
YPL004C	13225
YPL005W	1193
YPL006W	11713
YPL007C	2026
YPL008W	2949
YPL009C	5777
YPL010W	5865
YPL011C	2559
YPL012W	25470
YPL013C	1317
YPL014W	2982
YPL015C	4591
YPL016W	5400
YPL017C	1480
YPL018W	1347
YPL019C	24197
YPL020C	1623
YPL021W	68
YPL022W	6591
YPL023C	4591
YPL024W	2599
YPL025C	235
YPL026C	4936
YPL027W	284
YPL028W	22310
YPL029W	2215
YPL030W	4469
YPL031C	3489
YPL032C	10473
YPL033C	344
YPL034W	1192
YPL035C	59
YPL036W	6230
YPL037C	18878
YPL038W	1393
YPL038W-A	51
YPL039W	1563
YPL040C	3814
YPL041C	833
YPL042C	3221
YPL043W	6133
YPL044C	375
YPL045W	4714
YPL046C	635
YPL047W	1662
YPL048W	9352
YPL049C	3457
YPL050C	8872
YPL051W	623
YPL052W	1510
YPL053C	4620
YPL054W	231
YPL055C	1149
YPL056C	223
YPL057C	5175
YPL058C	7848
YPL059W	3469
YPL060C-A	58
YPL060W	701
YPL061W	31804
YPL062W	17
YPL063W	5622
YPL064C	1875
YPL065W	742
YPL066W	6775
YPL067C	1805
YPL068C	2378
YPL069C	1428
YPL070W	2910
YPL071C	1263
YPL072W	1704
YPL073C	31
YPL074W	1984
YPL075W	8241
YPL076W	1305
YPL077C	584
YPL078C	4259
YPL079W	15140
YPL080C	51
YPL081W	7527
YPL082C	23775
YPL083C	717
YPL084W	3223
YPL085W	23712
YPL086C	7217
YPL087W	3732
YPL088W	3002
YPL089C	5744
YPL090C	9781
YPL091W	5703
YPL092W	6182
YPL093W	32374
YPL094C	9735
YPL095C	2622
YPL096C-A	549
YPL096W	1000
YPL097W	2521
YPL098C	2819
YPL099C	779
YPL100W	1941
YPL101W	4414
YPL102C	88
YPL103C	1922
YPL104W	3188
YPL105C	6544
YPL106C	160255
YPL107W	1139
YPL108W	500
YPL109C	1235
YPL110C	3666
YPL111W	24855
YPL112C	4039
YPL113C	182
YPL114W	595
YPL115C	11587
YPL116W	4505
YPL117C	9629
YPL118W	5064
YPL119C	1255
YPL119C-A	269
YPL120W	1400
YPL121C	62
YPL122C	3033
YPL123C	1084
YPL124W	764
YPL125W	3607
YPL126W	22900
YPL127C	2781
YPL128C	6146
YPL129W	4982
YPL130W	477
YPL131W	85368
YPL132W	2095
YPL133C	2738
YPL134C	1251
YPL135C-A	21
YPL135W	7858
YPL136W	180
YPL137C	21897
YPL138C	1032
YPL139C	1557
YPL140C	1747
YPL141C	5026
YPL142C	11
YPL143W	24508
YPL144W	836
YPL145C	16384
YPL146C	3982
YPL147W	914
YPL148C	1783
YPL149W	1918
YPL150W	5653
YPL151C	2279
YPL152W	2548
YPL152W-A	37
YPL153C	4143
YPL154C	67684
YPL155C	2493
YPL156C	1105
YPL157W	1860
YPL158C	4298
YPL159C	3155
YPL160W	40213
YPL161C	1905
YPL162C	1278
YPL163C	4675
YPL164C	2820
YPL165C	39
YPL166W	644
YPL167C	4063
YPL168W	1665
YPL169C	6664
YPL170W	1272
YPL171C	268
YPL172C	1962
YPL173W	1747
YPL174C	2611
YPL175W	2480
YPL176C	5520
YPL177C	4378
YPL178W	2498
YPL179W	9306
YPL180W	3073
YPL181W	2809
YPL182C	20
YPL183C	12466
YPL183W-A	1805
YPL184C	7247
YPL185W	113
YPL186C	526
YPL187W	193
YPL188W	2988
YPL189C-A	1002
YPL189W	969
YPL190C	7534
YPL191C	248
YPL192C	84
YPL193W	3430
YPL194W	1258
YPL195W	8304
YPL196W	375
YPL197C	41
YPL198W	5690
YPL199C	3114
YPL200W	69
YPL201C	246
YPL202C	4281
YPL203W	2249
YPL204W	8694
YPL205C	488
YPL206C	3039
YPL207W	9784
YPL208W	3561
YPL209C	880
YPL210C	5717
YPL211W	3983
YPL212C	6310
YPL213W	1429
YPL214C	3898
YPL215W	2017
YPL216W	3445
YPL217C	11395
YPL218W	11588
YPL219W	1619
YPL220W	8573
YPL221W	24133
YPL222C-A	216
YPL222W	3673
YPL223C	709
YPL224C	3301
YPL225W	10798
YPL226W	48331
YPL227C	4352
YPL228W	2951
YPL229W	1301
YPL230W	1287
YPL231W	99163
YPL232W	5478
YPL233W	1403
YPL234C	4498
YPL235W	7430
YPL236C	1326
YPL237W	9836
YPL238C	37
YPL239W	4790
YPL240C	273961
YPL241C	411
YPL242C	9102
YPL243W	7536
YPL244C	4299
YPL245W	8191
YPL246C	5639
YPL247C	1444
YPL248C	1294
YPL249C	5086
YPL249C-A	14754
YPL250C	949
YPL250W-A	40
YPL251W	16
YPL252C	1786
YPL253C	895
YPL254W	3064
YPL255W	1135
YPL256C	10345
YPL257W	226
YPL257W-A	0
YPL257W-B	0
YPL258C	2246
YPL259C	2184
YPL260W	8165
YPL261C	240
YPL262W	16942
YPL263C	8728
YPL264C	358
YPL265W	11868
YPL266W	6025
YPL267W	1165
YPL268W	3352
YPL269W	988
YPL270W	5983
YPL271W	3086
YPL272C	1582
YPL273W	9219
YPL274W	1145
YPL275W	3
YPL276W	9
YPL277C	1130
YPL278C	154
YPL279C	542
YPL280W	0
YPL281C	0
YPL282C	0
YPL283C	0
YPL283W-A	0
YPL283W-B	0
YPR001W	607
YPR002C-A	36
YPR002W	1268
YPR003C	1955
YPR004C	5339
YPR005C	1221
YPR006C	1585
YPR007C	1054
YPR008W	7296
YPR009W	2055
YPR010C	55113
YPR010C-A	1337
YPR011C	1116
YPR012W	57
YPR013C	1744
YPR014C	4
YPR015C	520
YPR016C	10655
YPR016W-A	8
YPR017C	836
YPR018W	3044
YPR019W	8116
YPR020W	1022
YPR021C	3641
YPR022C	8983
YPR023C	4857
YPR024W	12601
YPR025C	2075
YPR026W	6980
YPR027C	119
YPR028W	13166
YPR029C	7037
YPR030W	1881
YPR031W	2470
YPR032W	4904
YPR033C	19223
YPR034W	3290
YPR035W	32385
YPR036W	14024
YPR036W-A	10118
YPR037C	1066
YPR038W	9
YPR039W	5
YPR040W	2286
YPR041W	11089
YPR042C	6875
YPR043W	16747
YPR044C	5
YPR045C	3853
YPR046W	756
YPR047W	1153
YPR048W	4233
YPR049C	8108
YPR050C	52
YPR051W	839
YPR052C	1617
YPR053C	827
YPR054W	101
YPR055W	5427
YPR056W	919
YPR057W	1506
YPR058W	2056
YPR059C	81
YPR060C	4870
YPR061C	894
YPR062W	2884
YPR063C	4811
YPR064W	20
YPR065W	3383
YPR066W	266
YPR067W	2082
YPR068C	759
YPR069C	19208
YPR070W	3477
YPR071W	749
YPR072W	6889
YPR073C	1008
YPR074C	85781
YPR074W-A	7
YPR075C	6549
YPR076W	43
YPR077C	18
YPR078C	470
YPR079W	3654
YPR080W	64498
YPR081C	2273
YPR082C	1093
YPR083W	1412
YPR084W	2052
YPR085C	2941
YPR086W	4699
YPR087W	22
YPR088C	7872
YPR089W	6188
YPR091C	3432
YPR092W	84
YPR093C	541
YPR094W	889
YPR095C	4950
YPR096C	66
YPR097W	9214
YPR098C	2771
YPR099C	459
YPR100W	1628
YPR101W	1113
YPR102C	11268
YPR103W	7823
YPR104C	4815
YPR105C	7195
YPR106W	2624
YPR107C	1364
YPR108W	11698
YPR108W-A	57
YPR109W	2101
YPR110C	13964
YPR111W	2508
YPR112C	12613
YPR113W	9932
YPR114W	6314
YPR115W	6132
YPR116W	321
YPR117W	13504
YPR118W	3923
YPR119W	3370
YPR120C	2459
YPR121W	1936
YPR122W	10172
YPR123C	175
YPR124W	12253
YPR125W	3609
YPR126C	24
YPR127W	10060
YPR128C	2492
YPR129W	5979
YPR130C	115
YPR131C	1743
YPR132W	20222
YPR133C	3348
YPR133W-A	2938
YPR134W	999
YPR135W	5822
YPR136C	16
YPR137C-A	0
YPR137C-B	0
YPR137W	8610
YPR138C	3024
YPR139C	2372
YPR140W	2410
YPR141C	2509
YPR142C	6
YPR143W	2430
YPR144C	7340
YPR145C-A	154
YPR145W	24991
YPR146C	357
YPR147C	2389
YPR148C	3799
YPR149W	7301
YPR150W	379
YPR151C	368
YPR152C	768
YPR153W	457
YPR154W	4487
YPR155C	931
YPR156C	3532
YPR157W	783
YPR158C-C	0
YPR158C-D	1471
YPR158W	1574
YPR158W-A	0
YPR158W-B	353
YPR159C-A	1
YPR159W	37826
YPR160C-A	48
YPR160W	18078
YPR160W-A	0
YPR161C	8590
YPR162C	1562
YPR163C	20476
YPR164W	9986
YPR165W	11599
YPR166C	1122
YPR167C	960
YPR168W	637
YPR169W	7026
YPR169W-A	74
YPR170C	117
YPR170W-A	46
YPR170W-B	2725
YPR171W	2555
YPR172W	2106
YPR173C	5297
YPR174C	1432
YPR175W	5242
YPR176C	3020
YPR177C	22
YPR178W	1791
YPR179C	2103
YPR180W	1781
YPR181C	23242
YPR182W	2204
YPR183W	4548
YPR184W	17320
YPR185W	2370
YPR186C	2666
YPR187W	5877
YPR188C	3879
YPR189W	10062
YPR190C	7852
YPR191W	7832
YPR192W	72
YPR193C	180
YPR194C	783
YPR195C	96
YPR196W	1186
YPR197C	67
YPR198W	4119
YPR199C	2559
YPR200C	224
YPR201W	475
YPR202W	59
YPR203W	0
YPR204C-A	0
YPR204W	26
snR10	2620
snR11	5194
snR128	11935
snR13	2899
snR14	513
snR161	749
snR17a	284909
snR17b	86673
snR18	565
snR189	2833
snR19	304502
snR190	35225
snR191	10528
snR24	294
snR3	8955
snR30	300471
snR31	5712
snR32	10193
snR33	5148
snR34	7901
snR35	10646
snR36	830
snR37	189445
snR38	150
snR39	386
snR39B	1094
snR4	12584
snR40	2590
snR41	1580
snR42	17040
snR43	4565
snR44	1879
snR45	2217
snR46	6467
snR47	533
snR48	103
snR49	2184
snR5	10465
snR50	628
snR51	540
snR52	1736
snR53	28
snR54	28
snR55	275
snR56	226
snR57	603
snR58	19
snR59	69
snR6	205
snR60	169
snR61	44
snR62	281
snR63	21940
snR64	705
snR65	38
snR66	824
snR67	3918
snR68	601
snR69	360
snR7-L	497
snR7-S	0
snR70	3290
snR71	169
snR72	184
snR73	1255
snR74	509
snR75	384
snR76	3537
snR77	1831
snR78	213
snR79	252
snR8	6877
snR80	123
snR81	810
snR82	26057
snR83	96430
snR84	44533
snR85	569
snR86	163689
snR87	225
snR9	18979
tA(AGC)D	2
tA(AGC)F	0
tA(AGC)G	4
tA(AGC)H	0
tA(AGC)J	0
tA(AGC)K1	2
tA(AGC)K2	0
tA(AGC)L	3
tA(AGC)M1	1
tA(AGC)M2	0
tA(AGC)P	4
tA(UGC)A	9
tA(UGC)E	1
tA(UGC)G	2
tA(UGC)L	1
tA(UGC)O	3
tA(UGC)Q	1
tC(GCA)B	1
tC(GCA)G	2
tC(GCA)P1	3
tC(GCA)P2	0
tC(GCA)Q	0
tD(GUC)B	6
tD(GUC)D	14
tD(GUC)G1	9
tD(GUC)G2	8
tD(GUC)I1	1
tD(GUC)I2	3
tD(GUC)J1	0
tD(GUC)J2	6
tD(GUC)J3	0
tD(GUC)J4	0
tD(GUC)K	1
tD(GUC)L1	2
tD(GUC)L2	1
tD(GUC)M	6
tD(GUC)N	35
tD(GUC)O	6
tD(GUC)Q	1
tE(CUC)D	0
tE(CUC)I	2
tE(UUC)B	0
tE(UUC)C	0
tE(UUC)E1	1
tE(UUC)E2	49
tE(UUC)E3	0
tE(UUC)G1	5
tE(UUC)G2	0
tE(UUC)G3	0
tE(UUC)I	2
tE(UUC)J	1
tE(UUC)K	7
tE(UUC)L	1
tE(UUC)M	4
tE(UUC)P	1
tE(UUC)Q	3
tF(GAA)B	8
tF(GAA)D	24
tF(GAA)F	7
tF(GAA)G	4
tF(GAA)H1	5
tF(GAA)H2	0
tF(GAA)M	3
tF(GAA)N	4
tF(GAA)P1	10
tF(GAA)P2	8
tF(GAA)Q	0
tG(CCC)D	2
tG(CCC)O	5
tG(GCC)B	0
tG(GCC)C	0
tG(GCC)D1	0
tG(GCC)D2	38
tG(GCC)E	4
tG(GCC)F1	1
tG(GCC)F2	16
tG(GCC)G1	4
tG(GCC)G2	12
tG(GCC)J1	0
tG(GCC)J2	9
tG(GCC)M	1
tG(GCC)O1	0
tG(GCC)O2	3
tG(GCC)P1	83
tG(GCC)P2	2
tG(UCC)G	0
tG(UCC)N	0
tG(UCC)O	3
tG(UCC)Q	0
tH(GUG)E1	2
tH(GUG)E2	2
tH(GUG)G1	2
tH(GUG)G2	228
tH(GUG)H	0
tH(GUG)K	3
tH(GUG)M	47
tH(GUG)Q	26
tI(AAU)B	0
tI(AAU)D	0
tI(AAU)E1	0
tI(AAU)E2	9
tI(AAU)G	15
tI(AAU)I1	0
tI(AAU)I2	1
tI(AAU)L1	3
tI(AAU)L2	2
tI(AAU)N1	0
tI(AAU)N2	0
tI(AAU)P1	14
tI(AAU)P2	0
tI(GAU)Q	1
tI(UAU)D	43
tI(UAU)L	14
tK(CUU)C	0
tK(CUU)D1	1
tK(CUU)D2	0
tK(CUU)E1	5
tK(CUU)E2	0
tK(CUU)F	2
tK(CUU)G1	2
tK(CUU)G2	0
tK(CUU)G3	3
tK(CUU)I	1
tK(CUU)J	0
tK(CUU)K	6
tK(CUU)M	5
tK(CUU)P	2
tK(UUU)D	27
tK(UUU)G1	21
tK(UUU)G2	5
tK(UUU)K	20
tK(UUU)L	6
tK(UUU)O	120
tK(UUU)P	33
tK(UUU)Q	9
tL(CAA)A	1
tL(CAA)C	11
tL(CAA)D	13
tL(CAA)G1	2
tL(CAA)G2	12
tL(CAA)G3	12
tL(CAA)K	2
tL(CAA)L	20
tL(CAA)M	6
tL(CAA)N	23
tL(GAG)G	18
tL(UAA)B1	0
tL(UAA)B2	1
tL(UAA)D	14
tL(UAA)J	2
tL(UAA)K	3
tL(UAA)L	15
tL(UAA)N	3
tL(UAA)Q	0
tL(UAG)J	0
tL(UAG)L1	112
tL(UAG)L2	3
tM(CAU)C	0
tM(CAU)D	0
tM(CAU)E	15
tM(CAU)J1	0
tM(CAU)J2	5
tM(CAU)J3	0
tM(CAU)M	2
tM(CAU)O1	2
tM(CAU)O2	3
tM(CAU)P	2
tM(CAU)Q1	0
tM(CAU)Q2	0
tN(GUU)C	1
tN(GUU)F	10
tN(GUU)G	1
tN(GUU)K	7
tN(GUU)L	1
tN(GUU)N1	30
tN(GUU)N2	1
tN(GUU)O1	4
tN(GUU)O2	1
tN(GUU)P	110
tN(GUU)Q	0
tP(AGG)C	7
tP(AGG)N	2
tP(UGG)A	4
tP(UGG)F	6
tP(UGG)H	43
tP(UGG)L	2
tP(UGG)M	66
tP(UGG)N1	0
tP(UGG)N2	4
tP(UGG)O1	0
tP(UGG)O2	0
tP(UGG)O3	36
tP(UGG)Q	6
tQ(CUG)M	51
tQ(UUG)B	4
tQ(UUG)C	0
tQ(UUG)D1	3
tQ(UUG)D2	4
tQ(UUG)D3	0
tQ(UUG)E1	2
tQ(UUG)E2	2
tQ(UUG)H	2
tQ(UUG)L	3
tQ(UUG)Q	2
tR(ACG)D	13
tR(ACG)E	3
tR(ACG)J	11
tR(ACG)K	1
tR(ACG)L	2
tR(ACG)O	1
tR(ACG)Q2	0
tR(CCG)L	3
tR(CCU)J	0
tR(UCU)B	0
tR(UCU)D	0
tR(UCU)E	2
tR(UCU)G1	2
tR(UCU)G2	21
tR(UCU)G3	3
tR(UCU)J1	0
tR(UCU)J2	0
tR(UCU)K	3
tR(UCU)M1	0
tR(UCU)M2	0
tR(UCU)Q1	0
tS(AGA)A	1
tS(AGA)B	10
tS(AGA)D1	1
tS(AGA)D2	3
tS(AGA)D3	24
tS(AGA)E	4
tS(AGA)G	5
tS(AGA)H	2
tS(AGA)J	10
tS(AGA)L	1
tS(AGA)M	3
tS(CGA)C	4
tS(GCU)F	2
tS(GCU)L	12
tS(GCU)O	17
tS(GCU)Q1	21
tS(UGA)E	10
tS(UGA)I	1
tS(UGA)P	4
tS(UGA)Q2	4
tT(AGU)B	1
tT(AGU)C	3
tT(AGU)D	2
tT(AGU)H	1
tT(AGU)I1	12
tT(AGU)I2	0
tT(AGU)J	0
tT(AGU)N1	4
tT(AGU)N2	1
tT(AGU)O1	1
tT(AGU)O2	1
tT(CGU)K	0
tT(UGU)G1	5
tT(UGU)G2	75
tT(UGU)H	0
tT(UGU)P	0
tT(UGU)Q1	0
tT(XXX)Q2	1
tV(AAC)E1	2
tV(AAC)E2	12
tV(AAC)G1	22
tV(AAC)G2	12
tV(AAC)G3	45
tV(AAC)H	5
tV(AAC)J	1
tV(AAC)K1	3
tV(AAC)K2	0
tV(AAC)L	8
tV(AAC)M1	2
tV(AAC)M2	5
tV(AAC)M3	4
tV(AAC)O	4
tV(CAC)D	14
tV(CAC)H	4
tV(UAC)B	1
tV(UAC)D	12
tV(UAC)Q	49
tW(CCA)G1	124
tW(CCA)G2	3
tW(CCA)J	1
tW(CCA)K	25
tW(CCA)M	3
tW(CCA)P	117
tW(UCA)Q	0
tX(XXX)D	38
tY(GUA)D	17
tY(GUA)F1	4
tY(GUA)F2	2
tY(GUA)J1	15
tY(GUA)J2	6
tY(GUA)M1	5
tY(GUA)M2	0
tY(GUA)O	3
tY(GUA)Q	0
__no_feature	5130143
__ambiguous	323431
__too_low_aQual	0
__not_aligned	0
__alignment_not_unique	15164122
