15S_rRNA	1752
21S_rRNA	4970
HRA1	7
ICR1	1391
LSR1	822191
NME1	32488
PWR1	22
Q0010	4
Q0017	0
Q0032	5
Q0045	7089
Q0050	21076
Q0055	15635
Q0060	716
Q0065	1741
Q0070	89
Q0075	1377
Q0080	8
Q0085	550
Q0092	0
Q0105	1343
Q0110	342
Q0115	71
Q0120	189
Q0130	11951
Q0140	66
Q0142	2
Q0143	3
Q0144	0
Q0160	971
Q0182	385
Q0250	9468
Q0255	345
Q0275	13127
Q0297	0
RDN18-1	0
RDN18-2	0
RDN25-1	0
RDN25-2	0
RDN37-1	0
RDN37-2	0
RDN5-1	0
RDN5-2	0
RDN5-3	0
RDN5-4	0
RDN5-5	0
RDN5-6	0
RDN58-1	0
RDN58-2	0
RNA170	59
RPM1	146
RPR1	43295
RUF20	302
RUF21	9
RUF22	2
RUF23	26
RUF5-1	0
RUF5-2	0
SCR1	2809384
SRG1	2055
TLC1	14979
YAL001C	3396
YAL002W	6455
YAL003W	55907
YAL004W	10
YAL005C	48568
YAL007C	7740
YAL008W	1787
YAL009W	1481
YAL010C	1409
YAL011W	1047
YAL012W	11209
YAL013W	848
YAL014C	1790
YAL015C	1855
YAL016C-A	24
YAL016C-B	0
YAL016W	11027
YAL017W	11097
YAL018C	50
YAL019W	12526
YAL019W-A	17
YAL020C	798
YAL021C	9169
YAL022C	5233
YAL023C	28397
YAL024C	6292
YAL025C	3496
YAL026C	13618
YAL026C-A	797
YAL027W	648
YAL028W	533
YAL029C	18553
YAL030W	2462
YAL031C	2011
YAL031W-A	14
YAL032C	1905
YAL033W	1702
YAL034C	2217
YAL034C-B	17
YAL034W-A	510
YAL035W	28447
YAL036C	8750
YAL037C-A	25
YAL037C-B	88
YAL037W	301
YAL038W	455453
YAL039C	2717
YAL040C	8562
YAL041W	5690
YAL042C-A	14
YAL042W	12284
YAL043C	5454
YAL044C	8132
YAL044W-A	1915
YAL045C	6
YAL046C	1208
YAL047C	1111
YAL047W-A	21
YAL048C	1987
YAL049C	3374
YAL051W	3992
YAL053W	29890
YAL054C	1068
YAL055W	201
YAL056C-A	6
YAL056W	4136
YAL058W	3838
YAL059C-A	39
YAL059W	5142
YAL060W	5513
YAL061W	343
YAL062W	774
YAL063C	49
YAL063C-A	68
YAL064C-A	32
YAL064W	13
YAL064W-B	64
YAL065C	28
YAL066W	2
YAL067C	282
YAL067W-A	0
YAL068C	1
YAL068W-A	0
YAL069W	0
YAR002C-A	17179
YAR002W	4708
YAR003W	2879
YAR007C	4861
YAR008W	1119
YAR009C	872
YAR010C	0
YAR014C	6795
YAR015W	6639
YAR018C	837
YAR019C	2430
YAR019W-A	4
YAR020C	71
YAR023C	320
YAR027W	1507
YAR028W	1156
YAR029W	289
YAR030C	140
YAR031W	497
YAR033W	174
YAR035C-A	1
YAR035W	167
YAR042W	10194
YAR047C	37
YAR050W	425
YAR053W	9
YAR060C	0
YAR061W	0
YAR062W	0
YAR064W	1
YAR066W	0
YAR068W	0
YAR069C	0
YAR070C	0
YAR071W	289
YAR073W	13
YAR075W	6
YBL001C	5554
YBL002W	22094
YBL003C	5343
YBL004W	58617
YBL005W	2135
YBL005W-A	0
YBL005W-B	3785
YBL006C	1542
YBL006W-A	12
YBL007C	18149
YBL008W	3935
YBL008W-A	6
YBL009W	3327
YBL010C	642
YBL011W	8892
YBL012C	3
YBL013W	431
YBL014C	6430
YBL015W	1628
YBL016W	2690
YBL017C	22148
YBL018C	1416
YBL019W	1105
YBL020W	8737
YBL021C	423
YBL022C	14009
YBL023C	4557
YBL024W	18907
YBL025W	622
YBL026W	3254
YBL027W	38014
YBL028C	3616
YBL029C-A	910
YBL029W	419
YBL030C	9743
YBL031W	855
YBL032W	5372
YBL033C	3936
YBL034C	6650
YBL035C	3215
YBL036C	3447
YBL037W	3227
YBL038W	1791
YBL039C	32214
YBL039C-A	0
YBL039W-B	379
YBL040C	4297
YBL041W	5939
YBL042C	23630
YBL043W	114
YBL044W	12
YBL045C	4016
YBL046W	1103
YBL047C	27481
YBL048W	371
YBL049W	1182
YBL050W	2695
YBL051C	4060
YBL052C	2740
YBL053W	17
YBL054W	6093
YBL055C	3973
YBL056W	7741
YBL057C	3430
YBL058W	5108
YBL059C-A	1054
YBL059W	437
YBL060W	1999
YBL061C	6683
YBL062W	18
YBL063W	2501
YBL064C	4873
YBL065W	13
YBL066C	3190
YBL067C	7893
YBL068W	5710
YBL068W-A	0
YBL069W	2642
YBL070C	23
YBL071C	29
YBL071C-B	17
YBL071W-A	3565
YBL072C	15106
YBL073W	1
YBL074C	1282
YBL075C	3152
YBL076C	58664
YBL077W	1
YBL078C	297
YBL079W	21687
YBL080C	840
YBL081W	2613
YBL082C	2612
YBL083C	120
YBL084C	3191
YBL085W	6446
YBL086C	1307
YBL087C	22974
YBL088C	10230
YBL089W	2841
YBL090W	1459
YBL091C	5955
YBL091C-A	801
YBL092W	43028
YBL093C	8135
YBL094C	138
YBL095W	1362
YBL096C	112
YBL097W	1269
YBL098W	2312
YBL099W	17299
YBL100C	2
YBL100W-A	0
YBL100W-B	884
YBL100W-C	9
YBL101C	5272
YBL102W	2898
YBL103C	1619
YBL104C	3506
YBL105C	7367
YBL106C	2166
YBL107C	1144
YBL107W-A	0
YBL108C-A	0
YBL108W	0
YBL109W	15
YBL111C	0
YBL112C	0
YBL113C	283
YBL113W-A	3
YBR001C	2839
YBR002C	2732
YBR003W	3056
YBR004C	2589
YBR005W	885
YBR006W	2643
YBR007C	2308
YBR008C	1844
YBR009C	7583
YBR010W	9168
YBR011C	52603
YBR012C	975
YBR012W-A	0
YBR012W-B	1342
YBR013C	1083
YBR014C	2011
YBR015C	16850
YBR016W	1651
YBR017C	15190
YBR018C	133
YBR019C	233
YBR020W	676
YBR021W	4609
YBR022W	832
YBR023C	21699
YBR024W	1185
YBR025C	30995
YBR026C	3585
YBR027C	147
YBR028C	5262
YBR029C	8841
YBR030W	3336
YBR031W	36287
YBR032W	31
YBR033W	388
YBR034C	21655
YBR035C	4075
YBR036C	9191
YBR037C	952
YBR038W	3180
YBR039W	5224
YBR040W	125
YBR041W	5624
YBR042C	4029
YBR043C	3186
YBR044C	1609
YBR045C	569
YBR046C	1691
YBR047W	629
YBR048W	25003
YBR049C	3874
YBR050C	448
YBR051W	14
YBR052C	3014
YBR053C	2887
YBR054W	10144
YBR055C	5049
YBR056C-B	17
YBR056W	3218
YBR056W-A	165
YBR057C	2088
YBR058C	6418
YBR058C-A	1559
YBR059C	7783
YBR060C	3203
YBR061C	4073
YBR062C	949
YBR063C	2516
YBR064W	5
YBR065C	2351
YBR066C	795
YBR067C	8812
YBR068C	29207
YBR069C	28624
YBR070C	2070
YBR071W	2150
YBR072C-A	11
YBR072W	20339
YBR073W	9978
YBR074W	11823
YBR076C-A	977
YBR076W	208
YBR077C	1704
YBR078W	71804
YBR079C	30897
YBR080C	9355
YBR081C	5302
YBR082C	13971
YBR083W	1622
YBR084C-A	35990
YBR084W	28339
YBR085C-A	3353
YBR085W	1203
YBR086C	23808
YBR087W	2965
YBR088C	7623
YBR089C-A	2329
YBR089W	16
YBR090C	232
YBR091C	805
YBR092C	16150
YBR093C	7097
YBR094W	4355
YBR095C	1701
YBR096W	6085
YBR097W	3986
YBR098W	1088
YBR099C	97
YBR101C	2572
YBR102C	3089
YBR103C-A	7
YBR103W	1916
YBR104W	2496
YBR105C	19720
YBR106W	24875
YBR107C	578
YBR108W	1611
YBR109C	7077
YBR109W-A	341
YBR110W	4452
YBR111C	4838
YBR111W-A	505
YBR112C	5926
YBR113W	13
YBR114W	6531
YBR115C	6103
YBR116C	42
YBR117C	350
YBR118W	54307
YBR119W	1002
YBR120C	685
YBR121C	40361
YBR121C-A	0
YBR122C	3420
YBR123C	1667
YBR124W	12
YBR125C	4538
YBR126C	7657
YBR126W-A	130
YBR126W-B	1800
YBR127C	43505
YBR128C	230
YBR129C	1208
YBR130C	2595
YBR131C-A	0
YBR131W	1970
YBR132C	2477
YBR133C	5439
YBR134W	9
YBR135W	2954
YBR136W	9612
YBR137W	1639
YBR138C	418
YBR139W	7038
YBR140C	30279
YBR141C	2023
YBR141W-A	15
YBR142W	13664
YBR143C	24036
YBR144C	14
YBR145W	745
YBR146W	4440
YBR147W	179
YBR148W	485
YBR149W	7021
YBR150C	2571
YBR151W	4148
YBR152W	842
YBR153W	1279
YBR154C	7884
YBR155W	3299
YBR156C	1502
YBR157C	2652
YBR158W	24578
YBR159W	5846
YBR160W	4933
YBR161W	1737
YBR162C	28593
YBR162W-A	2383
YBR163W	3946
YBR164C	2576
YBR165W	1595
YBR166C	3518
YBR167C	917
YBR168W	2097
YBR169C	3285
YBR170C	2987
YBR171W	4029
YBR172C	7857
YBR173C	2865
YBR174C	19
YBR175W	1764
YBR176W	1544
YBR177C	3332
YBR178W	19
YBR179C	3294
YBR180W	169
YBR181C	21318
YBR182C	610
YBR182C-A	13
YBR183W	642
YBR184W	517
YBR185C	1988
YBR186W	316
YBR187W	9199
YBR188C	721
YBR189W	52092
YBR190W	19
YBR191W	39223
YBR191W-A	254
YBR192W	2578
YBR193C	1236
YBR194W	731
YBR195C	2546
YBR196C	99974
YBR196C-A	48
YBR196C-B	93
YBR197C	1410
YBR198C	4230
YBR199W	5938
YBR200W	3840
YBR200W-A	1
YBR201C-A	219
YBR201W	874
YBR202W	4908
YBR203W	2294
YBR204C	1201
YBR205W	6208
YBR206W	812
YBR207W	5863
YBR208C	6791
YBR209W	33
YBR210W	1568
YBR211C	1320
YBR212W	4579
YBR213W	237
YBR214W	1381
YBR215W	1739
YBR216C	2676
YBR217W	546
YBR218C	16871
YBR219C	1
YBR220C	3660
YBR221C	19253
YBR221W-A	2
YBR222C	6283
YBR223C	968
YBR223W-A	0
YBR224W	18
YBR225W	2281
YBR226C	14
YBR227C	1381
YBR228W	1083
YBR229C	12404
YBR230C	1551
YBR230W-A	116
YBR231C	816
YBR232C	10
YBR233W	1270
YBR233W-A	844
YBR234C	10064
YBR235W	6204
YBR236C	2451
YBR237W	2145
YBR238C	10412
YBR239C	1911
YBR240C	408
YBR241C	1339
YBR242W	2767
YBR243C	3443
YBR244W	1388
YBR245C	8989
YBR246W	4994
YBR247C	8621
YBR248C	3596
YBR249C	22647
YBR250W	581
YBR251W	1714
YBR252W	3470
YBR253W	973
YBR254C	1082
YBR255C-A	365
YBR255W	1330
YBR256C	4676
YBR257W	1265
YBR258C	304
YBR259W	2930
YBR260C	3319
YBR261C	2677
YBR262C	1074
YBR263W	16564
YBR264C	1025
YBR265W	3309
YBR266C	8
YBR267W	8133
YBR268W	1172
YBR269C	950
YBR270C	1110
YBR271W	3368
YBR272C	1780
YBR273C	2177
YBR274W	3252
YBR275C	7504
YBR276C	6880
YBR277C	35
YBR278W	657
YBR279W	3075
YBR280C	704
YBR281C	4199
YBR282W	1047
YBR283C	20919
YBR284W	623
YBR285W	168
YBR286W	41450
YBR287W	12819
YBR288C	2583
YBR289W	2337
YBR290W	1496
YBR291C	1093
YBR292C	221
YBR293W	2458
YBR294W	86
YBR295W	6354
YBR296C	9301
YBR296C-A	1
YBR297W	1164
YBR298C	872
YBR298C-A	3
YBR299W	88
YBR300C	9
YBR301W	31
YBR302C	0
YCL001W	4184
YCL001W-A	56
YCL001W-B	69
YCL002C	2460
YCL004W	1302
YCL005W	2154
YCL005W-A	2598
YCL007C	78
YCL008C	1384
YCL009C	4262
YCL010C	1500
YCL011C	7221
YCL012C	1287
YCL014W	13588
YCL016C	1192
YCL017C	8289
YCL018W	3173
YCL019W	682
YCL020W	0
YCL021W-A	1239
YCL022C	5
YCL023C	2
YCL024W	2203
YCL025C	3304
YCL026C-A	228
YCL026C-B	1353
YCL027W	365
YCL028W	5816
YCL029C	1505
YCL030C	3418
YCL031C	5043
YCL032W	884
YCL033C	1979
YCL034W	2292
YCL035C	6090
YCL036W	7566
YCL037C	13665
YCL038C	4534
YCL039W	1487
YCL040W	13268
YCL041C	55
YCL042W	38
YCL043C	78091
YCL044C	950
YCL045C	18931
YCL046W	5
YCL047C	1756
YCL048W	105
YCL048W-A	140
YCL049C	2735
YCL050C	7584
YCL051W	2544
YCL052C	2820
YCL054W	12851
YCL055W	1889
YCL056C	717
YCL057C-A	1974
YCL057W	12134
YCL058C	1154
YCL058W-A	425
YCL059C	5350
YCL061C	3235
YCL063W	2418
YCL064C	7441
YCL065W	0
YCL066W	0
YCL067C	0
YCL068C	0
YCL069W	0
YCL073C	0
YCL074W	0
YCL075W	0
YCL076W	0
YCR001W	10
YCR002C	4651
YCR003W	1252
YCR004C	8010
YCR005C	3148
YCR006C	431
YCR007C	431
YCR008W	13533
YCR009C	4151
YCR010C	87
YCR011C	11384
YCR012W	333421
YCR013C	179
YCR014C	1925
YCR015C	1286
YCR016W	2925
YCR017C	16218
YCR018C	3216
YCR018C-A	146
YCR019W	1393
YCR020C	741
YCR020C-A	618
YCR020W-B	588
YCR021C	419
YCR022C	50
YCR023C	2031
YCR024C	1537
YCR024C-A	10040
YCR024C-B	20444
YCR025C	162
YCR026C	5794
YCR027C	1610
YCR028C	4786
YCR028C-A	4955
YCR030C	4086
YCR031C	44800
YCR032W	8369
YCR033W	7157
YCR034W	8935
YCR035C	4761
YCR036W	3861
YCR037C	4611
YCR038C	1117
YCR038W-A	5
YCR039C	0
YCR040W	0
YCR041W	43
YCR042C	4437
YCR043C	3745
YCR044C	2895
YCR045C	75
YCR045W-A	323
YCR046C	2242
YCR047C	2476
YCR047W-A	3
YCR048W	3310
YCR049C	2
YCR050C	3
YCR051W	3085
YCR052W	4626
YCR053W	21984
YCR054C	3092
YCR057C	23994
YCR059C	2145
YCR060W	1604
YCR061W	1293
YCR063W	772
YCR064C	136
YCR065W	6890
YCR066W	1128
YCR067C	8148
YCR068W	3394
YCR069W	5104
YCR071C	1075
YCR072C	10538
YCR073C	3282
YCR073W-A	1280
YCR075C	903
YCR075W-A	421
YCR076C	1400
YCR077C	7331
YCR079W	1827
YCR081C-A	13
YCR081W	5311
YCR082W	5842
YCR083W	2622
YCR084C	7291
YCR085W	13
YCR086W	797
YCR087C-A	2478
YCR087W	90
YCR088W	7563
YCR089W	2374
YCR090C	2458
YCR091W	1152
YCR092C	3028
YCR093W	35066
YCR094W	3199
YCR095C	1084
YCR095W-A	60
YCR096C	0
YCR097W	1138
YCR097W-A	0
YCR098C	521
YCR099C	124
YCR100C	265
YCR101C	133
YCR102C	122
YCR102W-A	12
YCR104W	7
YCR105W	112
YCR106W	2171
YCR107W	1017
YCR108C	0
YDL001W	1597
YDL002C	1449
YDL003W	4935
YDL004W	4283
YDL005C	1054
YDL006W	2012
YDL007C-A	13
YDL007W	5549
YDL008W	1121
YDL009C	45
YDL010W	1212
YDL011C	2
YDL012C	1487
YDL013W	3173
YDL014W	10622
YDL015C	14318
YDL016C	1933
YDL017W	1745
YDL018C	1803
YDL019C	9304
YDL020C	6059
YDL021W	1209
YDL022C-A	10
YDL022W	10665
YDL023C	18
YDL024C	707
YDL025C	2396
YDL025W-A	7
YDL026W	34
YDL027C	1377
YDL028C	3222
YDL029W	4898
YDL030W	1520
YDL031W	15789
YDL032W	17
YDL033C	1986
YDL034W	11
YDL035C	4797
YDL036C	1832
YDL037C	4498
YDL039C	9396
YDL040C	14183
YDL041W	30
YDL042C	3140
YDL043C	1086
YDL044C	1084
YDL045C	1599
YDL045W-A	1423
YDL046W	6333
YDL047W	4284
YDL048C	1412
YDL049C	2810
YDL050C	25
YDL051W	12264
YDL052C	6688
YDL053C	1936
YDL054C	3739
YDL055C	101869
YDL056W	3848
YDL057W	729
YDL058W	12644
YDL059C	497
YDL060W	14687
YDL061C	9881
YDL062W	8
YDL063C	11339
YDL064W	2775
YDL065C	828
YDL066W	12902
YDL067C	1309
YDL068W	23
YDL069C	722
YDL070W	6130
YDL071C	31
YDL072C	6088
YDL073W	6443
YDL074C	6806
YDL075W	31117
YDL076C	3211
YDL077C	4629
YDL078C	4598
YDL079C	614
YDL080C	2751
YDL081C	34228
YDL082W	29211
YDL083C	29099
YDL084W	31610
YDL085C-A	1410
YDL085W	319
YDL086C-A	296
YDL086W	4605
YDL087C	1298
YDL088C	5246
YDL089W	1421
YDL090C	978
YDL091C	1220
YDL092W	2121
YDL093W	5169
YDL094C	22
YDL095W	33228
YDL096C	15
YDL097C	7131
YDL098C	798
YDL099W	1103
YDL100C	16271
YDL101C	1767
YDL102W	8180
YDL103C	5096
YDL104C	293
YDL105W	997
YDL106C	1343
YDL107W	664
YDL108W	1898
YDL109C	1168
YDL110C	1340
YDL111C	5908
YDL112W	18695
YDL113C	1399
YDL114W	118
YDL114W-A	15
YDL115C	934
YDL116W	6930
YDL117W	7245
YDL118W	8
YDL119C	746
YDL120W	1657
YDL121C	3458
YDL122W	16714
YDL123W	738
YDL124W	16388
YDL125C	5601
YDL126C	53831
YDL127W	3343
YDL128W	4491
YDL129W	1627
YDL130W	32200
YDL130W-A	1064
YDL131W	8874
YDL132W	7796
YDL133C-A	6711
YDL133W	2879
YDL134C	7287
YDL135C	3724
YDL136W	1260
YDL137W	7945
YDL138W	2550
YDL139C	369
YDL140C	41878
YDL141W	2732
YDL142C	565
YDL143W	15121
YDL144C	2183
YDL145C	43495
YDL146W	1538
YDL147W	8780
YDL148C	9733
YDL149W	1277
YDL150W	4745
YDL151C	10
YDL152W	7
YDL153C	3359
YDL154W	1341
YDL155W	4228
YDL156W	1281
YDL157C	3793
YDL158C	575
YDL159C-B	4
YDL159W	1901
YDL159W-A	1
YDL160C	15843
YDL160C-A	486
YDL161W	1716
YDL162C	11
YDL163W	0
YDL164C	3119
YDL165W	2095
YDL166C	1860
YDL167C	10612
YDL168W	4424
YDL169C	219
YDL170W	2574
YDL171C	19403
YDL172C	83
YDL173W	2085
YDL174C	6029
YDL175C	1437
YDL176W	1952
YDL177C	734
YDL178W	3792
YDL179W	1875
YDL180W	2036
YDL181W	1153
YDL182W	7511
YDL183C	804
YDL184C	641
YDL185C-A	6
YDL185W	96105
YDL186W	44
YDL187C	462
YDL188C	3967
YDL189W	2599
YDL190C	9355
YDL191W	1794
YDL192W	14084
YDL193W	3485
YDL194W	1783
YDL195W	19214
YDL196W	37
YDL197C	1464
YDL198C	2328
YDL199C	739
YDL200C	934
YDL201W	5472
YDL202W	1578
YDL203C	2528
YDL204W	1491
YDL205C	6148
YDL206W	2733
YDL207W	2237
YDL208W	7444
YDL209C	1209
YDL210W	334
YDL211C	937
YDL212W	9508
YDL213C	2530
YDL214C	428
YDL215C	8782
YDL216C	409
YDL217C	1577
YDL218W	211
YDL219W	1987
YDL220C	1803
YDL221W	82
YDL222C	265
YDL223C	5498
YDL224C	3534
YDL225W	4030
YDL226C	4579
YDL227C	4260
YDL228C	10
YDL229W	96771
YDL230W	1475
YDL231C	7930
YDL232W	636
YDL233W	852
YDL234C	2297
YDL235C	4371
YDL236W	5083
YDL237W	5483
YDL238C	804
YDL239C	1106
YDL240C-A	1
YDL240W	3349
YDL241W	283
YDL242W	12
YDL243C	450
YDL244W	60
YDL245C	0
YDL246C	0
YDL247W	23
YDL247W-A	0
YDL248W	414
YDR001C	17405
YDR002W	14361
YDR003W	1345
YDR003W-A	183
YDR004W	2025
YDR005C	2712
YDR006C	11595
YDR007W	3607
YDR008C	55
YDR009W	581
YDR010C	26
YDR011W	17713
YDR012W	22814
YDR013W	1073
YDR014W	1316
YDR014W-A	230
YDR015C	2
YDR016C	338
YDR017C	11013
YDR018C	353
YDR019C	3128
YDR020C	1401
YDR021W	2488
YDR022C	934
YDR023W	26948
YDR024W	401
YDR025W	27753
YDR026C	2743
YDR027C	2873
YDR028C	8920
YDR029W	4
YDR030C	560
YDR031W	517
YDR032C	10373
YDR033W	40524
YDR034C	4083
YDR034C-A	5
YDR034C-C	0
YDR034C-D	868
YDR034W-B	363
YDR035W	9450
YDR036C	4208
YDR037W	48587
YDR038C	1170
YDR039C	0
YDR040C	1052
YDR041W	1317
YDR042C	588
YDR043C	955
YDR044W	4035
YDR045C	1687
YDR046C	3706
YDR047W	3119
YDR048C	19
YDR049W	3207
YDR050C	88790
YDR051C	2046
YDR052C	4165
YDR053W	0
YDR054C	5717
YDR055W	9658
YDR056C	2881
YDR057W	2533
YDR058C	607
YDR059C	1131
YDR060W	25423
YDR061W	2824
YDR062W	15570
YDR063W	2215
YDR064W	58081
YDR065W	1237
YDR066C	344
YDR067C	1199
YDR068W	863
YDR069C	3116
YDR070C	350
YDR071C	6687
YDR072C	9242
YDR073W	1206
YDR074W	5718
YDR075W	3990
YDR076W	554
YDR077W	62812
YDR078C	531
YDR079C-A	236
YDR079W	680
YDR080W	2773
YDR081C	4501
YDR082W	1734
YDR083W	3943
YDR084C	1956
YDR085C	1367
YDR086C	5409
YDR087C	5189
YDR088C	1015
YDR089W	4030
YDR090C	1826
YDR091C	16495
YDR092W	3091
YDR093W	14877
YDR094W	61
YDR095C	3
YDR096W	2607
YDR097C	8461
YDR098C	5141
YDR098C-A	0
YDR098C-B	61
YDR099W	14703
YDR100W	1444
YDR101C	22897
YDR102C	138
YDR103W	7292
YDR104C	2760
YDR105C	3242
YDR106W	155
YDR107C	3295
YDR108W	2050
YDR109C	2592
YDR110W	3716
YDR111C	3352
YDR112W	11
YDR113C	1571
YDR114C	15
YDR115W	1446
YDR116C	1997
YDR117C	2860
YDR118W	1271
YDR118W-A	67
YDR119W	11959
YDR119W-A	70
YDR120C	8471
YDR121W	1721
YDR122W	6035
YDR123C	1379
YDR124W	318
YDR125C	846
YDR126W	1307
YDR127W	33711
YDR128W	5229
YDR129C	15811
YDR130C	1121
YDR131C	1207
YDR132C	902
YDR133C	1408
YDR134C	4440
YDR135C	27443
YDR136C	54
YDR137W	2522
YDR138W	3513
YDR139C	1826
YDR140W	1344
YDR141C	12984
YDR142C	1649
YDR143C	5507
YDR144C	10723
YDR145W	2239
YDR146C	1976
YDR147W	2489
YDR148C	3388
YDR149C	4
YDR150W	19006
YDR151C	2626
YDR152W	3772
YDR153C	4697
YDR154C	31172
YDR155C	55131
YDR156W	1448
YDR157W	621
YDR158W	10399
YDR159W	5758
YDR160W	3390
YDR161W	5328
YDR162C	935
YDR163W	537
YDR164C	3724
YDR165W	7841
YDR166C	4674
YDR167W	1045
YDR168W	4554
YDR169C	1557
YDR169C-A	27
YDR170C	31816
YDR170W-A	199
YDR171W	1842
YDR172W	26360
YDR173C	1127
YDR174W	8236
YDR175C	2029
YDR176W	1999
YDR177W	3335
YDR178W	1146
YDR179C	327
YDR179W-A	1737
YDR180W	8050
YDR181C	1222
YDR182W	3811
YDR182W-A	249
YDR183C-A	382
YDR183W	792
YDR184C	5644
YDR185C	396
YDR186C	15085
YDR187C	11
YDR188W	14617
YDR189W	6922
YDR190C	8416
YDR191W	760
YDR192C	1752
YDR193W	7
YDR194C	10315
YDR194W-A	2
YDR195W	2760
YDR196C	1169
YDR197W	1570
YDR198C	2509
YDR199W	6
YDR200C	1792
YDR201W	742
YDR202C	1225
YDR203W	14
YDR204W	2238
YDR205W	4579
YDR206W	9427
YDR207C	2389
YDR208W	8831
YDR209C	4
YDR210C-C	0
YDR210C-D	232
YDR210W	1690
YDR210W-A	0
YDR210W-B	175
YDR211W	11075
YDR212W	17324
YDR213W	3216
YDR214W	12083
YDR215C	3
YDR216W	4832
YDR217C	6047
YDR218C	385
YDR219C	1435
YDR220C	6
YDR221W	4852
YDR222W	1678
YDR223W	680
YDR224C	13205
YDR225W	17956
YDR226W	23285
YDR227W	4097
YDR228C	3899
YDR229W	1666
YDR230W	2
YDR231C	1316
YDR232W	16987
YDR233C	26053
YDR234W	7395
YDR235W	2187
YDR236C	2045
YDR237W	2489
YDR238C	27982
YDR239C	2531
YDR240C	1934
YDR241W	130
YDR242W	845
YDR243C	2062
YDR244W	1689
YDR245W	7732
YDR246W	731
YDR246W-A	47
YDR247W	954
YDR248C	914
YDR249C	1703
YDR250C	10
YDR251W	6902
YDR252W	335
YDR253C	77
YDR254W	577
YDR255C	1055
YDR256C	482
YDR257C	2889
YDR258C	4385
YDR259C	467
YDR260C	900
YDR261C	11901
YDR261C-C	0
YDR261C-D	1356
YDR261W-A	0
YDR261W-B	835
YDR262W	8731
YDR263C	795
YDR264C	23867
YDR265W	1426
YDR266C	6351
YDR267C	1827
YDR268W	1720
YDR269C	3
YDR270W	6396
YDR271C	8
YDR272W	3380
YDR273W	528
YDR274C	4
YDR275W	1719
YDR276C	4884
YDR277C	1376
YDR278C	19
YDR279W	1783
YDR280W	3885
YDR281C	1866
YDR282C	791
YDR283C	8440
YDR284C	2404
YDR285W	1153
YDR286C	505
YDR287W	1823
YDR288W	1608
YDR289C	1049
YDR290W	1
YDR291W	4744
YDR292C	6441
YDR293C	26921
YDR294C	7365
YDR295C	1971
YDR296W	1603
YDR297W	11207
YDR298C	4541
YDR299W	5501
YDR300C	5244
YDR301W	7292
YDR302W	2419
YDR303C	5317
YDR304C	10858
YDR305C	903
YDR306C	1342
YDR307W	2786
YDR308C	1117
YDR309C	6246
YDR310C	7578
YDR311W	3718
YDR312W	3016
YDR313C	1402
YDR314C	1212
YDR315C	657
YDR316W	797
YDR316W-A	0
YDR316W-B	0
YDR317W	1151
YDR318W	565
YDR319C	1152
YDR320C	2742
YDR320C-A	1184
YDR320W-B	72
YDR321W	13033
YDR322C-A	1131
YDR322W	2854
YDR323C	871
YDR324C	13534
YDR325W	5827
YDR326C	20164
YDR327W	14
YDR328C	5640
YDR329C	1644
YDR330W	2111
YDR331W	4767
YDR332W	2421
YDR333C	5164
YDR334W	6710
YDR335W	8934
YDR336W	1068
YDR337W	1843
YDR338C	2688
YDR339C	4369
YDR340W	7
YDR341C	24013
YDR342C	754
YDR343C	65
YDR344C	157
YDR345C	51439
YDR346C	17198
YDR347W	5528
YDR348C	5547
YDR349C	11335
YDR350C	3076
YDR351W	6169
YDR352W	3266
YDR353W	20017
YDR354C-A	7
YDR354W	3628
YDR355C	1
YDR356W	2144
YDR357C	1384
YDR358W	651
YDR359C	3519
YDR360W	9
YDR361C	5487
YDR362C	2438
YDR363W	1847
YDR363W-A	1832
YDR364C	3203
YDR365C	13995
YDR365W-A	0
YDR365W-B	116
YDR366C	92
YDR367W	2454
YDR368W	3756
YDR369C	1715
YDR370C	3397
YDR371C-A	3
YDR371W	1527
YDR372C	7194
YDR373W	3676
YDR374C	121
YDR374W-A	906
YDR375C	2350
YDR376W	3541
YDR377W	2858
YDR378C	2018
YDR379C-A	628
YDR379W	2910
YDR380W	4771
YDR381C-A	773
YDR381W	10342
YDR382W	43126
YDR383C	498
YDR384C	2343
YDR385W	9592
YDR386W	1063
YDR387C	2603
YDR388W	6280
YDR389W	7232
YDR390C	3472
YDR391C	1584
YDR392W	983
YDR393W	1561
YDR394W	7590
YDR395W	24840
YDR396W	88
YDR397C	1696
YDR398W	15324
YDR399W	16277
YDR400W	4491
YDR401W	183
YDR402C	300
YDR403W	557
YDR404C	3865
YDR405W	991
YDR406W	5288
YDR406W-A	74
YDR407C	6893
YDR408C	2965
YDR409W	1723
YDR410C	2498
YDR411C	1591
YDR412W	2176
YDR413C	22
YDR414C	1761
YDR415C	2150
YDR416W	3398
YDR417C	47
YDR418W	45949
YDR419W	2662
YDR420W	9443
YDR421W	2080
YDR422C	5637
YDR423C	1846
YDR424C	1194
YDR425W	1064
YDR426C	15
YDR427W	4759
YDR428C	1639
YDR429C	9538
YDR430C	6894
YDR431W	7
YDR432W	7216
YDR433W	824
YDR434W	6010
YDR435C	898
YDR436W	1596
YDR437W	444
YDR438W	1403
YDR439W	347
YDR440W	1965
YDR441C	4672
YDR442W	9
YDR443C	6403
YDR444W	2819
YDR445C	4
YDR446W	102
YDR447C	16025
YDR448W	3023
YDR449C	5410
YDR450W	31264
YDR451C	2466
YDR452W	8633
YDR453C	2429
YDR454C	13453
YDR455C	1
YDR456W	6906
YDR457W	38152
YDR458C	2657
YDR459C	2607
YDR460W	1278
YDR461C-A	502
YDR461W	1090
YDR462W	889
YDR463W	5048
YDR464C-A	0
YDR464W	7029
YDR465C	8139
YDR466W	3676
YDR467C	117
YDR468C	1560
YDR469W	1453
YDR470C	2357
YDR471W	21361
YDR472W	3399
YDR473C	689
YDR475C	1856
YDR476C	1868
YDR477W	4868
YDR478W	740
YDR479C	1301
YDR480W	810
YDR481C	19305
YDR482C	820
YDR483W	22098
YDR484W	1623
YDR485C	2422
YDR486C	1935
YDR487C	10715
YDR488C	2297
YDR489W	2446
YDR490C	3876
YDR491C	5
YDR492W	14405
YDR493W	707
YDR494W	2083
YDR495C	1901
YDR496C	17594
YDR497C	21648
YDR498C	1723
YDR499W	1751
YDR500C	16666
YDR501W	1129
YDR502C	2300
YDR503C	1494
YDR504C	386
YDR505C	6128
YDR506C	1625
YDR507C	10052
YDR508C	20855
YDR509W	4
YDR510C-A	2
YDR510W	7120
YDR511W	1290
YDR512C	1027
YDR513W	4435
YDR514C	1688
YDR515W	1194
YDR516C	2798
YDR517W	3816
YDR518W	8381
YDR519W	3866
YDR520C	1809
YDR521W	6
YDR522C	8
YDR523C	804
YDR524C	4398
YDR524C-A	11
YDR524C-B	38675
YDR524W-C	6
YDR525W	14
YDR525W-A	653
YDR526C	11
YDR527W	5807
YDR528W	1632
YDR529C	1891
YDR530C	1186
YDR531W	2580
YDR532C	864
YDR533C	4280
YDR534C	3713
YDR535C	96
YDR536W	19
YDR537C	55
YDR538W	906
YDR539W	3192
YDR540C	331
YDR541C	3464
YDR542W	5
YDR543C	0
YDR544C	0
YDR545C-A	0
YDR545W	0
YEL001C	10183
YEL002C	15695
YEL003W	1384
YEL004W	1020
YEL005C	787
YEL006W	2767
YEL007W	2701
YEL008C-A	47
YEL008W	10
YEL009C	35734
YEL009C-A	72
YEL010W	5
YEL011W	493
YEL012W	580
YEL013W	10138
YEL014C	2
YEL015W	3809
YEL016C	2717
YEL017C-A	3004
YEL017W	2112
YEL018C-A	18
YEL018W	741
YEL019C	635
YEL020C	2525
YEL020C-B	27
YEL020W-A	2469
YEL021W	7224
YEL022W	15383
YEL023C	1591
YEL024W	911
YEL025C	4383
YEL026W	20781
YEL027W	35421
YEL028W	443
YEL029C	1966
YEL030C-A	19
YEL030W	897
YEL031W	48167
YEL032C-A	4
YEL032W	8209
YEL033W	27749
YEL034C-A	150
YEL034W	50514
YEL035C	52
YEL036C	6897
YEL037C	8643
YEL038W	3712
YEL039C	161
YEL040W	12122
YEL041W	588
YEL042W	20875
YEL043W	6040
YEL044W	1518
YEL045C	75
YEL046C	23930
YEL047C	12931
YEL048C	912
YEL049W	50
YEL050C	3904
YEL050W-A	4
YEL051W	9700
YEL052W	2818
YEL053C	5426
YEL053W-A	18
YEL054C	37650
YEL055C	19411
YEL056W	2551
YEL057C	390
YEL058W	9193
YEL059C-A	444
YEL059W	58
YEL060C	5633
YEL061C	3152
YEL062W	1981
YEL063C	13010
YEL064C	1330
YEL065W	21131
YEL066W	2382
YEL067C	281
YEL068C	624
YEL069C	11
YEL070W	51
YEL071W	20477
YEL072W	776
YEL073C	138
YEL074W	28
YEL075C	0
YEL075W-A	0
YEL076C	0
YEL076C-A	0
YEL077C	316
YEL077W-A	1
YER001W	10948
YER002W	2239
YER003C	12655
YER004W	3506
YER005W	5732
YER006C-A	27
YER006W	17277
YER007C-A	4921
YER007W	779
YER008C	10356
YER009W	12540
YER010C	2396
YER011W	1770
YER012W	5541
YER013W	3380
YER014C-A	1
YER014W	2375
YER015W	743
YER016W	1373
YER017C	5412
YER018C	419
YER019C-A	5755
YER019W	2515
YER020W	1886
YER021W	10245
YER022W	2385
YER023C-A	4
YER023W	8114
YER024W	1575
YER025W	20130
YER026C	5650
YER027C	3615
YER028C	878
YER029C	986
YER030W	2348
YER031C	2743
YER032W	3081
YER033C	1778
YER034W	647
YER035W	2336
YER036C	51126
YER037W	1972
YER038C	1641
YER038W-A	118
YER039C	264
YER039C-A	84
YER040W	1948
YER041W	2335
YER042W	1168
YER043C	51515
YER044C	3051
YER044C-A	706
YER045C	3087
YER046W	464
YER046W-A	33
YER047C	2250
YER048C	4010
YER048W-A	3268
YER049W	15406
YER050C	1715
YER051W	1038
YER052C	9307
YER053C	907
YER053C-A	58
YER054C	576
YER055C	10560
YER056C	54814
YER056C-A	21597
YER057C	6590
YER058W	457
YER059W	1355
YER060W	3341
YER060W-A	287
YER061C	1469
YER062C	15612
YER063W	2201
YER064C	5518
YER065C	1194
YER066C-A	84
YER066W	218
YER067C-A	40
YER067W	238
YER068C-A	10
YER068W	4175
YER069W	8122
YER070W	62530
YER071C	713
YER072W	15072
YER073W	6959
YER074W	20349
YER074W-A	2625
YER075C	5293
YER076C	849
YER076W-A	45
YER077C	2768
YER078C	2033
YER078W-A	62
YER079C-A	4
YER079W	447
YER080W	5240
YER081W	5214
YER082C	8721
YER083C	3791
YER084W	39
YER084W-A	2
YER085C	56
YER086W	18375
YER087C-A	140
YER087C-B	6120
YER087W	1165
YER088C	9888
YER088C-A	614
YER088W-B	11
YER089C	4676
YER090C-A	5
YER090W	8327
YER091C	5340
YER091C-A	4
YER092W	1119
YER093C	5223
YER093C-A	787
YER094C	5609
YER095W	5291
YER096W	811
YER097W	363
YER098W	1851
YER099C	4670
YER100W	3639
YER101C	1262
YER102W	9356
YER103W	3524
YER104W	389
YER105C	17845
YER106W	109
YER107C	3454
YER107W-A	0
YER109C	2678
YER110C	63875
YER111C	3860
YER112W	2047
YER113C	5744
YER114C	9960
YER115C	1053
YER116C	1376
YER117W	32338
YER118C	4907
YER119C	1507
YER119C-A	27
YER120W	14888
YER121W	145
YER122C	9693
YER123W	4337
YER124C	22325
YER125W	16591
YER126C	7947
YER127W	4299
YER128W	524
YER129W	10128
YER130C	2597
YER131W	22899
YER132C	17952
YER133W	10579
YER133W-A	1
YER134C	1513
YER135C	42
YER136W	9676
YER137C	417
YER137C-A	0
YER137W-A	7
YER138C	0
YER138W-A	723
YER139C	782
YER140W	2060
YER141W	5284
YER142C	840
YER143W	1611
YER144C	5051
YER145C	28303
YER145C-A	92
YER146W	2930
YER147C	1797
YER147C-A	9
YER148W	6202
YER148W-A	49
YER149C	2044
YER150W	2057
YER151C	7402
YER152C	2923
YER152W-A	2
YER153C	342
YER154W	2051
YER155C	37041
YER156C	4100
YER157W	3643
YER158C	1747
YER158W-A	31
YER159C	804
YER159C-A	0
YER160C	0
YER161C	1439
YER162C	1027
YER163C	3428
YER164W	11281
YER165C-A	3
YER165W	51357
YER166W	20952
YER167W	7368
YER168C	4908
YER169W	9052
YER170W	474
YER171W	5714
YER172C	15374
YER172C-A	1
YER173W	1530
YER174C	1269
YER175C	1240
YER175W-A	84
YER176W	4315
YER177W	37147
YER178W	29474
YER179W	196
YER180C	1675
YER180C-A	323
YER181C	23
YER182W	614
YER183C	1508
YER184C	1671
YER185W	450
YER186C	1545
YER187W	95
YER188C-A	16
YER188W	348
YER189W	0
YER190C-A	0
YER190C-B	0
YER190W	22
YFL001W	2905
YFL002C	4665
YFL002W-A	0
YFL002W-B	0
YFL003C	399
YFL004W	14205
YFL005W	7840
YFL007W	29758
YFL008W	5149
YFL009W	6579
YFL010C	6797
YFL010W-A	27
YFL011W	160
YFL012W	99
YFL012W-A	0
YFL013C	2226
YFL013W-A	9
YFL014W	12489
YFL015C	5
YFL015W-A	2
YFL016C	1830
YFL017C	1028
YFL017W-A	840
YFL018C	11214
YFL019C	45
YFL020C	69
YFL021C-A	85
YFL021W	1233
YFL022C	18447
YFL023W	2645
YFL024C	4016
YFL025C	6637
YFL026W	9054
YFL027C	1511
YFL028C	2003
YFL029C	958
YFL030W	634
YFL031C-A	0
YFL031W	53726
YFL032W	46
YFL033C	9629
YFL034C-A	3601
YFL034C-B	1617
YFL034W	3439
YFL036W	15892
YFL037W	20548
YFL038C	10151
YFL039C	105956
YFL040W	39
YFL041W	6788
YFL041W-A	110
YFL042C	1439
YFL044C	1684
YFL045C	28637
YFL046W	621
YFL047W	3276
YFL048C	6224
YFL049W	2362
YFL050C	2752
YFL051C	116
YFL052W	180
YFL053W	42
YFL054C	847
YFL055W	915
YFL056C	635
YFL057C	301
YFL058W	22
YFL059W	124
YFL060C	101
YFL061W	0
YFL062W	11
YFL063W	0
YFL064C	1
YFL065C	6
YFL066C	2
YFL067W	0
YFL068W	0
YFR001W	2580
YFR002W	7694
YFR003C	841
YFR004W	4561
YFR005C	2072
YFR006W	5285
YFR007W	1102
YFR008W	330
YFR009W	15065
YFR009W-A	0
YFR010W	5344
YFR010W-A	8
YFR011C	1058
YFR012W	176
YFR012W-A	120
YFR013W	4031
YFR014C	2170
YFR015C	451
YFR016C	3910
YFR017C	272
YFR018C	654
YFR019W	10271
YFR020W	759
YFR021W	3242
YFR022W	2387
YFR023W	448
YFR024C-A	6551
YFR025C	2281
YFR026C	225
YFR027W	326
YFR028C	6411
YFR029W	1357
YFR030W	3615
YFR031C	3812
YFR031C-A	40959
YFR032C	681
YFR032C-A	9585
YFR032C-B	32
YFR033C	1755
YFR034C	829
YFR034W-A	154
YFR035C	18
YFR036W	1344
YFR036W-A	60
YFR037C	5509
YFR038W	4254
YFR039C	3073
YFR040W	8890
YFR041C	1335
YFR042W	1972
YFR043C	793
YFR044C	21036
YFR045W	631
YFR046C	815
YFR047C	6159
YFR048W	3073
YFR049W	968
YFR050C	6698
YFR051C	5124
YFR052C-A	311
YFR052W	4236
YFR053C	3992
YFR054C	107
YFR055W	4197
YFR056C	2
YFR057W	0
YGL001C	4847
YGL002W	1734
YGL003C	2826
YGL004C	1263
YGL005C	1243
YGL006W	4784
YGL006W-A	1
YGL007C-A	98
YGL007W	27
YGL008C	466652
YGL009C	4588
YGL010W	627
YGL011C	5743
YGL012W	22201
YGL013C	7399
YGL014C-A	0
YGL014W	15479
YGL015C	53
YGL016W	10306
YGL017W	1919
YGL018C	807
YGL019W	4967
YGL020C	2551
YGL021W	4212
YGL022W	21924
YGL023C	2048
YGL024W	32
YGL025C	924
YGL026C	21633
YGL027C	10731
YGL028C	22812
YGL029W	1023
YGL030W	28551
YGL031C	30729
YGL032C	1545
YGL033W	143
YGL034C	23
YGL035C	5588
YGL036W	4749
YGL037C	8893
YGL038C	6208
YGL039W	4990
YGL040C	5175
YGL041C	24
YGL041C-B	25
YGL041W-A	867
YGL042C	24
YGL043W	3191
YGL044C	1848
YGL045W	1289
YGL047W	927
YGL048C	8416
YGL049C	7561
YGL050W	1550
YGL051W	50
YGL052W	96
YGL053W	536
YGL054C	4295
YGL055W	185278
YGL056C	6693
YGL057C	1030
YGL058W	3682
YGL059W	548
YGL060W	2260
YGL061C	551
YGL062W	23268
YGL063C-A	0
YGL063W	567
YGL064C	2000
YGL065C	2268
YGL066W	1238
YGL067W	5021
YGL068W	4447
YGL069C	84
YGL070C	1744
YGL071W	5261
YGL072C	346
YGL073W	3752
YGL074C	4
YGL075C	1027
YGL076C	24554
YGL077C	9119
YGL078C	14251
YGL079W	1188
YGL080W	1801
YGL081W	498
YGL082W	2372
YGL083W	3185
YGL084C	5079
YGL085W	1110
YGL086W	2047
YGL087C	4158
YGL088W	6
YGL089C	18
YGL090W	1006
YGL091C	2170
YGL092W	17403
YGL093W	3077
YGL094C	13136
YGL095C	2367
YGL096W	549
YGL097W	6018
YGL098W	980
YGL099W	9949
YGL100W	3870
YGL101W	1892
YGL102C	44
YGL103W	53107
YGL104C	1378
YGL105W	22800
YGL106W	3898
YGL107C	4671
YGL108C	470
YGL109W	29
YGL110C	1898
YGL111W	8407
YGL112C	5170
YGL113W	2488
YGL114W	4226
YGL115W	5553
YGL116W	1353
YGL117W	1023
YGL118C	17
YGL119W	3480
YGL120C	26342
YGL121C	2100
YGL122C	6111
YGL123C-A	122
YGL123W	103477
YGL124C	2629
YGL125W	1436
YGL126W	1653
YGL127C	1631
YGL128C	644
YGL129C	3241
YGL130W	3035
YGL131C	4158
YGL132W	43
YGL133W	5064
YGL134W	1733
YGL135W	15898
YGL136C	2140
YGL137W	22331
YGL138C	23
YGL139W	8454
YGL140C	12304
YGL141W	3057
YGL142C	3955
YGL143C	1324
YGL144C	3180
YGL145W	3096
YGL146C	1012
YGL147C	19404
YGL148W	20748
YGL149W	3
YGL150C	11982
YGL151W	5683
YGL152C	39
YGL153W	808
YGL154C	948
YGL155W	3204
YGL156W	5124
YGL157W	4817
YGL158W	333
YGL159W	1540
YGL160W	2797
YGL161C	2492
YGL162W	440
YGL163C	2949
YGL164C	530
YGL165C	24
YGL166W	1510
YGL167C	22219
YGL168W	37
YGL169W	6034
YGL170C	205
YGL171W	5785
YGL172W	2129
YGL173C	38985
YGL174W	590
YGL175C	856
YGL176C	2714
YGL177W	322
YGL178W	10778
YGL179C	2352
YGL180W	1791
YGL181W	1591
YGL182C	19
YGL183C	43
YGL184C	226
YGL185C	916
YGL186C	5929
YGL187C	1453
YGL188C	293
YGL188C-A	145
YGL189C	51948
YGL190C	5766
YGL191W	2973
YGL192W	16
YGL193C	1008
YGL194C	2098
YGL194C-A	861
YGL195W	83764
YGL196W	2695
YGL197W	9388
YGL198W	1992
YGL199C	59
YGL200C	14840
YGL201C	5151
YGL202W	22536
YGL203C	6251
YGL204C	848
YGL205W	180
YGL206C	57245
YGL207W	17390
YGL208W	876
YGL209W	1600
YGL210W	1452
YGL211W	3509
YGL212W	655
YGL213C	4012
YGL214W	49
YGL215W	13905
YGL216W	4676
YGL217C	13
YGL218W	10
YGL219C	1947
YGL220W	3036
YGL221C	6417
YGL222C	654
YGL223C	2111
YGL224C	2876
YGL225W	19184
YGL226C-A	2550
YGL226W	687
YGL227W	1536
YGL228W	5190
YGL229C	834
YGL230C	147
YGL231C	2917
YGL232W	2494
YGL233W	3817
YGL234W	25263
YGL235W	30
YGL236C	4485
YGL237C	676
YGL238W	19729
YGL239C	3
YGL240W	614
YGL241W	3676
YGL242C	2393
YGL243W	1642
YGL244W	1876
YGL245W	45484
YGL246C	4525
YGL247W	1052
YGL248W	2778
YGL249W	325
YGL250W	224
YGL251C	1477
YGL252C	3576
YGL253W	32602
YGL254W	966
YGL255W	8438
YGL256W	3875
YGL257C	3005
YGL258W	201
YGL258W-A	42
YGL259W	55
YGL260W	0
YGL261C	2
YGL262W	8
YGL263W	57
YGR001C	3625
YGR002C	1819
YGR003W	2790
YGR004W	2425
YGR005C	1941
YGR006W	623
YGR007W	4016
YGR008C	1080
YGR009C	2471
YGR010W	1611
YGR011W	206
YGR012W	2504
YGR013W	1699
YGR014W	20305
YGR015C	885
YGR016W	312
YGR017W	2501
YGR018C	69
YGR019W	7144
YGR020C	5963
YGR021W	1192
YGR022C	6
YGR023W	718
YGR024C	3346
YGR025W	26
YGR026W	7135
YGR027C	41134
YGR027W-A	0
YGR027W-B	0
YGR028W	2377
YGR029W	1432
YGR030C	1331
YGR031C-A	7
YGR031W	1666
YGR032W	97474
YGR033C	3593
YGR034W	26928
YGR035C	966
YGR035W-A	0
YGR036C	3832
YGR037C	10004
YGR038C-A	0
YGR038C-B	0
YGR038W	1932
YGR039W	276
YGR040W	2975
YGR041W	4387
YGR042W	1142
YGR043C	2613
YGR044C	3200
YGR045C	53
YGR046W	2896
YGR047C	3219
YGR048W	2346
YGR049W	1125
YGR050C	270
YGR051C	1
YGR052W	115
YGR053C	155
YGR054W	22394
YGR055W	2844
YGR056W	4282
YGR057C	1845
YGR058W	999
YGR059W	120
YGR060W	37224
YGR061C	38413
YGR062C	1572
YGR063C	2203
YGR064W	235
YGR065C	2599
YGR066C	154
YGR067C	426
YGR068C	1195
YGR068W-A	1
YGR069W	17
YGR070W	2930
YGR071C	3161
YGR072W	912
YGR073C	214
YGR074W	1512
YGR075C	473
YGR076C	864
YGR077C	5317
YGR078C	2810
YGR079W	16367
YGR080W	2360
YGR081C	3023
YGR082W	5401
YGR083C	8977
YGR084C	2251
YGR085C	8864
YGR086C	12411
YGR087C	1625
YGR088W	700
YGR089W	7893
YGR090W	35844
YGR091W	1596
YGR092W	3050
YGR093W	4873
YGR094W	52067
YGR095C	3099
YGR096W	767
YGR097W	9754
YGR098C	8410
YGR099W	2455
YGR100W	3859
YGR101W	1645
YGR102C	1480
YGR103W	23616
YGR104C	1280
YGR105W	1601
YGR106C	13745
YGR107W	50
YGR108W	5688
YGR109C	1286
YGR109W-A	0
YGR109W-B	383
YGR110W	435
YGR111W	2911
YGR112W	1023
YGR113W	1194
YGR114C	0
YGR115C	7
YGR116W	20038
YGR117C	3036
YGR118W	20677
YGR119C	5978
YGR120C	1172
YGR121C	553
YGR121W-A	54
YGR122C-A	58
YGR122W	1234
YGR123C	8937
YGR124W	28766
YGR125W	6690
YGR126W	505
YGR127W	1040
YGR128C	13529
YGR129W	630
YGR130C	2736
YGR131W	609
YGR132C	5534
YGR133W	940
YGR134W	4159
YGR135W	6570
YGR136W	2084
YGR137W	442
YGR138C	1400
YGR139W	3
YGR140W	3110
YGR141W	978
YGR142W	435
YGR143W	4351
YGR144W	381
YGR145W	9410
YGR146C	6458
YGR146C-A	49
YGR147C	4210
YGR148C	22088
YGR149W	2744
YGR150C	3430
YGR151C	118
YGR152C	2436
YGR153W	966
YGR154C	1049
YGR155W	55476
YGR156W	1090
YGR157W	30150
YGR158C	2485
YGR159C	61482
YGR160W	90
YGR161C	1476
YGR161C-C	0
YGR161C-D	113
YGR161W-A	0
YGR161W-B	0
YGR161W-C	483
YGR162W	34722
YGR163W	1692
YGR164W	90
YGR165W	2906
YGR166W	2769
YGR167W	5254
YGR168C	1491
YGR169C	1958
YGR169C-A	366
YGR170W	4885
YGR171C	1782
YGR172C	2570
YGR173W	5208
YGR174C	675
YGR174W-A	82
YGR175C	42069
YGR176W	21
YGR177C	2829
YGR178C	14883
YGR179C	756
YGR180C	27602
YGR181W	2021
YGR182C	716
YGR183C	721
YGR184C	24978
YGR185C	17006
YGR186W	4886
YGR187C	4470
YGR188C	2246
YGR189C	37461
YGR190C	4
YGR191W	19118
YGR192C	593155
YGR193C	3732
YGR194C	824
YGR195W	3236
YGR196C	1818
YGR197C	1442
YGR198W	10760
YGR199W	2677
YGR200C	13805
YGR201C	2224
YGR202C	2640
YGR203W	482
YGR204C-A	7
YGR204W	20791
YGR205W	702
YGR206W	1098
YGR207C	2583
YGR208W	3382
YGR209C	11303
YGR210C	5826
YGR211W	11544
YGR212W	1076
YGR213C	504
YGR214W	52188
YGR215W	1316
YGR216C	3276
YGR217W	9971
YGR218W	24296
YGR219W	2
YGR220C	3049
YGR221C	1425
YGR222W	1484
YGR223C	1649
YGR224W	21
YGR225W	283
YGR226C	0
YGR227W	2724
YGR228W	39
YGR229C	12121
YGR230W	476
YGR231C	3939
YGR232W	2465
YGR233C	11174
YGR234W	13981
YGR235C	2588
YGR236C	46
YGR237C	1841
YGR238C	2367
YGR239C	1326
YGR240C	64421
YGR240C-A	80
YGR241C	4230
YGR242W	3
YGR243W	135
YGR244C	9177
YGR245C	15824
YGR246C	2080
YGR247W	627
YGR248W	893
YGR249W	332
YGR250C	4131
YGR251W	1281
YGR252W	1756
YGR253C	4869
YGR254W	47486
YGR255C	5380
YGR256W	1932
YGR257C	4673
YGR258C	4107
YGR259C	11
YGR260W	27761
YGR261C	7666
YGR262C	2684
YGR263C	1936
YGR264C	31785
YGR265W	4
YGR266W	3939
YGR267C	5309
YGR268C	959
YGR269W	79
YGR270C-A	1
YGR270W	11267
YGR271C-A	2529
YGR271W	11632
YGR273C	12
YGR274C	4988
YGR275W	1226
YGR276C	3338
YGR277C	2264
YGR278W	1740
YGR279C	37170
YGR280C	673
YGR281W	15533
YGR282C	52596
YGR283C	3107
YGR284C	13697
YGR285C	33703
YGR286C	2084
YGR287C	483
YGR288W	892
YGR289C	422
YGR290W	2
YGR291C	4
YGR292W	53
YGR293C	0
YGR294W	31
YGR295C	4166
YGR296C-A	0
YGR296C-B	0
YGR296W	0
YHL001W	9205
YHL002C-A	64
YHL002W	2913
YHL003C	6367
YHL004W	3937
YHL005C	20
YHL006C	388
YHL006W-A	27
YHL007C	9924
YHL008C	4239
YHL009C	1184
YHL009W-A	0
YHL009W-B	49
YHL010C	1547
YHL011C	16908
YHL012W	167
YHL013C	1781
YHL014C	962
YHL015W	35917
YHL015W-A	1
YHL016C	1063
YHL017W	6018
YHL018W	246
YHL019C	1059
YHL019W-A	16
YHL020C	2450
YHL021C	764
YHL022C	105
YHL023C	3785
YHL024W	263
YHL025W	2043
YHL026C	1173
YHL027W	5907
YHL028W	202
YHL029C	5543
YHL030W	18536
YHL030W-A	14
YHL031C	1221
YHL032C	2092
YHL033C	30586
YHL034C	10758
YHL034W-A	16
YHL035C	15090
YHL036W	541
YHL037C	64
YHL038C	1596
YHL039W	4985
YHL040C	19163
YHL041W	6
YHL042W	144
YHL043W	9
YHL044W	499
YHL045W	4
YHL046C	3
YHL046W-A	3
YHL047C	8667
YHL048C-A	1
YHL048W	2508
YHL049C	0
YHL050C	292
YHL050W-A	1
YHR001W	3208
YHR001W-A	1005
YHR002W	740
YHR003C	4434
YHR004C	3039
YHR005C	3592
YHR005C-A	3238
YHR006W	3325
YHR007C	32311
YHR007C-A	477
YHR008C	6230
YHR009C	13731
YHR010W	35811
YHR011W	1007
YHR012W	2314
YHR013C	3664
YHR014W	138
YHR015W	823
YHR016C	1581
YHR017W	2051
YHR018C	2086
YHR019C	37439
YHR020W	41351
YHR021C	34531
YHR021W-A	159
YHR022C	489
YHR022C-A	0
YHR023W	9165
YHR024C	5495
YHR025W	13129
YHR026W	9780
YHR027C	23389
YHR028C	10688
YHR028W-A	31
YHR029C	1110
YHR030C	8931
YHR031C	3831
YHR032C-A	1
YHR032W	7843
YHR032W-A	776
YHR033W	965
YHR034C	887
YHR035W	964
YHR036W	2461
YHR037W	3771
YHR038W	587
YHR039C	6864
YHR039C-A	6508
YHR040W	1117
YHR041C	1740
YHR042W	19606
YHR043C	1975
YHR044C	550
YHR045W	3035
YHR046C	1656
YHR047C	12060
YHR048W	2180
YHR049C-A	5
YHR049W	11684
YHR050W	5904
YHR050W-A	29
YHR051W	1482
YHR052W	12870
YHR052W-A	0
YHR053C	0
YHR054C	35
YHR054W-A	0
YHR055C	0
YHR056C	3811
YHR056W-A	17
YHR057C	1930
YHR058C	1323
YHR059W	1231
YHR060W	899
YHR061C	2110
YHR062C	2053
YHR063C	4181
YHR063W-A	18
YHR064C	43780
YHR065C	6972
YHR066W	8241
YHR067W	1060
YHR068W	16445
YHR069C	6832
YHR069C-A	208
YHR070C-A	6
YHR070W	6137
YHR071C-A	155
YHR071W	11958
YHR072W	6518
YHR072W-A	8531
YHR073C-B	1
YHR073W	12288
YHR073W-A	0
YHR074W	7583
YHR075C	1159
YHR076W	1801
YHR077C	7094
YHR078W	3797
YHR079C	7479
YHR079C-A	44
YHR080C	5165
YHR081W	1393
YHR082C	16092
YHR083W	3453
YHR084W	6978
YHR085W	2923
YHR086W	3898
YHR086W-A	5
YHR087W	578
YHR088W	4131
YHR089C	7134
YHR090C	1178
YHR091C	2378
YHR092C	2996
YHR093W	2
YHR094C	13566
YHR095W	11
YHR096C	1992
YHR097C	921
YHR098C	11932
YHR099W	41282
YHR100C	1376
YHR101C	1007
YHR102W	4914
YHR103W	10335
YHR104W	4967
YHR105W	448
YHR106W	1740
YHR107C	5075
YHR108W	9922
YHR109W	903
YHR110W	2444
YHR111W	3016
YHR112C	2867
YHR113W	4630
YHR114W	2957
YHR115C	4586
YHR116W	715
YHR117W	5798
YHR118C	1225
YHR119W	7124
YHR120W	3555
YHR121W	1687
YHR122W	2574
YHR123W	5236
YHR124W	378
YHR125W	3
YHR126C	349
YHR127W	1373
YHR128W	5763
YHR129C	1517
YHR130C	254
YHR131C	3849
YHR131W-A	5
YHR132C	5995
YHR132W-A	957
YHR133C	4501
YHR134W	1086
YHR135C	3648
YHR136C	1429
YHR137C-A	2
YHR137W	5497
YHR138C	1819
YHR139C	101
YHR139C-A	20
YHR140W	682
YHR141C	19488
YHR142W	4023
YHR143W	19854
YHR143W-A	2681
YHR144C	1911
YHR145C	71
YHR146W	4872
YHR147C	1940
YHR148W	2730
YHR149C	5704
YHR150W	1987
YHR151C	4862
YHR152W	683
YHR153C	301
YHR154W	5575
YHR155W	10293
YHR156C	553
YHR157W	378
YHR158C	6705
YHR159W	777
YHR160C	138
YHR161C	2798
YHR162W	9991
YHR163W	6057
YHR164C	3051
YHR165C	23460
YHR165W-A	1
YHR166C	1150
YHR167W	1428
YHR168W	1397
YHR169W	6578
YHR170W	22458
YHR171W	1042
YHR172W	2898
YHR173C	44
YHR174W	298830
YHR175W	3025
YHR175W-A	624
YHR176W	570
YHR177W	331
YHR178W	1205
YHR179W	56515
YHR180C-B	2
YHR180W	246
YHR180W-A	5
YHR181W	2962
YHR182C-A	182
YHR182W	2663
YHR183W	31122
YHR184W	360
YHR185C	45
YHR186C	9127
YHR187W	2212
YHR188C	10287
YHR189W	312
YHR190W	8533
YHR191C	717
YHR192W	1441
YHR193C	19272
YHR193C-A	38
YHR194W	1544
YHR195W	1940
YHR196W	9889
YHR197W	10843
YHR198C	1029
YHR199C	3627
YHR199C-A	197
YHR200W	5209
YHR201C	3592
YHR202W	1780
YHR203C	25464
YHR204W	7504
YHR205W	11035
YHR206W	6487
YHR207C	2960
YHR208W	9468
YHR209W	1289
YHR210C	384
YHR211W	1159
YHR212C	0
YHR212W-A	0
YHR213W	0
YHR213W-A	0
YHR213W-B	4
YHR214C-B	1342
YHR214C-C	0
YHR214C-D	0
YHR214C-E	1
YHR214W	12
YHR214W-A	95
YHR215W	670
YHR216W	1107
YHR217C	2
YHR218W	0
YHR218W-A	0
YHR219C-A	0
YHR219W	0
YIL001W	1992
YIL002C	4468
YIL002W-A	2367
YIL003W	1818
YIL004C	1226
YIL005W	5439
YIL006W	1013
YIL007C	1058
YIL008W	1973
YIL009C-A	1023
YIL009W	6368
YIL010W	3673
YIL011W	376
YIL012W	85
YIL013C	1163
YIL014C-A	1585
YIL014W	6374
YIL015W	0
YIL016W	1548
YIL017C	2615
YIL018W	62199
YIL019W	2058
YIL020C	1169
YIL020C-A	77
YIL021C-A	4
YIL021W	3671
YIL022W	5587
YIL023C	4034
YIL024C	819
YIL025C	9
YIL026C	5271
YIL027C	1646
YIL028W	104
YIL029C	247
YIL029W-A	0
YIL030C	21115
YIL030W-A	444
YIL031W	5108
YIL032C	19
YIL033C	7918
YIL034C	4229
YIL035C	3504
YIL036W	2382
YIL037C	57
YIL038C	5890
YIL039W	9156
YIL040W	2377
YIL041W	12864
YIL042C	433
YIL043C	13972
YIL044C	2537
YIL045W	547
YIL046W	3850
YIL046W-A	27
YIL047C	19507
YIL047C-A	1758
YIL048W	8057
YIL049W	1605
YIL050W	1412
YIL051C	18970
YIL052C	21021
YIL053W	57288
YIL054W	1
YIL055C	993
YIL056W	2642
YIL057C	9
YIL058W	30
YIL059C	510
YIL060W	18
YIL061C	965
YIL062C	2308
YIL063C	1780
YIL064W	4185
YIL065C	1055
YIL066C	1576
YIL066W-A	6
YIL067C	4094
YIL068C	3116
YIL068W-A	12
YIL069C	17538
YIL070C	4316
YIL071C	1152
YIL071W-A	49
YIL072W	398
YIL073C	638
YIL074C	6922
YIL075C	20971
YIL076W	7500
YIL077C	906
YIL078W	36084
YIL079C	3432
YIL080W	38
YIL082W	0
YIL082W-A	0
YIL083C	3418
YIL084C	1318
YIL085C	5941
YIL086C	173
YIL087C	410
YIL088C	4975
YIL089W	265
YIL090W	9095
YIL091C	9767
YIL092W	1272
YIL093C	1530
YIL094C	7781
YIL095W	2425
YIL096C	2734
YIL097W	816
YIL098C	509
YIL099W	199
YIL100C-A	3
YIL100W	16
YIL101C	355
YIL102C	3
YIL102C-A	585
YIL103W	4020
YIL104C	3607
YIL105C	1792
YIL105W-A	4
YIL106W	1480
YIL107C	2802
YIL108W	5893
YIL109C	20651
YIL110W	4051
YIL111W	2520
YIL112W	2275
YIL113W	170
YIL114C	1509
YIL115C	17954
YIL115W-A	1
YIL116W	3849
YIL117C	2402
YIL118W	6733
YIL119C	616
YIL120W	1555
YIL121W	1403
YIL122W	785
YIL123W	11706
YIL124W	2150
YIL125W	11155
YIL126W	11336
YIL127C	2975
YIL128W	8104
YIL129C	18822
YIL130W	7808
YIL131C	4447
YIL132C	710
YIL133C	32854
YIL134C-A	43
YIL134W	1730
YIL135C	1981
YIL136W	555
YIL137C	7980
YIL138C	3570
YIL139C	873
YIL140W	6793
YIL141W	145
YIL142C-A	7
YIL142W	19693
YIL143C	6409
YIL144W	2152
YIL145C	5821
YIL146C	1864
YIL147C	11608
YIL148W	31068
YIL149C	7156
YIL150C	1554
YIL151C	7951
YIL152W	750
YIL153W	1304
YIL154C	857
YIL155C	1445
YIL156W	3221
YIL156W-A	15
YIL156W-B	1241
YIL157C	2489
YIL158W	918
YIL159W	3462
YIL160C	66
YIL161W	729
YIL162W	5183
YIL163C	123
YIL164C	415
YIL165C	335
YIL166C	642
YIL167W	180
YIL168W	133
YIL169C	3901
YIL170W	6
YIL171W	1
YIL171W-A	0
YIL172C	0
YIL173W	55
YIL174W	0
YIL175W	0
YIL176C	0
YIL177C	0
YIL177W-A	0
YIR001C	1384
YIR002C	4227
YIR003W	2185
YIR004W	3031
YIR005W	555
YIR006C	10713
YIR007W	1664
YIR008C	2933
YIR009W	374
YIR010W	1975
YIR011C	5091
YIR012W	15230
YIR013C	71
YIR014W	139
YIR015W	279
YIR016W	620
YIR017C	67
YIR017W-A	16
YIR018C-A	33
YIR018W	1133
YIR019C	267
YIR020C	0
YIR020C-B	11
YIR020W-A	13
YIR021W	2314
YIR021W-A	10
YIR022W	2534
YIR023C-A	11
YIR023W	4891
YIR024C	450
YIR025W	391
YIR026C	6881
YIR027C	673
YIR028W	299
YIR029W	297
YIR030C	207
YIR030W-A	69
YIR031C	1375
YIR032C	207
YIR033W	17060
YIR034C	1857
YIR035C	3320
YIR036C	1880
YIR036W-A	15
YIR037W	8341
YIR038C	3015
YIR039C	1038
YIR040C	0
YIR041W	5
YIR042C	164
YIR043C	18
YIR044C	0
YJL001W	4330
YJL002C	17474
YJL003W	547
YJL004C	1724
YJL005W	15524
YJL006C	1571
YJL007C	1
YJL008C	13812
YJL009W	12
YJL010C	9151
YJL011C	1644
YJL012C	30750
YJL013C	1047
YJL014W	16896
YJL015C	4
YJL016W	6976
YJL019W	4244
YJL020C	11041
YJL020W-A	2
YJL022W	8
YJL023C	1109
YJL024C	1561
YJL025W	3152
YJL026C-A	17
YJL026W	41240
YJL027C	21
YJL028W	4
YJL029C	5974
YJL030W	748
YJL031C	1498
YJL032W	4
YJL033W	14394
YJL034W	92420
YJL035C	1487
YJL036W	1310
YJL037W	350
YJL038C	203
YJL039C	25711
YJL041W	9193
YJL042W	6839
YJL043W	149
YJL044C	3458
YJL045W	213
YJL046W	1313
YJL047C	2212
YJL047C-A	481
YJL048C	1104
YJL049W	842
YJL050W	21472
YJL051W	1274
YJL052C-A	0
YJL052W	53852
YJL053W	1733
YJL054W	4426
YJL055W	4510
YJL056C	1926
YJL057C	1308
YJL058C	1552
YJL059W	837
YJL060W	2412
YJL061W	5532
YJL062W	6074
YJL062W-A	2460
YJL063C	1916
YJL064W	6
YJL065C	1578
YJL066C	1837
YJL067W	4
YJL068C	4790
YJL069C	9592
YJL070C	1769
YJL071W	1922
YJL072C	978
YJL073W	3066
YJL074C	5435
YJL075C	0
YJL076W	15655
YJL077C	18
YJL077W-A	194
YJL077W-B	82
YJL078C	4449
YJL079C	1437
YJL080C	39389
YJL081C	4145
YJL082W	3717
YJL083W	1970
YJL084C	7594
YJL085W	2117
YJL086C	3
YJL087C	4671
YJL088W	2079
YJL089W	453
YJL090C	3334
YJL091C	3835
YJL092W	6797
YJL093C	5275
YJL094C	5124
YJL095W	5810
YJL096W	1974
YJL097W	5550
YJL098W	13525
YJL099W	1991
YJL100W	1360
YJL101C	4897
YJL102W	993
YJL103C	903
YJL104W	2319
YJL105W	196
YJL106W	630
YJL107C	766
YJL108C	761
YJL109C	53186
YJL110C	5122
YJL111W	12213
YJL112W	2582
YJL113W	372
YJL114W	26
YJL115W	569
YJL116C	5528
YJL117W	12690
YJL118W	557
YJL119C	496
YJL120W	14
YJL121C	7374
YJL122W	6827
YJL123C	3106
YJL124C	3215
YJL125C	3793
YJL126W	1224
YJL127C	2327
YJL127C-B	976
YJL127W-A	3
YJL128C	6234
YJL129C	8950
YJL130C	118589
YJL131C	558
YJL132W	1059
YJL133C-A	272
YJL133W	4565
YJL134W	4052
YJL135W	44
YJL136C	17093
YJL136W-A	14
YJL137C	2117
YJL138C	7726
YJL139C	3533
YJL140W	3295
YJL141C	2216
YJL142C	126
YJL143W	4275
YJL144W	86
YJL145W	4319
YJL146W	1608
YJL147C	865
YJL148W	4540
YJL149W	3098
YJL150W	47
YJL151C	8747
YJL152W	12
YJL153C	1225
YJL154C	9940
YJL155C	1321
YJL156C	4141
YJL156W-A	7
YJL157C	3614
YJL158C	35321
YJL159W	70253
YJL160C	161
YJL161W	297
YJL162C	1559
YJL163C	567
YJL164C	1669
YJL165C	5065
YJL166W	1131
YJL167W	15016
YJL168C	5071
YJL169W	20
YJL170C	219
YJL171C	11913
YJL172W	29973
YJL173C	2997
YJL174W	12212
YJL175W	5
YJL176C	6020
YJL177W	24657
YJL178C	5309
YJL179W	1360
YJL180C	1416
YJL181W	1858
YJL182C	2
YJL183W	8397
YJL184W	1151
YJL185C	1001
YJL186W	13177
YJL187C	6550
YJL188C	74
YJL189W	17035
YJL190C	34880
YJL191W	21423
YJL192C	9614
YJL193W	2617
YJL194W	2274
YJL195C	49
YJL196C	7015
YJL197C-A	0
YJL197W	7204
YJL198W	13712
YJL199C	226
YJL200C	7568
YJL201W	3802
YJL202C	15
YJL203W	680
YJL204C	2772
YJL205C	728
YJL206C	1727
YJL207C	12543
YJL208C	4554
YJL209W	3844
YJL210W	1045
YJL211C	79
YJL212C	7025
YJL213W	735
YJL214W	71
YJL215C	164
YJL216C	744
YJL217W	9575
YJL218W	248
YJL219W	80
YJL220W	0
YJL221C	0
YJL222W	57
YJL222W-A	0
YJL222W-B	0
YJL223C	0
YJL225C	0
YJL225W-A	0
YJR001W	5930
YJR002W	8008
YJR003C	3775
YJR004C	1406
YJR005C-A	112
YJR005W	3461
YJR006W	2451
YJR007W	12306
YJR008W	780
YJR009C	72507
YJR010C-A	635
YJR010W	1719
YJR011C	527
YJR012C	683
YJR013W	2692
YJR014W	5193
YJR015W	10507
YJR016C	16470
YJR017C	2580
YJR018W	68
YJR019C	977
YJR020W	171
YJR021C	708
YJR022W	277
YJR023C	39
YJR024C	4241
YJR025C	3778
YJR026W	0
YJR027W	2205
YJR028W	0
YJR029W	0
YJR030C	2331
YJR031C	7985
YJR032W	2725
YJR033C	4672
YJR034W	633
YJR035W	1808
YJR036C	757
YJR037W	0
YJR038C	6
YJR039W	1963
YJR040W	3632
YJR041C	13077
YJR042W	5777
YJR043C	1344
YJR044C	2170
YJR045C	49785
YJR046W	3541
YJR047C	1729
YJR048W	507
YJR049C	2851
YJR050W	832
YJR051W	2971
YJR052W	2222
YJR053W	1538
YJR054W	5642
YJR055W	479
YJR056C	2326
YJR057W	1941
YJR058C	1475
YJR059W	3275
YJR060W	2464
YJR061W	1721
YJR062C	1694
YJR063W	4914
YJR064W	20011
YJR065C	9104
YJR066W	11540
YJR067C	421
YJR068W	3963
YJR069C	3061
YJR070C	14042
YJR071W	11
YJR072C	5558
YJR073C	3802
YJR074W	2055
YJR075W	9017
YJR076C	5631
YJR077C	11326
YJR078W	4093
YJR079W	129
YJR080C	1992
YJR082C	1988
YJR083C	700
YJR084W	1384
YJR085C	4157
YJR086W	446
YJR087W	202
YJR088C	2370
YJR089W	2931
YJR090C	7144
YJR091C	7125
YJR092W	5503
YJR093C	1884
YJR094C	422
YJR094W-A	9324
YJR095W	261
YJR096W	3327
YJR097W	1797
YJR098C	980
YJR099W	1652
YJR100C	1658
YJR101W	2871
YJR102C	1261
YJR103W	6023
YJR104C	28086
YJR105W	29707
YJR106W	2952
YJR107W	2008
YJR108W	100
YJR109C	10228
YJR110W	1714
YJR111C	2127
YJR112W	895
YJR112W-A	1155
YJR113C	2773
YJR114W	78
YJR115W	294
YJR116W	1764
YJR117W	13381
YJR118C	1887
YJR119C	3951
YJR120W	174
YJR121W	30566
YJR122W	1404
YJR123W	94440
YJR124C	5039
YJR125C	3402
YJR126C	6064
YJR127C	6770
YJR128W	25
YJR129C	1307
YJR130C	1769
YJR131W	1596
YJR132W	15943
YJR133W	3836
YJR134C	2724
YJR135C	629
YJR135W-A	1712
YJR136C	1517
YJR137C	6591
YJR138W	3867
YJR139C	24236
YJR140C	8532
YJR140W-A	6
YJR141W	1191
YJR142W	2535
YJR143C	30478
YJR144W	2481
YJR145C	27215
YJR146W	91
YJR147W	1287
YJR148W	11079
YJR149W	812
YJR150C	55
YJR151C	564
YJR151W-A	0
YJR152W	1239
YJR153W	234
YJR154W	478
YJR155W	530
YJR156C	97
YJR157W	1
YJR158W	0
YJR159W	3
YJR160C	75
YJR161C	157
YJR162C	0
YKL001C	656
YKL002W	1681
YKL003C	1712
YKL004W	13433
YKL005C	3207
YKL006C-A	1457
YKL006W	13481
YKL007W	3581
YKL008C	16376
YKL009W	11899
YKL010C	13032
YKL011C	1017
YKL012W	2843
YKL013C	3578
YKL014C	25345
YKL015W	6978
YKL016C	3881
YKL017C	1355
YKL018C-A	106
YKL018W	2395
YKL019W	3450
YKL020C	6590
YKL021C	4262
YKL022C	2835
YKL023C-A	2700
YKL023W	608
YKL024C	8655
YKL025C	2625
YKL026C	370
YKL027W	4682
YKL028W	3233
YKL029C	15203
YKL030W	16
YKL031W	104
YKL032C	2291
YKL033W	3944
YKL033W-A	6760
YKL034W	3663
YKL035W	13246
YKL036C	18
YKL037W	34
YKL038W	6377
YKL039W	8420
YKL040C	1807
YKL041W	229
YKL042W	1382
YKL043W	845
YKL044W	85
YKL045W	2276
YKL046C	6269
YKL047W	2929
YKL048C	2534
YKL049C	962
YKL050C	1229
YKL051W	1633
YKL052C	1470
YKL053C-A	741
YKL053W	62
YKL054C	10899
YKL055C	860
YKL056C	55035
YKL057C	11529
YKL058W	2236
YKL059C	1356
YKL060C	432964
YKL061W	368
YKL062W	2031
YKL063C	1613
YKL064W	7487
YKL065C	4994
YKL065W-A	71
YKL066W	992
YKL067W	2896
YKL068W	8793
YKL068W-A	1845
YKL069W	1919
YKL070W	119
YKL071W	500
YKL072W	2721
YKL073W	12103
YKL074C	2876
YKL075C	1019
YKL076C	157
YKL077W	10349
YKL078W	8328
YKL079W	3034
YKL080W	14333
YKL081W	50409
YKL082C	1716
YKL083W	158
YKL084W	2825
YKL085W	2935
YKL086W	67
YKL087C	1442
YKL088W	1264
YKL089W	1178
YKL090W	1437
YKL091C	733
YKL092C	3628
YKL093W	570
YKL094W	5984
YKL095W	1102
YKL096C-B	7
YKL096W	9319
YKL096W-A	111620
YKL097C	11
YKL098W	2021
YKL099C	3693
YKL100C	5422
YKL100W-A	0
YKL101W	17713
YKL102C	10
YKL103C	6413
YKL104C	23140
YKL105C	3261
YKL106C-A	18
YKL106W	5221
YKL107W	178
YKL108W	1397
YKL109W	1591
YKL110C	4413
YKL111C	10
YKL112W	3959
YKL113C	3483
YKL114C	3226
YKL115C	223
YKL116C	3631
YKL117W	9496
YKL118W	3
YKL119C	1028
YKL120W	2538
YKL121W	1935
YKL122C	2132
YKL123W	161
YKL124W	1588
YKL125W	7228
YKL126W	8264
YKL127W	6465
YKL128C	5338
YKL129C	5165
YKL130C	1495
YKL131W	18
YKL132C	1082
YKL133C	785
YKL134C	2393
YKL135C	5480
YKL136W	137
YKL137W	924
YKL138C	1735
YKL138C-A	618
YKL139W	2018
YKL140W	3326
YKL141W	1937
YKL142W	3382
YKL143W	5046
YKL144C	2293
YKL145W	8411
YKL145W-A	0
YKL146W	4547
YKL147C	16
YKL148C	1377
YKL149C	1149
YKL150W	4361
YKL151C	2859
YKL152C	187697
YKL153W	53
YKL154W	2323
YKL155C	2879
YKL156C-A	5
YKL156W	13141
YKL157W	22595
YKL159C	515
YKL160W	3091
YKL161C	1696
YKL162C	411
YKL162C-A	203
YKL163W	704
YKL164C	17678
YKL165C	13017
YKL165C-A	39
YKL166C	1942
YKL167C	1399
YKL168C	1461
YKL169C	50
YKL170W	1573
YKL171W	1899
YKL172W	6051
YKL173W	6061
YKL174C	5296
YKL175W	10426
YKL176C	11875
YKL177W	96
YKL178C	771
YKL179C	2344
YKL180W	41038
YKL181W	18939
YKL182W	312075
YKL183C-A	14
YKL183W	1354
YKL184W	5781
YKL185W	3591
YKL186C	2044
YKL187C	923
YKL188C	642
YKL189W	1312
YKL190W	2420
YKL191W	8942
YKL192C	8144
YKL193C	1748
YKL194C	1974
YKL195W	2340
YKL196C	6317
YKL197C	4010
YKL198C	2060
YKL201C	2270
YKL202W	196
YKL203C	12888
YKL204W	1896
YKL205W	12093
YKL206C	1719
YKL207W	8103
YKL208W	730
YKL209C	10474
YKL210W	40559
YKL211C	4953
YKL212W	14158
YKL213C	5832
YKL214C	1236
YKL215C	7773
YKL216W	14286
YKL217W	334
YKL218C	1256
YKL219W	2382
YKL220C	1696
YKL221W	263
YKL222C	1858
YKL223W	0
YKL224C	0
YKL225W	0
YKR001C	12047
YKR002W	3484
YKR003W	4696
YKR004C	1064
YKR005C	979
YKR006C	3282
YKR007W	668
YKR008W	3484
YKR009C	965
YKR010C	1873
YKR011C	941
YKR012C	41
YKR013W	29775
YKR014C	2291
YKR015C	100
YKR016W	2415
YKR017C	1040
YKR018C	7690
YKR019C	1426
YKR020W	428
YKR021W	2757
YKR022C	1390
YKR023W	982
YKR024C	8528
YKR025W	3042
YKR026C	4353
YKR027W	3082
YKR028W	11241
YKR029C	1893
YKR030W	1546
YKR031C	9475
YKR032W	3
YKR033C	27
YKR034W	53
YKR035C	106
YKR035W-A	1491
YKR036C	2490
YKR037C	1282
YKR038C	4307
YKR039W	978
YKR040C	16
YKR041W	160
YKR042W	24314
YKR043C	9612
YKR044W	3559
YKR045C	679
YKR046C	4714
YKR047W	186
YKR048C	13694
YKR049C	1457
YKR050W	4025
YKR051W	1657
YKR052C	957
YKR053C	1063
YKR054C	22916
YKR055W	695
YKR056W	9232
YKR057W	10956
YKR058W	1237
YKR059W	21145
YKR060W	2709
YKR061W	4233
YKR062W	3502
YKR063C	2198
YKR064W	2870
YKR065C	3957
YKR066C	2667
YKR067W	2157
YKR068C	3041
YKR069W	1085
YKR070W	2572
YKR071C	6771
YKR072C	6099
YKR073C	70
YKR074W	2079
YKR075C	1385
YKR075W-A	13
YKR076W	2531
YKR077W	426
YKR078W	1279
YKR079C	7719
YKR080W	4817
YKR081C	8495
YKR082W	13066
YKR083C	337
YKR084C	5736
YKR085C	2079
YKR086W	4061
YKR087C	2119
YKR088C	2611
YKR089C	3412
YKR090W	3243
YKR091W	1063
YKR092C	11958
YKR093W	12360
YKR094C	19305
YKR095W	12940
YKR095W-A	718
YKR096W	5368
YKR097W	1045
YKR098C	2535
YKR099W	7980
YKR100C	2725
YKR101W	1070
YKR102W	1166
YKR103W	1961
YKR104W	437
YKR105C	29
YKR106W	183
YLL001W	4278
YLL002W	1019
YLL003W	2844
YLL004W	2906
YLL005C	254
YLL006W	2112
YLL006W-A	3
YLL007C	1367
YLL008W	12044
YLL009C	1187
YLL010C	3243
YLL011W	9579
YLL012W	5954
YLL013C	8735
YLL014W	3448
YLL015W	10462
YLL016W	1332
YLL017W	79
YLL018C	28636
YLL018C-A	1037
YLL019C	7960
YLL019W-A	1
YLL020C	591
YLL021W	12272
YLL022C	2695
YLL023C	2663
YLL024C	78872
YLL025W	171
YLL026W	25116
YLL027W	1625
YLL028W	2622
YLL029W	6018
YLL030C	7
YLL031C	12970
YLL032C	2282
YLL033W	597
YLL034C	9366
YLL035W	6418
YLL036C	4141
YLL037W	97
YLL038C	1453
YLL039C	16451
YLL040C	27832
YLL041C	549
YLL042C	186
YLL043W	5074
YLL044W	19
YLL045C	56583
YLL046C	504
YLL047W	53
YLL048C	35749
YLL049W	2085
YLL050C	17357
YLL051C	8518
YLL052C	629
YLL053C	956
YLL054C	2430
YLL055W	795
YLL056C	538
YLL057C	241
YLL058W	2842
YLL059C	152
YLL060C	565
YLL061W	652
YLL062C	222
YLL063C	803
YLL064C	0
YLL065W	0
YLL066C	1
YLL066W-A	0
YLL066W-B	2
YLL067C	0
YLL067W-A	0
YLR001C	3566
YLR002C	8988
YLR003C	4708
YLR004C	771
YLR005W	2944
YLR006C	2398
YLR007W	5012
YLR008C	5301
YLR009W	9577
YLR010C	329
YLR011W	433
YLR012C	16
YLR013W	6
YLR014C	3847
YLR015W	2113
YLR016C	1955
YLR017W	12864
YLR018C	3744
YLR019W	2524
YLR020C	5144
YLR021W	1199
YLR022C	3540
YLR023C	9328
YLR024C	3658
YLR025W	863
YLR026C	2880
YLR027C	17898
YLR028C	14748
YLR029C	65707
YLR030W	704
YLR031W	511
YLR032W	4600
YLR033W	3103
YLR034C	9879
YLR035C	1365
YLR035C-A	36
YLR036C	903
YLR037C	162
YLR038C	725
YLR039C	3301
YLR040C	1447
YLR041W	74
YLR042C	391
YLR043C	6153
YLR044C	489481
YLR045C	4557
YLR046C	2685
YLR047C	5112
YLR048W	77816
YLR049C	1367
YLR050C	2226
YLR051C	3040
YLR052W	2895
YLR053C	23
YLR054C	325
YLR055C	2447
YLR056W	28072
YLR057W	5556
YLR058C	19541
YLR059C	5154
YLR060W	26714
YLR061W	27167
YLR062C	37
YLR063W	2308
YLR064W	4453
YLR065C	1902
YLR066W	2757
YLR067C	3902
YLR068W	830
YLR069C	4689
YLR070C	196
YLR071C	7389
YLR072W	2692
YLR073C	3706
YLR074C	3823
YLR075W	107756
YLR076C	29
YLR077W	4440
YLR078C	2333
YLR079W	2322
YLR080W	377
YLR081W	43
YLR082C	783
YLR083C	19278
YLR084C	9843
YLR085C	2014
YLR086W	5741
YLR087C	14098
YLR088W	5433
YLR089C	7634
YLR090W	3473
YLR091W	855
YLR092W	640
YLR093C	2584
YLR094C	3384
YLR095C	3212
YLR096W	8679
YLR097C	1867
YLR098C	2006
YLR099C	4017
YLR099W-A	1380
YLR100W	10678
YLR101C	126
YLR102C	349
YLR103C	2596
YLR104W	2644
YLR105C	2236
YLR106C	85192
YLR107W	4387
YLR108C	989
YLR109W	36166
YLR110C	260943
YLR111W	13
YLR112W	316
YLR113W	10261
YLR114C	2431
YLR115W	3497
YLR116W	3597
YLR117C	2543
YLR118C	2696
YLR119W	360
YLR120C	13902
YLR120W-A	21
YLR121C	7142
YLR122C	61
YLR123C	113
YLR124W	25
YLR125W	318
YLR126C	1353
YLR127C	2360
YLR128W	694
YLR129W	17122
YLR130C	6351
YLR131C	1711
YLR132C	595
YLR133W	2060
YLR134W	1440
YLR135W	1355
YLR136C	5903
YLR137W	1622
YLR138W	12574
YLR139C	999
YLR140W	3
YLR141W	593
YLR142W	350
YLR143W	3224
YLR144C	5378
YLR145W	555
YLR146C	2923
YLR146W-A	435
YLR147C	1178
YLR148W	2656
YLR149C	607
YLR149C-A	11
YLR150W	44549
YLR151C	345
YLR152C	1407
YLR153C	20670
YLR154C	1505
YLR154C-G	0
YLR154C-H	0
YLR154W-A	0
YLR154W-B	0
YLR154W-C	0
YLR154W-E	0
YLR154W-F	0
YLR155C	0
YLR156C-A	0
YLR156W	0
YLR157C	0
YLR157C-A	0
YLR157C-B	20
YLR157C-C	0
YLR157W-D	0
YLR157W-E	0
YLR158C	0
YLR159C-A	0
YLR159W	0
YLR160C	0
YLR161W	0
YLR162W	24
YLR162W-A	90
YLR163C	4317
YLR163W-A	1
YLR164W	388
YLR165C	635
YLR166C	5051
YLR167W	75326
YLR168C	995
YLR169W	4
YLR170C	527
YLR171W	19
YLR172C	8502
YLR173W	1966
YLR174W	668
YLR175W	17717
YLR176C	1580
YLR177W	1779
YLR178C	4008
YLR179C	7117
YLR180W	10136
YLR181C	1303
YLR182W	2665
YLR183C	3067
YLR184W	0
YLR185W	15551
YLR186W	9684
YLR187W	4110
YLR188W	5428
YLR189C	4875
YLR190W	5051
YLR191W	1298
YLR192C	7945
YLR193C	822
YLR194C	3072
YLR195C	5079
YLR196W	14008
YLR197W	26186
YLR198C	619
YLR199C	2325
YLR200W	1034
YLR201C	2650
YLR202C	429
YLR203C	7015
YLR204W	1540
YLR205C	814
YLR206W	3407
YLR207W	5246
YLR208W	9549
YLR209C	3039
YLR210W	1307
YLR211C	393
YLR212C	2489
YLR213C	961
YLR214W	39071
YLR215C	1747
YLR216C	17482
YLR217W	20
YLR218C	301
YLR219W	3072
YLR220W	1904
YLR221C	3561
YLR222C	16343
YLR222C-A	189
YLR223C	12251
YLR224W	7221
YLR225C	3320
YLR226W	3645
YLR227C	1287
YLR227W-A	0
YLR227W-B	3401
YLR228C	2306
YLR229C	7530
YLR230W	9
YLR231C	5032
YLR232W	11
YLR233C	1156
YLR234W	989
YLR235C	14
YLR236C	22
YLR237W	7001
YLR238W	1306
YLR239C	932
YLR240W	3144
YLR241W	6205
YLR242C	1524
YLR243W	3178
YLR244C	18225
YLR245C	803
YLR246W	1208
YLR247C	7845
YLR248W	10430
YLR249W	445135
YLR250W	4206
YLR251W	610
YLR252W	253
YLR253W	3496
YLR254C	638
YLR255C	40
YLR256W	16031
YLR256W-A	99
YLR257W	7152
YLR258W	5086
YLR259C	71502
YLR260W	2267
YLR261C	241
YLR262C	642
YLR262C-A	2877
YLR263W	1206
YLR264C-A	6
YLR264W	7261
YLR265C	1881
YLR266C	1995
YLR267W	695
YLR268W	3643
YLR269C	0
YLR270W	4395
YLR271W	364
YLR272C	6850
YLR273C	1233
YLR274W	4507
YLR275W	930
YLR276C	10687
YLR277C	3566
YLR278C	5103
YLR279W	27
YLR280C	5
YLR281C	2
YLR282C	3
YLR283W	871
YLR284C	521
YLR285C-A	1052
YLR285W	3116
YLR286C	53962
YLR286W-A	34
YLR287C	4727
YLR287C-A	23189
YLR288C	1276
YLR289W	1348
YLR290C	1342
YLR291C	7380
YLR292C	3987
YLR293C	29119
YLR294C	1611
YLR295C	2507
YLR296W	27
YLR297W	557
YLR298C	890
YLR299C-A	1
YLR299W	3187
YLR300W	67639
YLR301W	8009
YLR302C	15
YLR303W	3235
YLR304C	9072
YLR305C	20042
YLR306W	560
YLR307C-A	86
YLR307W	312
YLR308W	19
YLR309C	3188
YLR310C	11158
YLR311C	45
YLR312C	263
YLR312W-A	1829
YLR313C	1243
YLR314C	6640
YLR315W	234
YLR316C	1343
YLR317W	400
YLR318W	2327
YLR319C	2443
YLR320W	4399
YLR321C	2582
YLR322W	19
YLR323C	1101
YLR324W	2212
YLR325C	20191
YLR326W	1265
YLR327C	131
YLR328W	2934
YLR329W	223
YLR330W	6669
YLR331C	11
YLR332W	6258
YLR333C	13369
YLR334C	5
YLR335W	8282
YLR336C	6965
YLR337C	1201
YLR338W	6
YLR339C	14
YLR340W	54336
YLR341W	177
YLR342W	194067
YLR342W-A	1083
YLR343W	2346
YLR344W	29265
YLR345W	1499
YLR346C	187
YLR347C	21290
YLR347W-A	7
YLR348C	3025
YLR349W	10
YLR350W	3279
YLR351C	5863
YLR352W	3399
YLR353W	2421
YLR354C	31040
YLR355C	48250
YLR356W	1376
YLR357W	4769
YLR358C	8
YLR359W	11074
YLR360W	1626
YLR361C	3648
YLR361C-A	341
YLR362W	2261
YLR363C	1195
YLR363W-A	2073
YLR364C-A	1
YLR364W	622
YLR365W	53
YLR366W	36
YLR367W	10493
YLR368W	3891
YLR369W	2558
YLR370C	2946
YLR371W	9278
YLR372W	27767
YLR373C	4249
YLR374C	74
YLR375W	5683
YLR376C	609
YLR377C	120
YLR378C	17622
YLR379W	6
YLR380W	7382
YLR381W	2436
YLR382C	3321
YLR383W	3418
YLR384C	26691
YLR385C	729
YLR386W	5045
YLR387C	2757
YLR388W	11694
YLR389C	11819
YLR390W	938
YLR390W-A	18708
YLR392C	1285
YLR393W	1284
YLR394W	2030
YLR395C	1698
YLR396C	2713
YLR397C	7296
YLR398C	7823
YLR399C	6741
YLR399W-A	0
YLR400W	18
YLR401C	10673
YLR402W	466
YLR403W	6891
YLR404W	1218
YLR405W	2547
YLR406C	12385
YLR406C-A	49
YLR407W	7682
YLR408C	170
YLR409C	20329
YLR410W	20588
YLR410W-A	0
YLR410W-B	1030
YLR411W	568
YLR412C-A	13
YLR412W	2247
YLR413W	47873
YLR414C	3122
YLR415C	13
YLR416C	8
YLR417W	1401
YLR418C	1963
YLR419W	9674
YLR420W	4805
YLR421C	2697
YLR422W	8580
YLR423C	463
YLR424W	1309
YLR425W	2526
YLR426W	1404
YLR427W	3233
YLR428C	13
YLR429W	8991
YLR430W	25163
YLR431C	1366
YLR432W	32132
YLR433C	3318
YLR434C	29
YLR435W	2592
YLR436C	7700
YLR437C	1579
YLR437C-A	8
YLR438C-A	551
YLR438W	1601
YLR439W	1046
YLR440C	3376
YLR441C	50977
YLR442C	3000
YLR443W	4596
YLR444C	12
YLR445W	44
YLR446W	1020
YLR447C	16356
YLR448W	45250
YLR449W	10448
YLR450W	13299
YLR451W	4022
YLR452C	5412
YLR453C	851
YLR454W	17060
YLR455W	2252
YLR456W	355
YLR457C	573
YLR458W	3
YLR459W	4377
YLR460C	217
YLR461W	3
YLR462W	15
YLR463C	6
YLR464W	0
YLR465C	3
YLR466C-A	0
YLR466C-B	9
YLR466W	17
YLR467C-A	0
YLR467W	0
YML001W	4052
YML002W	2448
YML003W	781
YML004C	5210
YML005W	2328
YML006C	4105
YML007C-A	26
YML007W	8770
YML008C	11902
YML009C	1568
YML009C-A	9
YML009W-B	294
YML010W	7405
YML011C	1003
YML012C-A	53
YML012W	11700
YML013W	3001
YML014W	1941
YML015C	995
YML016C	8302
YML017W	6024
YML018C	11804
YML019W	2890
YML020W	1464
YML021C	2278
YML022W	11750
YML023C	3971
YML024W	32418
YML025C	2515
YML026C	31469
YML027W	3075
YML028W	47789
YML029W	4214
YML030W	567
YML031C-A	0
YML031W	8144
YML032C	3091
YML034C-A	12
YML034W	3508
YML035C	17493
YML036W	840
YML037C	780
YML038C	7574
YML039W	0
YML040W	0
YML041C	1188
YML042W	1261
YML043C	4933
YML045W	0
YML045W-A	0
YML046W	3806
YML047C	28
YML047W-A	10
YML048W	12800
YML049C	7873
YML050W	548
YML051W	8256
YML052W	5729
YML053C	643
YML054C	579
YML054C-A	0
YML055W	3159
YML056C	32393
YML057C-A	13
YML057W	2916
YML058W	5390
YML058W-A	493
YML059C	17010
YML060W	1483
YML061C	3690
YML062C	690
YML063W	81312
YML064C	1742
YML065W	3176
YML066C	257
YML067C	4658
YML068W	1219
YML069W	4620
YML070W	13999
YML071C	1457
YML072C	46850
YML073C	29773
YML074C	6997
YML075C	10341
YML076C	2836
YML077W	2087
YML078W	5551
YML079W	2166
YML080W	4764
YML081C-A	2243
YML081W	12625
YML082W	3893
YML083C	24
YML084W	10
YML085C	15784
YML086C	6197
YML087C	299
YML088W	3872
YML089C	4
YML090W	0
YML091C	2072
YML092C	5620
YML093W	8542
YML094C-A	48
YML094W	1950
YML095C	517
YML096W	3364
YML097C	2914
YML098W	767
YML099C	5021
YML099W-A	1
YML100W	9280
YML100W-A	8
YML101C	699
YML101C-A	43
YML102W	1689
YML103C	21045
YML104C	5997
YML105C	3688
YML106W	12463
YML107C	814
YML108W	2186
YML109W	2876
YML110C	7913
YML111W	5614
YML112W	1038
YML113W	2515
YML114C	2899
YML115C	5282
YML116W	2135
YML116W-A	715
YML117W	10658
YML118W	681
YML119W	1043
YML120C	844
YML121W	3191
YML122C	149
YML123C	181914
YML124C	11026
YML125C	8586
YML126C	24970
YML127W	5242
YML128C	3256
YML129C	661
YML130C	21272
YML131W	1718
YML132W	0
YML133C	21
YML133W-A	0
YML133W-B	0
YMR001C	3862
YMR001C-A	30
YMR002W	8940
YMR003W	725
YMR004W	1931
YMR005W	3444
YMR006C	9877
YMR007W	27
YMR008C	11395
YMR009W	1171
YMR010W	8506
YMR011W	42395
YMR012W	39740
YMR013C	3133
YMR013C-A	0
YMR013W-A	0
YMR014W	3098
YMR015C	6073
YMR016C	2374
YMR017W	96
YMR018W	438
YMR019W	3136
YMR020W	2066
YMR021C	1810
YMR022W	3326
YMR023C	1181
YMR024W	3845
YMR025W	272
YMR026C	2300
YMR027W	6313
YMR028W	1309
YMR029C	1634
YMR030W	575
YMR030W-A	22
YMR031C	2341
YMR031W-A	1
YMR032W	953
YMR033W	4559
YMR034C	1192
YMR035W	1163
YMR036C	1826
YMR037C	4095
YMR038C	4358
YMR039C	1951
YMR040W	360
YMR041C	1013
YMR042W	849
YMR043W	3303
YMR044W	1617
YMR045C	1871
YMR046C	0
YMR046W-A	0
YMR047C	7621
YMR048W	1001
YMR049C	20861
YMR050C	0
YMR051C	0
YMR052C-A	37
YMR052W	516
YMR053C	563
YMR054W	9834
YMR055C	1076
YMR056C	286
YMR057C	12
YMR058W	93287
YMR059W	677
YMR060C	1101
YMR061W	4154
YMR062C	3635
YMR063W	702
YMR064W	3234
YMR065W	828
YMR066W	2206
YMR067C	2307
YMR068W	824
YMR069W	334
YMR070W	830
YMR071C	3523
YMR072W	4989
YMR073C	1695
YMR074C	4022
YMR075C-A	127
YMR075W	2212
YMR076C	6085
YMR077C	685
YMR078C	3044
YMR079W	13913
YMR080C	18229
YMR081C	143
YMR082C	3
YMR083W	28349
YMR084W	211
YMR085W	401
YMR086C-A	84
YMR086W	4851
YMR087W	958
YMR088C	5283
YMR089C	6692
YMR090W	1134
YMR091C	2186
YMR092C	10396
YMR093W	11604
YMR094W	1302
YMR095C	180
YMR096W	1371
YMR097C	1221
YMR098C	2273
YMR099C	9729
YMR100W	4198
YMR101C	211
YMR102C	2593
YMR103C	448
YMR104C	1926
YMR105C	4422
YMR105W-A	8
YMR106C	1147
YMR107W	64
YMR108W	23268
YMR109W	9105
YMR110C	3046
YMR111C	1199
YMR112C	943
YMR113W	1891
YMR114C	940
YMR115W	2265
YMR116C	102046
YMR117C	780
YMR118C	103
YMR119W	3162
YMR119W-A	191
YMR120C	6976
YMR121C	2033
YMR122C	13
YMR122W-A	26729
YMR123W	2785
YMR124W	4576
YMR125W	11501
YMR126C	1572
YMR127C	2427
YMR128W	13412
YMR129W	17019
YMR130W	1784
YMR131C	22313
YMR132C	681
YMR133W	14
YMR134W	682
YMR135C	911
YMR135W-A	0
YMR136W	550
YMR137C	770
YMR138W	401
YMR139W	1273
YMR140W	1761
YMR141C	47
YMR141W-A	4
YMR142C	39715
YMR143W	22499
YMR144W	1116
YMR145C	12775
YMR146C	16721
YMR147W	1571
YMR148W	2259
YMR149W	7357
YMR150C	2078
YMR151W	86
YMR152W	3165
YMR153C-A	127
YMR153W	3182
YMR154C	848
YMR155W	1500
YMR156C	688
YMR157C	1530
YMR158C-A	66
YMR158W	1030
YMR158W-B	1
YMR159C	118
YMR160W	1025
YMR161W	2306
YMR162C	8557
YMR163C	1543
YMR164C	1370
YMR165C	2739
YMR166C	1537
YMR167W	2388
YMR168C	1275
YMR169C	604
YMR170C	1941
YMR171C	3850
YMR172C-A	0
YMR172W	2358
YMR173W	2869
YMR173W-A	888
YMR174C	281
YMR175W	124
YMR175W-A	26
YMR176W	7746
YMR177W	2123
YMR178W	2128
YMR179W	2063
YMR180C	2064
YMR181C	2683
YMR182C	1306
YMR182W-A	119
YMR183C	3198
YMR184W	2221
YMR185W	5857
YMR186W	119160
YMR187C	1356
YMR188C	1481
YMR189W	9491
YMR190C	6458
YMR191W	6669
YMR192W	2154
YMR193C-A	4
YMR193W	1067
YMR194C-A	91
YMR194C-B	230
YMR194W	5085
YMR195W	986
YMR196W	8612
YMR197C	1592
YMR198W	1346
YMR199W	2927
YMR200W	7120
YMR201C	793
YMR202W	13914
YMR203W	14072
YMR204C	506
YMR205C	66421
YMR206W	26
YMR207C	4773
YMR208W	2864
YMR209C	2982
YMR210W	981
YMR211W	1512
YMR212C	10073
YMR213W	1486
YMR214W	3922
YMR215W	12862
YMR216C	12557
YMR217W	47580
YMR218C	3868
YMR219W	4084
YMR220W	5170
YMR221C	5890
YMR222C	1257
YMR223W	3874
YMR224C	1641
YMR225C	1125
YMR226C	10045
YMR227C	576
YMR228W	956
YMR229C	63161
YMR230W	24181
YMR230W-A	82
YMR231W	5361
YMR232W	1082
YMR233W	694
YMR234W	1979
YMR235C	10726
YMR236W	2775
YMR237W	8911
YMR238W	7606
YMR239C	3230
YMR240C	890
YMR241W	10627
YMR242C	38603
YMR242W-A	4
YMR243C	23027
YMR244C-A	989
YMR244W	778
YMR245W	109
YMR246W	104256
YMR247C	13249
YMR247W-A	0
YMR250W	3713
YMR251W	251
YMR251W-A	7476
YMR252C	1084
YMR253C	932
YMR254C	11
YMR255W	1314
YMR256C	824
YMR257C	2306
YMR258C	3126
YMR259C	15797
YMR260C	11802
YMR261C	8875
YMR262W	843
YMR263W	808
YMR264W	5090
YMR265C	2233
YMR266W	16272
YMR267W	2479
YMR268C	1386
YMR269W	50
YMR270C	2982
YMR271C	921
YMR272C	3563
YMR272W-A	3
YMR272W-B	0
YMR273C	2843
YMR274C	919
YMR275C	6489
YMR276W	2046
YMR277W	6962
YMR278W	4069
YMR279C	98
YMR280C	862
YMR281W	1292
YMR282C	1933
YMR283C	1559
YMR284W	1184
YMR285C	3008
YMR286W	1550
YMR287C	2927
YMR288W	3152
YMR289W	2566
YMR290C	20963
YMR290W-A	6
YMR291W	5963
YMR292W	2541
YMR293C	702
YMR294W	720
YMR294W-A	26
YMR295C	10111
YMR296C	7499
YMR297W	45691
YMR298W	3337
YMR299C	1377
YMR300C	8204
YMR301C	3028
YMR302C	3109
YMR303C	676
YMR304C-A	2651
YMR304W	7173
YMR305C	34878
YMR306C-A	56
YMR306W	1069
YMR307C-A	5
YMR307W	117946
YMR308C	33245
YMR309C	37867
YMR310C	4010
YMR311C	1377
YMR312W	1811
YMR313C	4092
YMR314W	5141
YMR315W	5602
YMR315W-A	38
YMR316C-A	25
YMR316C-B	189
YMR316W	1291
YMR317W	1075
YMR318C	23178
YMR319C	22846
YMR320W	1082
YMR321C	6
YMR322C	1
YMR323W	1
YMR324C	0
YMR325W	1
YMR326C	0
YNL001W	3483
YNL002C	9066
YNL003C	1771
YNL004W	4028
YNL005C	3175
YNL006W	2176
YNL007C	4767
YNL008C	2575
YNL009W	419
YNL010W	12448
YNL011C	1246
YNL012W	532
YNL013C	0
YNL014W	1406
YNL015W	4056
YNL016W	14747
YNL017C	5
YNL018C	19
YNL019C	5
YNL020C	1911
YNL021W	4997
YNL022C	4808
YNL023C	7139
YNL024C	1261
YNL024C-A	2508
YNL025C	1287
YNL026W	2325
YNL027W	2998
YNL028W	11
YNL029C	2652
YNL030W	11105
YNL031C	21624
YNL032W	2007
YNL033W	11
YNL034W	6
YNL035C	2922
YNL036W	1969
YNL037C	7988
YNL038W	1771
YNL039W	2478
YNL040W	3528
YNL041C	3150
YNL042W	1326
YNL042W-B	69
YNL043C	71
YNL044W	5595
YNL045W	8309
YNL046W	1288
YNL047C	1930
YNL048W	3722
YNL049C	9230
YNL050C	1784
YNL051W	1258
YNL052W	1558
YNL053W	3631
YNL054W	4361
YNL054W-A	0
YNL054W-B	2587
YNL055C	36105
YNL056W	1645
YNL057W	143
YNL058C	1828
YNL059C	3992
YNL061W	16698
YNL062C	8595
YNL063W	1262
YNL064C	19233
YNL065W	34829
YNL066W	31253
YNL067W	17405
YNL067W-A	3
YNL067W-B	19
YNL068C	6101
YNL069C	51507
YNL070W	4233
YNL071W	17800
YNL072W	1309
YNL073W	3406
YNL074C	4466
YNL075W	5215
YNL076W	3343
YNL077W	842
YNL078W	3144
YNL079C	10739
YNL080C	4712
YNL081C	1547
YNL082W	1800
YNL083W	1191
YNL084C	2778
YNL085W	20065
YNL086W	450
YNL087W	20698
YNL088W	18271
YNL089C	68
YNL090W	2380
YNL091W	7686
YNL092W	303
YNL093W	140
YNL094W	5508
YNL095C	3752
YNL096C	18190
YNL097C	837
YNL097C-B	22
YNL097W-A	29
YNL098C	4276
YNL099C	1550
YNL100W	1287
YNL101W	7929
YNL102W	10695
YNL103W	6049
YNL103W-A	4
YNL104C	19574
YNL105W	4
YNL106C	3868
YNL107W	905
YNL108C	2706
YNL109W	113
YNL110C	4873
YNL111C	3304
YNL112W	41697
YNL113W	4968
YNL114C	334
YNL115C	2825
YNL116W	1573
YNL117W	158
YNL118C	6854
YNL119W	4253
YNL120C	5
YNL121C	11964
YNL122C	978
YNL123W	21446
YNL124W	8421
YNL125C	5336
YNL126W	3637
YNL127W	3537
YNL128W	388
YNL129W	868
YNL130C	10814
YNL130C-A	39
YNL131W	7757
YNL132W	21164
YNL133C	467
YNL134C	7311
YNL135C	15460
YNL136W	352
YNL137C	4841
YNL138W	6353
YNL138W-A	458
YNL139C	9466
YNL140C	210
YNL141W	20193
YNL142W	1032
YNL143C	263
YNL144C	1054
YNL144W-A	6
YNL145W	1347
YNL146C-A	96
YNL146W	134
YNL147W	1896
YNL148C	407
YNL149C	3657
YNL150W	36
YNL151C	1581
YNL152W	1636
YNL153C	2348
YNL154C	7860
YNL155W	2935
YNL156C	3181
YNL157W	3136
YNL158W	1641
YNL159C	1228
YNL160W	15042
YNL161W	4590
YNL162W	13966
YNL162W-A	599
YNL163C	15006
YNL164C	1611
YNL165W	2068
YNL166C	3074
YNL167C	3570
YNL168C	2850
YNL169C	3690
YNL170W	415
YNL171C	9
YNL172W	4817
YNL173C	1253
YNL174W	8
YNL175C	7592
YNL176C	3621
YNL177C	2232
YNL178W	67871
YNL179C	165
YNL180C	1694
YNL181W	3462
YNL182C	12427
YNL183C	3913
YNL184C	167
YNL185C	2479
YNL186W	15347
YNL187W	1732
YNL188W	1520
YNL189W	18296
YNL190W	19366
YNL191W	3154
YNL192W	8082
YNL193W	2105
YNL194C	192
YNL195C	386
YNL196C	57
YNL197C	6773
YNL198C	54
YNL199C	3707
YNL200C	1144
YNL201C	13847
YNL202W	643
YNL203C	529
YNL204C	666
YNL205C	99
YNL206C	2982
YNL207W	6532
YNL208W	18295
YNL209W	81046
YNL210W	50
YNL211C	601
YNL212W	4581
YNL213C	1975
YNL214W	591
YNL215W	262
YNL216W	10378
YNL217W	6612
YNL218W	1744
YNL219C	10948
YNL220W	11993
YNL221C	7079
YNL222W	952
YNL223W	773
YNL224C	2815
YNL225C	1573
YNL226W	18
YNL227C	2325
YNL228W	56
YNL229C	2273
YNL230C	1261
YNL231C	3634
YNL232W	5197
YNL233W	5065
YNL234W	2779
YNL235C	29
YNL236W	5839
YNL237W	1305
YNL238W	11744
YNL239W	9454
YNL240C	2062
YNL241C	5122
YNL242W	6032
YNL243W	10374
YNL244C	16061
YNL245C	855
YNL246W	2162
YNL247W	13652
YNL248C	14934
YNL249C	1064
YNL250W	2969
YNL251C	10938
YNL252C	1919
YNL253W	1558
YNL254C	1723
YNL255C	10662
YNL256W	9597
YNL257C	4525
YNL258C	3183
YNL259C	1046
YNL260C	978
YNL261W	3523
YNL262W	14801
YNL263C	5969
YNL264C	2769
YNL265C	1137
YNL266W	22
YNL267W	6425
YNL268W	13925
YNL269W	48
YNL270C	669
YNL271C	12556
YNL272C	3003
YNL273W	4482
YNL274C	1509
YNL275W	3878
YNL276C	242
YNL277W	304
YNL277W-A	105
YNL278W	2254
YNL279W	156
YNL280C	7239
YNL281W	9776
YNL282W	977
YNL283C	7179
YNL284C	2445
YNL284C-A	0
YNL284C-B	859
YNL285W	5
YNL286W	943
YNL287W	22639
YNL288W	4496
YNL289W	3600
YNL290W	2572
YNL291C	6150
YNL292W	3191
YNL293W	1413
YNL294C	4836
YNL295W	1861
YNL296W	2
YNL297C	11095
YNL298W	4229
YNL299W	3292
YNL300W	968
YNL301C	9353
YNL302C	19480
YNL303W	228
YNL304W	774
YNL305C	2126
YNL306W	2814
YNL307C	8360
YNL308C	4439
YNL309W	1090
YNL310C	1254
YNL311C	2142
YNL312W	3862
YNL313C	14421
YNL314W	829
YNL315C	2486
YNL316C	1546
YNL317W	2047
YNL318C	78
YNL319W	98
YNL320W	1766
YNL321W	3994
YNL322C	5284
YNL323W	3978
YNL324W	15
YNL325C	1923
YNL326C	1886
YNL327W	24545
YNL328C	329
YNL329C	5384
YNL330C	3280
YNL331C	766
YNL332W	99
YNL333W	177
YNL334C	121
YNL335W	1
YNL336W	246
YNL337W	0
YNL338W	1
YNL339C	0
YNL339W-A	0
YNL339W-B	0
YNR001C	4380
YNR001W-A	1
YNR002C	146
YNR003C	3990
YNR003W-A	0
YNR004W	561
YNR005C	0
YNR006W	2438
YNR007C	524
YNR008W	3371
YNR009W	1673
YNR010W	385
YNR011C	2754
YNR012W	5020
YNR013C	8395
YNR014W	491
YNR015W	3644
YNR016C	140247
YNR017W	3703
YNR018W	8415
YNR019W	6561
YNR020C	572
YNR021W	12071
YNR022C	1489
YNR023W	1891
YNR024W	869
YNR025C	206
YNR026C	3686
YNR027W	2269
YNR028W	2424
YNR029C	2177
YNR030W	10346
YNR031C	6143
YNR032C-A	476
YNR032W	2063
YNR033W	4988
YNR034W	394
YNR034W-A	422
YNR035C	5854
YNR036C	3351
YNR037C	1408
YNR038W	9888
YNR039C	3323
YNR040W	1457
YNR041C	1543
YNR042W	15
YNR043W	8995
YNR044W	1090
YNR045W	1038
YNR046W	4646
YNR047W	6768
YNR048W	1730
YNR049C	1177
YNR050C	5087
YNR051C	7500
YNR052C	5338
YNR053C	19980
YNR054C	2474
YNR055C	6764
YNR056C	154
YNR057C	563
YNR058W	592
YNR059W	1399
YNR060W	2483
YNR061C	2966
YNR062C	57
YNR063W	1353
YNR064C	264
YNR065C	2704
YNR066C	844
YNR067C	21877
YNR068C	640
YNR069C	1035
YNR070W	226
YNR071C	165
YNR072W	38
YNR073C	116
YNR074C	2282
YNR075C-A	0
YNR075W	2139
YNR076W	0
YNR077C	0
YOL001W	2316
YOL002C	10390
YOL003C	2423
YOL004W	15207
YOL005C	2631
YOL006C	6424
YOL007C	6796
YOL008W	853
YOL009C	883
YOL010W	8779
YOL011W	9716
YOL012C	2341
YOL013C	3970
YOL013W-A	378
YOL013W-B	1
YOL014W	313
YOL015W	498
YOL016C	1720
YOL017W	1281
YOL018C	1374
YOL019W	6730
YOL019W-A	11
YOL020W	8318
YOL021C	16930
YOL022C	6711
YOL023W	1584
YOL024W	122
YOL025W	1770
YOL026C	1114
YOL027C	7351
YOL028C	1412
YOL029C	1352
YOL030W	19805
YOL031C	4772
YOL032W	367
YOL033W	1544
YOL034W	2594
YOL035C	25
YOL036W	7870
YOL037C	3
YOL038C-A	321
YOL038W	7309
YOL039W	31134
YOL040C	80767
YOL041C	10259
YOL042W	1526
YOL043C	902
YOL044W	749
YOL045W	10700
YOL046C	0
YOL047C	1500
YOL048C	1079
YOL049W	5556
YOL050C	3
YOL051W	6203
YOL052C	3862
YOL052C-A	394
YOL053W	806
YOL054W	1442
YOL055C	3574
YOL056W	1338
YOL057W	6826
YOL058W	9788
YOL059W	6826
YOL060C	4076
YOL061W	14025
YOL062C	4601
YOL063C	5117
YOL064C	3450
YOL065C	759
YOL066C	3136
YOL067C	1123
YOL068C	4658
YOL069W	1494
YOL070C	2827
YOL071W	859
YOL072W	1548
YOL073C	1374
YOL075C	4364
YOL076W	6333
YOL077C	11149
YOL077W-A	2204
YOL078W	3438
YOL079W	9
YOL080C	3503
YOL081W	37808
YOL082W	4249
YOL083C-A	6
YOL083W	1130
YOL084W	437
YOL085C	5
YOL085W-A	88
YOL086C	311390
YOL086W-A	1329
YOL087C	4378
YOL088C	2765
YOL089C	3628
YOL090W	7499
YOL091W	556
YOL092W	8308
YOL093W	1703
YOL094C	2335
YOL095C	1448
YOL096C	682
YOL097C	11364
YOL097W-A	227
YOL098C	13627
YOL099C	80
YOL100W	4218
YOL101C	8060
YOL102C	1008
YOL103W	8894
YOL103W-A	0
YOL103W-B	82
YOL104C	1981
YOL105C	2711
YOL106W	92
YOL107W	959
YOL108C	239
YOL109W	13429
YOL110W	242
YOL111C	1758
YOL112W	2460
YOL113W	1901
YOL114C	207
YOL115W	3410
YOL116W	1609
YOL117W	1047
YOL118C	58
YOL119C	863
YOL120C	48536
YOL121C	17080
YOL122C	4782
YOL123W	15423
YOL124C	10308
YOL125W	4836
YOL126C	2355
YOL127W	52684
YOL128C	2901
YOL129W	5448
YOL130W	14425
YOL131W	52
YOL132W	606
YOL133W	1405
YOL134C	10
YOL135C	549
YOL136C	7189
YOL137W	3121
YOL138C	3396
YOL139C	21699
YOL140W	5624
YOL141W	3321
YOL142W	4188
YOL143C	3499
YOL144W	2351
YOL145C	8447
YOL146W	1266
YOL147C	1054
YOL148C	1923
YOL149W	1258
YOL150C	104
YOL151W	1940
YOL152W	4748
YOL153C	278
YOL154W	1042
YOL155C	3659
YOL155W-A	0
YOL156W	44
YOL157C	208
YOL158C	10490
YOL159C	1046
YOL159C-A	365
YOL160W	181
YOL161C	3
YOL162W	163
YOL163W	123
YOL164W	1096
YOL164W-A	1
YOL165C	3
YOL166C	0
YOL166W-A	0
YOR001W	8859
YOR002W	8926
YOR003W	1126
YOR004W	4118
YOR005C	1707
YOR006C	2765
YOR007C	20299
YOR008C	5914
YOR008C-A	31
YOR008W-B	150
YOR009W	754
YOR010C	276
YOR011W	5642
YOR011W-A	6
YOR012W	281
YOR013W	370
YOR014W	11517
YOR015W	1398
YOR016C	3615
YOR017W	3913
YOR018W	2316
YOR019W	542
YOR020C	17683
YOR020W-A	997
YOR021C	6362
YOR022C	1561
YOR023C	2502
YOR024W	12
YOR025W	2010
YOR026W	1913
YOR027W	13169
YOR028C	455
YOR029W	0
YOR030W	3538
YOR031W	402
YOR032C	162
YOR032W-A	79
YOR033C	4067
YOR034C	6772
YOR034C-A	287
YOR035C	2706
YOR036W	358
YOR037W	1148
YOR038C	2555
YOR039W	5270
YOR040W	1097
YOR041C	55
YOR042W	3378
YOR043W	5929
YOR044W	1161
YOR045W	1564
YOR046C	11178
YOR047C	2864
YOR048C	10683
YOR049C	309
YOR050C	49
YOR051C	7318
YOR052C	3337
YOR053W	41
YOR054C	1270
YOR055W	4
YOR056C	8530
YOR057W	3371
YOR058C	2832
YOR059C	2253
YOR060C	1177
YOR061W	6243
YOR062C	618
YOR063W	118487
YOR064C	841
YOR065W	469
YOR066W	2408
YOR067C	5323
YOR068C	10
YOR069W	2723
YOR070C	2616
YOR071C	3854
YOR072W	29
YOR072W-A	53
YOR072W-B	6
YOR073W	1755
YOR073W-A	0
YOR074C	1832
YOR075W	1101
YOR076C	2034
YOR077W	757
YOR078W	3908
YOR079C	1914
YOR080W	1923
YOR081C	3961
YOR082C	9
YOR083W	188
YOR084W	349
YOR085W	11127
YOR086C	18621
YOR087W	2684
YOR089C	2387
YOR090C	3692
YOR091W	4984
YOR092W	6881
YOR093C	5218
YOR094W	1295
YOR095C	7159
YOR096W	32840
YOR097C	965
YOR098C	13582
YOR099W	20153
YOR100C	341
YOR101W	6095
YOR102W	240
YOR103C	3718
YOR104W	986
YOR105W	193
YOR106W	1362
YOR107W	1601
YOR108C-A	14
YOR108W	9821
YOR109W	9461
YOR110W	1984
YOR111W	554
YOR112W	4225
YOR113W	2410
YOR114W	511
YOR115C	2587
YOR116C	33433
YOR117W	7642
YOR118W	2504
YOR119C	3836
YOR120W	1880
YOR121C	249
YOR122C	12528
YOR123C	1344
YOR124C	10002
YOR125C	957
YOR126C	1143
YOR127W	6525
YOR128C	3932
YOR129C	3242
YOR130C	1042
YOR131C	1192
YOR132W	3146
YOR133W	6460
YOR134W	248
YOR135C	6
YOR136W	11082
YOR137C	2168
YOR138C	4282
YOR139C	8
YOR140W	2460
YOR141C	3919
YOR142W	6411
YOR142W-A	0
YOR142W-B	0
YOR143C	1609
YOR144C	3331
YOR145C	9558
YOR146W	17
YOR147W	2863
YOR148C	1064
YOR149C	2825
YOR150W	2194
YOR151C	30080
YOR152C	1308
YOR153W	83828
YOR154W	3903
YOR155C	2240
YOR156C	1801
YOR157C	4259
YOR158W	1804
YOR159C	998
YOR160W	6992
YOR161C	4154
YOR161C-C	47
YOR161W-A	12
YOR161W-B	34
YOR162C	2377
YOR163W	1722
YOR164C	4602
YOR165W	8308
YOR166C	3144
YOR167C	28374
YOR168W	27398
YOR169C	13
YOR170W	16
YOR171C	4522
YOR172W	2509
YOR173W	1175
YOR174W	1711
YOR175C	13449
YOR176W	5865
YOR177C	507
YOR178C	1200
YOR179C	876
YOR180C	581
YOR181W	621
YOR182C	8125
YOR183W	31
YOR184W	10079
YOR185C	4875
YOR186C-A	49
YOR186W	31
YOR187W	15278
YOR188W	6723
YOR189W	831
YOR190W	460
YOR191W	8599
YOR192C	589
YOR192C-A	0
YOR192C-B	433
YOR192C-C	136
YOR193W	1583
YOR194C	951
YOR195W	3100
YOR196C	2066
YOR197W	9412
YOR198C	19679
YOR199W	9
YOR200W	9
YOR201C	2766
YOR202W	2674
YOR203W	565
YOR204W	55954
YOR205C	3184
YOR206W	16842
YOR207C	18781
YOR208W	5805
YOR209C	12300
YOR210W	2354
YOR211C	4054
YOR212W	4864
YOR213C	2420
YOR214C	31
YOR215C	1271
YOR216C	2119
YOR217W	5243
YOR218C	10
YOR219C	4250
YOR220W	1437
YOR221C	2547
YOR222W	3268
YOR223W	339
YOR224C	11611
YOR225W	10
YOR226C	2388
YOR227W	7357
YOR228C	487
YOR229W	2734
YOR230W	13983
YOR231C-A	7
YOR231W	2828
YOR232W	6694
YOR233W	7551
YOR234C	18469
YOR235W	218
YOR236W	1409
YOR237W	2567
YOR238W	1791
YOR239W	6873
YOR241W	4806
YOR242C	582
YOR243C	10199
YOR244W	1991
YOR245C	2731
YOR246C	5929
YOR247W	4593
YOR248W	469
YOR249C	1704
YOR250C	1828
YOR251C	3174
YOR252W	2021
YOR253W	2254
YOR254C	14329
YOR255W	24
YOR256C	4599
YOR257W	470
YOR258W	581
YOR259C	5886
YOR260W	13390
YOR261C	4534
YOR262W	2358
YOR263C	1
YOR264W	3368
YOR265W	1810
YOR266W	1094
YOR267C	2396
YOR268C	4
YOR269W	2054
YOR270C	46202
YOR271C	4957
YOR272W	11715
YOR273C	1282
YOR274W	2094
YOR275C	3826
YOR276W	7841
YOR277C	90
YOR278W	1046
YOR279C	669
YOR280C	1470
YOR281C	3055
YOR282W	1
YOR283W	5618
YOR284W	528
YOR285W	7057
YOR286W	3514
YOR287C	1655
YOR288C	2135
YOR289W	1067
YOR290C	8048
YOR291W	10040
YOR292C	1046
YOR293C-A	3
YOR293W	34880
YOR294W	7392
YOR295W	1097
YOR296W	4172
YOR297C	1821
YOR298C-A	5572
YOR298W	538
YOR299W	4855
YOR300W	222
YOR301W	1739
YOR302W	1033
YOR303W	32324
YOR304C-A	791
YOR304W	6914
YOR305W	2299
YOR306C	30409
YOR307C	5998
YOR308C	1997
YOR309C	2208
YOR310C	21342
YOR311C	4264
YOR312C	42408
YOR313C	124
YOR314W	3
YOR314W-A	4
YOR315W	1665
YOR316C	6952
YOR316C-A	70
YOR317W	12369
YOR318C	189
YOR319W	1073
YOR320C	5398
YOR321W	6068
YOR322C	6667
YOR323C	11170
YOR324C	3471
YOR325W	2
YOR326W	32040
YOR327C	3504
YOR328W	6231
YOR329C	2964
YOR329W-A	16
YOR330C	6606
YOR331C	65
YOR332W	19979
YOR333C	19
YOR334W	2975
YOR335C	47011
YOR335W-A	2
YOR336W	13317
YOR337W	5232
YOR338W	9793
YOR339C	287
YOR340C	7050
YOR341W	83377
YOR342C	4107
YOR343C	77
YOR343W-A	0
YOR343W-B	1452
YOR344C	3734
YOR345C	18
YOR346W	6050
YOR347C	2678
YOR348C	89
YOR349W	3714
YOR350C	1879
YOR351C	73
YOR352W	1088
YOR353C	3561
YOR354C	5614
YOR355W	12047
YOR356W	1854
YOR357C	1429
YOR358W	564
YOR359W	5476
YOR360C	19599
YOR361C	28204
YOR362C	5787
YOR363C	3068
YOR364W	123
YOR365C	69
YOR366W	219
YOR367W	1208
YOR368W	1113
YOR369C	57945
YOR370C	10825
YOR371C	4305
YOR372C	5051
YOR373W	2728
YOR374W	7747
YOR375C	5524
YOR376W	1
YOR376W-A	187
YOR377W	5078
YOR378W	540
YOR379C	142
YOR380W	1026
YOR381W	2129
YOR381W-A	98
YOR382W	29946
YOR383C	19437
YOR384W	1260
YOR385W	1063
YOR386W	709
YOR387C	121
YOR388C	12
YOR389W	1489
YOR390W	677
YOR391C	4
YOR392W	19
YOR393W	0
YOR394C-A	6
YOR394W	0
YOR396C-A	0
YOR396W	0
YPL001W	2442
YPL002C	1208
YPL003W	989
YPL004C	6066
YPL005W	1089
YPL006W	11503
YPL007C	1592
YPL008W	2514
YPL009C	4339
YPL010W	5732
YPL011C	2475
YPL012W	39227
YPL013C	1130
YPL014W	627
YPL015C	3856
YPL016W	4523
YPL017C	671
YPL018W	2298
YPL019C	46192
YPL020C	1866
YPL021W	9
YPL022W	5960
YPL023C	4299
YPL024W	2059
YPL025C	149
YPL026C	2725
YPL027W	56
YPL028W	18416
YPL029W	2826
YPL030W	4952
YPL031C	2524
YPL032C	11296
YPL033C	165
YPL034W	905
YPL035C	17
YPL036W	3530
YPL037C	21407
YPL038W	1433
YPL038W-A	50
YPL039W	1331
YPL040C	3100
YPL041C	1161
YPL042C	3433
YPL043W	10717
YPL044C	15
YPL045W	3250
YPL046C	547
YPL047W	1580
YPL048W	9391
YPL049C	2797
YPL050C	10668
YPL051W	920
YPL052W	1292
YPL053C	3697
YPL054W	111
YPL055C	779
YPL056C	115
YPL057C	7533
YPL058C	4799
YPL059W	2222
YPL060C-A	45
YPL060W	750
YPL061W	42837
YPL062W	10
YPL063W	5874
YPL064C	1371
YPL065W	642
YPL066W	3782
YPL067C	913
YPL068C	1612
YPL069C	1788
YPL070W	3055
YPL071C	1388
YPL072W	2036
YPL073C	5
YPL074W	2778
YPL075W	4622
YPL076W	1137
YPL077C	314
YPL078C	3847
YPL079W	22804
YPL080C	6
YPL081W	9621
YPL082C	21482
YPL083C	2455
YPL084W	5152
YPL085W	17429
YPL086C	7547
YPL087W	4150
YPL088W	3628
YPL089C	4869
YPL090C	13413
YPL091W	7854
YPL092W	5651
YPL093W	45965
YPL094C	10603
YPL095C	2144
YPL096C-A	576
YPL096W	726
YPL097W	1955
YPL098C	2188
YPL099C	866
YPL100W	1323
YPL101W	4741
YPL102C	24
YPL103C	1304
YPL104W	2888
YPL105C	6459
YPL106C	141413
YPL107W	848
YPL108W	492
YPL109C	831
YPL110C	7629
YPL111W	5279
YPL112C	2938
YPL113C	206
YPL114W	350
YPL115C	7617
YPL116W	3821
YPL117C	10925
YPL118W	4688
YPL119C	864
YPL119C-A	154
YPL120W	892
YPL121C	19
YPL122C	3127
YPL123C	652
YPL124W	505
YPL125W	9974
YPL126W	26015
YPL127C	3961
YPL128C	7163
YPL129W	3791
YPL130W	285
YPL131W	127951
YPL132W	2027
YPL133C	1986
YPL134C	1519
YPL135C-A	4
YPL135W	5919
YPL136W	28
YPL137C	19843
YPL138C	1431
YPL139C	1526
YPL140C	2029
YPL141C	2523
YPL142C	12
YPL143W	30908
YPL144W	1019
YPL145C	15913
YPL146C	5708
YPL147W	571
YPL148C	1194
YPL149W	1826
YPL150W	4164
YPL151C	2393
YPL152W	1366
YPL152W-A	13
YPL153C	2472
YPL154C	43887
YPL155C	2485
YPL156C	517
YPL157W	1958
YPL158C	2723
YPL159C	3283
YPL160W	42819
YPL161C	1816
YPL162C	1276
YPL163C	3235
YPL164C	1936
YPL165C	132
YPL166W	288
YPL167C	2379
YPL168W	1037
YPL169C	5719
YPL170W	1195
YPL171C	504
YPL172C	2101
YPL173W	1810
YPL174C	2140
YPL175W	2208
YPL176C	4509
YPL177C	4277
YPL178W	3111
YPL179W	13192
YPL180W	2185
YPL181W	2895
YPL182C	4
YPL183C	18154
YPL183W-A	2031
YPL184C	7948
YPL185W	52
YPL186C	258
YPL187W	37
YPL188W	2127
YPL189C-A	973
YPL189W	574
YPL190C	5493
YPL191C	548
YPL192C	25
YPL193W	3282
YPL194W	1098
YPL195W	7343
YPL196W	729
YPL197C	21
YPL198W	7752
YPL199C	2993
YPL200W	38
YPL201C	439
YPL202C	3795
YPL203W	2213
YPL204W	9081
YPL205C	41
YPL206C	2437
YPL207W	11388
YPL208W	3008
YPL209C	504
YPL210C	7176
YPL211W	5967
YPL212C	8325
YPL213W	946
YPL214C	2662
YPL215W	1915
YPL216W	3025
YPL217C	13962
YPL218W	15438
YPL219W	1431
YPL220W	11718
YPL221W	20792
YPL222C-A	153
YPL222W	2430
YPL223C	328
YPL224C	3041
YPL225W	7736
YPL226W	66895
YPL227C	5259
YPL228W	2427
YPL229W	1377
YPL230W	386
YPL231W	131707
YPL232W	5314
YPL233W	1342
YPL234C	5262
YPL235W	8728
YPL236C	1058
YPL237W	15518
YPL238C	22
YPL239W	4533
YPL240C	80326
YPL241C	631
YPL242C	8658
YPL243W	9217
YPL244C	3831
YPL245W	6751
YPL246C	5520
YPL247C	1054
YPL248C	942
YPL249C	2978
YPL249C-A	19495
YPL250C	630
YPL250W-A	40
YPL251W	9
YPL252C	1921
YPL253C	993
YPL254W	3030
YPL255W	838
YPL256C	9539
YPL257W	422
YPL257W-A	0
YPL257W-B	0
YPL258C	1552
YPL259C	2165
YPL260W	4129
YPL261C	17
YPL262W	13572
YPL263C	7677
YPL264C	367
YPL265W	5429
YPL266W	5848
YPL267W	572
YPL268W	3607
YPL269W	1291
YPL270W	4971
YPL271W	1728
YPL272C	995
YPL273W	9447
YPL274W	903
YPL275W	1
YPL276W	3
YPL277C	562
YPL278C	106
YPL279C	666
YPL280W	0
YPL281C	0
YPL282C	0
YPL283C	0
YPL283W-A	0
YPL283W-B	0
YPR001W	405
YPR002C-A	66
YPR002W	607
YPR003C	1565
YPR004C	5828
YPR005C	720
YPR006C	1443
YPR007C	559
YPR008W	7513
YPR009W	2453
YPR010C	65290
YPR010C-A	717
YPR011C	1106
YPR012W	40
YPR013C	1031
YPR014C	7
YPR015C	363
YPR016C	16915
YPR016W-A	8
YPR017C	816
YPR018W	1485
YPR019W	7353
YPR020W	1030
YPR021C	3942
YPR022C	5505
YPR023C	4055
YPR024W	8410
YPR025C	1208
YPR026W	2636
YPR027C	82
YPR028W	13904
YPR029C	6190
YPR030W	1338
YPR031W	2360
YPR032W	4594
YPR033C	18973
YPR034W	3581
YPR035W	36937
YPR036W	17037
YPR036W-A	2937
YPR037C	1340
YPR038W	4
YPR039W	2
YPR040W	1438
YPR041W	15563
YPR042C	5062
YPR043W	26752
YPR044C	17
YPR045C	3353
YPR046W	556
YPR047W	864
YPR048W	4135
YPR049C	4563
YPR050C	31
YPR051W	925
YPR052C	1682
YPR053C	499
YPR054W	158
YPR055W	3350
YPR056W	1949
YPR057W	1539
YPR058W	2977
YPR059C	163
YPR060C	4764
YPR061C	809
YPR062W	2947
YPR063C	4131
YPR064W	12
YPR065W	1243
YPR066W	476
YPR067W	1766
YPR068C	954
YPR069C	12594
YPR070W	2893
YPR071W	1824
YPR072W	5748
YPR073C	3114
YPR074C	69736
YPR074W-A	5
YPR075C	4823
YPR076W	36
YPR077C	16
YPR078C	356
YPR079W	2400
YPR080W	65957
YPR081C	1633
YPR082C	1053
YPR083W	1063
YPR084W	1668
YPR085C	2053
YPR086W	4201
YPR087W	39
YPR088C	7607
YPR089W	5257
YPR091C	5691
YPR092W	13
YPR093C	473
YPR094W	935
YPR095C	4716
YPR096C	61
YPR097W	9248
YPR098C	2043
YPR099C	173
YPR100W	1332
YPR101W	859
YPR102C	11962
YPR103W	5410
YPR104C	4751
YPR105C	7142
YPR106W	2187
YPR107C	1073
YPR108W	7822
YPR108W-A	21
YPR109W	2072
YPR110C	17376
YPR111W	1939
YPR112C	13229
YPR113W	8053
YPR114W	6880
YPR115W	5189
YPR116W	756
YPR117W	10958
YPR118W	6398
YPR119W	5011
YPR120C	1936
YPR121W	1919
YPR122W	5842
YPR123C	127
YPR124W	16699
YPR125W	5632
YPR126C	8
YPR127W	4141
YPR128C	2356
YPR129W	4268
YPR130C	101
YPR131C	1602
YPR132W	21580
YPR133C	3655
YPR133W-A	3125
YPR134W	949
YPR135W	4198
YPR136C	12
YPR137C-A	0
YPR137C-B	0
YPR137W	10385
YPR138C	2307
YPR139C	2274
YPR140W	2638
YPR141C	1482
YPR142C	26
YPR143W	3107
YPR144C	8758
YPR145C-A	120
YPR145W	25989
YPR146C	486
YPR147C	2909
YPR148C	3773
YPR149W	4874
YPR150W	172
YPR151C	221
YPR152C	797
YPR153W	471
YPR154W	2455
YPR155C	1253
YPR156C	2615
YPR157W	200
YPR158C-C	0
YPR158C-D	631
YPR158W	608
YPR158W-A	0
YPR158W-B	142
YPR159C-A	0
YPR159W	40520
YPR160C-A	62
YPR160W	10750
YPR160W-A	0
YPR161C	5251
YPR162C	2270
YPR163C	18310
YPR164W	9213
YPR165W	12598
YPR166C	1046
YPR167C	666
YPR168W	576
YPR169W	6029
YPR169W-A	48
YPR170C	33
YPR170W-A	52
YPR170W-B	4122
YPR171W	1592
YPR172W	2478
YPR173C	4266
YPR174C	952
YPR175W	3295
YPR176C	2513
YPR177C	15
YPR178W	1202
YPR179C	1770
YPR180W	1447
YPR181C	25451
YPR182W	1567
YPR183W	4894
YPR184W	8957
YPR185W	1399
YPR186C	2219
YPR187W	7032
YPR188C	2507
YPR189W	9396
YPR190C	8549
YPR191W	3791
YPR192W	44
YPR193C	101
YPR194C	906
YPR195C	110
YPR196W	664
YPR197C	13
YPR198W	4074
YPR199C	1943
YPR200C	225
YPR201W	365
YPR202W	91
YPR203W	0
YPR204C-A	0
YPR204W	18
snR10	2296
snR11	7651
snR128	4155
snR13	2459
snR14	708
snR161	635
snR17a	263802
snR17b	51834
snR18	737
snR189	3556
snR19	339656
snR190	24619
snR191	10453
snR24	329
snR3	7098
snR30	336093
snR31	3707
snR32	7934
snR33	6559
snR34	5991
snR35	7541
snR36	626
snR37	178992
snR38	115
snR39	441
snR39B	1433
snR4	14658
snR40	1705
snR41	1113
snR42	25752
snR43	5078
snR44	2096
snR45	2650
snR46	4876
snR47	821
snR48	178
snR49	1805
snR5	7897
snR50	498
snR51	585
snR52	1343
snR53	21
snR54	44
snR55	352
snR56	433
snR57	1337
snR58	18
snR59	64
snR6	103
snR60	242
snR61	96
snR62	234
snR63	23179
snR64	649
snR65	42
snR66	534
snR67	4154
snR68	689
snR69	370
snR7-L	1320
snR7-S	0
snR70	2872
snR71	332
snR72	195
snR73	1389
snR74	561
snR75	421
snR76	3862
snR77	598
snR78	549
snR79	429
snR8	5344
snR80	176
snR81	835
snR82	27823
snR83	94837
snR84	36586
snR85	625
snR86	152329
snR87	356
snR9	11347
tA(AGC)D	1
tA(AGC)F	0
tA(AGC)G	2
tA(AGC)H	1
tA(AGC)J	0
tA(AGC)K1	3
tA(AGC)K2	2
tA(AGC)L	1
tA(AGC)M1	2
tA(AGC)M2	0
tA(AGC)P	3
tA(UGC)A	17
tA(UGC)E	3
tA(UGC)G	3
tA(UGC)L	0
tA(UGC)O	3
tA(UGC)Q	1
tC(GCA)B	0
tC(GCA)G	2
tC(GCA)P1	2
tC(GCA)P2	0
tC(GCA)Q	0
tD(GUC)B	12
tD(GUC)D	27
tD(GUC)G1	12
tD(GUC)G2	12
tD(GUC)I1	2
tD(GUC)I2	11
tD(GUC)J1	0
tD(GUC)J2	4
tD(GUC)J3	0
tD(GUC)J4	1
tD(GUC)K	3
tD(GUC)L1	2
tD(GUC)L2	3
tD(GUC)M	5
tD(GUC)N	26
tD(GUC)O	14
tD(GUC)Q	1
tE(CUC)D	0
tE(CUC)I	7
tE(UUC)B	2
tE(UUC)C	0
tE(UUC)E1	2
tE(UUC)E2	46
tE(UUC)E3	0
tE(UUC)G1	4
tE(UUC)G2	1
tE(UUC)G3	0
tE(UUC)I	1
tE(UUC)J	2
tE(UUC)K	10
tE(UUC)L	3
tE(UUC)M	2
tE(UUC)P	4
tE(UUC)Q	13
tF(GAA)B	13
tF(GAA)D	12
tF(GAA)F	5
tF(GAA)G	2
tF(GAA)H1	4
tF(GAA)H2	1
tF(GAA)M	1
tF(GAA)N	1
tF(GAA)P1	9
tF(GAA)P2	7
tF(GAA)Q	0
tG(CCC)D	1
tG(CCC)O	1
tG(GCC)B	1
tG(GCC)C	0
tG(GCC)D1	1
tG(GCC)D2	164
tG(GCC)E	5
tG(GCC)F1	0
tG(GCC)F2	18
tG(GCC)G1	7
tG(GCC)G2	9
tG(GCC)J1	0
tG(GCC)J2	8
tG(GCC)M	0
tG(GCC)O1	0
tG(GCC)O2	1
tG(GCC)P1	96
tG(GCC)P2	0
tG(UCC)G	0
tG(UCC)N	4
tG(UCC)O	1
tG(UCC)Q	0
tH(GUG)E1	2
tH(GUG)E2	3
tH(GUG)G1	2
tH(GUG)G2	143
tH(GUG)H	0
tH(GUG)K	6
tH(GUG)M	49
tH(GUG)Q	41
tI(AAU)B	0
tI(AAU)D	0
tI(AAU)E1	0
tI(AAU)E2	12
tI(AAU)G	10
tI(AAU)I1	0
tI(AAU)I2	1
tI(AAU)L1	0
tI(AAU)L2	1
tI(AAU)N1	3
tI(AAU)N2	1
tI(AAU)P1	18
tI(AAU)P2	0
tI(GAU)Q	0
tI(UAU)D	55
tI(UAU)L	28
tK(CUU)C	0
tK(CUU)D1	0
tK(CUU)D2	0
tK(CUU)E1	6
tK(CUU)E2	1
tK(CUU)F	1
tK(CUU)G1	0
tK(CUU)G2	0
tK(CUU)G3	4
tK(CUU)I	2
tK(CUU)J	0
tK(CUU)K	5
tK(CUU)M	10
tK(CUU)P	6
tK(UUU)D	6
tK(UUU)G1	30
tK(UUU)G2	1
tK(UUU)K	23
tK(UUU)L	10
tK(UUU)O	94
tK(UUU)P	25
tK(UUU)Q	17
tL(CAA)A	7
tL(CAA)C	17
tL(CAA)D	13
tL(CAA)G1	1
tL(CAA)G2	3
tL(CAA)G3	11
tL(CAA)K	3
tL(CAA)L	32
tL(CAA)M	3
tL(CAA)N	15
tL(GAG)G	17
tL(UAA)B1	0
tL(UAA)B2	1
tL(UAA)D	12
tL(UAA)J	4
tL(UAA)K	3
tL(UAA)L	12
tL(UAA)N	7
tL(UAA)Q	0
tL(UAG)J	1
tL(UAG)L1	149
tL(UAG)L2	0
tM(CAU)C	0
tM(CAU)D	0
tM(CAU)E	11
tM(CAU)J1	0
tM(CAU)J2	3
tM(CAU)J3	1
tM(CAU)M	3
tM(CAU)O1	3
tM(CAU)O2	1
tM(CAU)P	4
tM(CAU)Q1	0
tM(CAU)Q2	0
tN(GUU)C	2
tN(GUU)F	4
tN(GUU)G	3
tN(GUU)K	13
tN(GUU)L	1
tN(GUU)N1	27
tN(GUU)N2	4
tN(GUU)O1	2
tN(GUU)O2	3
tN(GUU)P	297
tN(GUU)Q	5
tP(AGG)C	6
tP(AGG)N	4
tP(UGG)A	2
tP(UGG)F	12
tP(UGG)H	41
tP(UGG)L	6
tP(UGG)M	34
tP(UGG)N1	0
tP(UGG)N2	10
tP(UGG)O1	0
tP(UGG)O2	0
tP(UGG)O3	57
tP(UGG)Q	20
tQ(CUG)M	37
tQ(UUG)B	4
tQ(UUG)C	0
tQ(UUG)D1	1
tQ(UUG)D2	0
tQ(UUG)D3	0
tQ(UUG)E1	7
tQ(UUG)E2	5
tQ(UUG)H	6
tQ(UUG)L	1
tQ(UUG)Q	1
tR(ACG)D	8
tR(ACG)E	1
tR(ACG)J	2
tR(ACG)K	0
tR(ACG)L	3
tR(ACG)O	0
tR(ACG)Q2	0
tR(CCG)L	2
tR(CCU)J	1
tR(UCU)B	0
tR(UCU)D	0
tR(UCU)E	5
tR(UCU)G1	2
tR(UCU)G2	24
tR(UCU)G3	1
tR(UCU)J1	0
tR(UCU)J2	0
tR(UCU)K	1
tR(UCU)M1	0
tR(UCU)M2	0
tR(UCU)Q1	2
tS(AGA)A	4
tS(AGA)B	2
tS(AGA)D1	1
tS(AGA)D2	6
tS(AGA)D3	16
tS(AGA)E	1
tS(AGA)G	10
tS(AGA)H	1
tS(AGA)J	21
tS(AGA)L	3
tS(AGA)M	2
tS(CGA)C	3
tS(GCU)F	2
tS(GCU)L	9
tS(GCU)O	12
tS(GCU)Q1	19
tS(UGA)E	13
tS(UGA)I	0
tS(UGA)P	4
tS(UGA)Q2	18
tT(AGU)B	0
tT(AGU)C	2
tT(AGU)D	0
tT(AGU)H	1
tT(AGU)I1	14
tT(AGU)I2	3
tT(AGU)J	1
tT(AGU)N1	7
tT(AGU)N2	0
tT(AGU)O1	0
tT(AGU)O2	0
tT(CGU)K	1
tT(UGU)G1	2
tT(UGU)G2	45
tT(UGU)H	0
tT(UGU)P	0
tT(UGU)Q1	5
tT(XXX)Q2	0
tV(AAC)E1	1
tV(AAC)E2	11
tV(AAC)G1	33
tV(AAC)G2	8
tV(AAC)G3	59
tV(AAC)H	5
tV(AAC)J	1
tV(AAC)K1	2
tV(AAC)K2	1
tV(AAC)L	7
tV(AAC)M1	1
tV(AAC)M2	0
tV(AAC)M3	4
tV(AAC)O	5
tV(CAC)D	12
tV(CAC)H	5
tV(UAC)B	1
tV(UAC)D	19
tV(UAC)Q	56
tW(CCA)G1	88
tW(CCA)G2	19
tW(CCA)J	1
tW(CCA)K	25
tW(CCA)M	0
tW(CCA)P	93
tW(UCA)Q	0
tX(XXX)D	38
tY(GUA)D	16
tY(GUA)F1	6
tY(GUA)F2	2
tY(GUA)J1	36
tY(GUA)J2	12
tY(GUA)M1	5
tY(GUA)M2	0
tY(GUA)O	2
tY(GUA)Q	7
__no_feature	4619709
__ambiguous	261826
__too_low_aQual	0
__not_aligned	0
__alignment_not_unique	10884335
