15S_rRNA	2992
21S_rRNA	5370
HRA1	11
ICR1	1564
LSR1	1252128
NME1	55146
PWR1	20
Q0010	3
Q0017	0
Q0032	4
Q0045	8470
Q0050	30544
Q0055	20162
Q0060	820
Q0065	1975
Q0070	71
Q0075	1943
Q0080	5
Q0085	534
Q0092	0
Q0105	1325
Q0110	464
Q0115	115
Q0120	91
Q0130	19536
Q0140	120
Q0142	5
Q0143	3
Q0144	1
Q0160	902
Q0182	478
Q0250	13393
Q0255	354
Q0275	13439
Q0297	0
RDN18-1	0
RDN18-2	0
RDN25-1	0
RDN25-2	0
RDN37-1	0
RDN37-2	0
RDN5-1	0
RDN5-2	0
RDN5-3	0
RDN5-4	0
RDN5-5	0
RDN5-6	0
RDN58-1	0
RDN58-2	0
RNA170	84
RPM1	147
RPR1	57490
RUF20	405
RUF21	8
RUF22	5
RUF23	36
RUF5-1	0
RUF5-2	0
SCR1	3000576
SRG1	3581
TLC1	21771
YAL001C	5124
YAL002W	8347
YAL003W	87354
YAL004W	5
YAL005C	56565
YAL007C	10468
YAL008W	2213
YAL009W	2063
YAL010C	2223
YAL011W	1826
YAL012W	18709
YAL013W	1259
YAL014C	2034
YAL015C	2402
YAL016C-A	32
YAL016C-B	0
YAL016W	13514
YAL017W	12761
YAL018C	60
YAL019W	18997
YAL019W-A	25
YAL020C	1086
YAL021C	15529
YAL022C	7594
YAL023C	38395
YAL024C	9216
YAL025C	5525
YAL026C	18048
YAL026C-A	1082
YAL027W	837
YAL028W	618
YAL029C	27587
YAL030W	3430
YAL031C	2898
YAL031W-A	20
YAL032C	2989
YAL033W	2901
YAL034C	3867
YAL034C-B	15
YAL034W-A	737
YAL035W	42516
YAL036C	11009
YAL037C-A	39
YAL037C-B	44
YAL037W	395
YAL038W	606645
YAL039C	3885
YAL040C	15173
YAL041W	9424
YAL042C-A	30
YAL042W	16389
YAL043C	8361
YAL044C	9872
YAL044W-A	2703
YAL045C	6
YAL046C	1469
YAL047C	1850
YAL047W-A	31
YAL048C	2857
YAL049C	4048
YAL051W	5075
YAL053W	41666
YAL054C	1329
YAL055W	438
YAL056C-A	6
YAL056W	6220
YAL058W	4957
YAL059C-A	32
YAL059W	8490
YAL060W	5526
YAL061W	471
YAL062W	1058
YAL063C	64
YAL063C-A	64
YAL064C-A	47
YAL064W	19
YAL064W-B	78
YAL065C	34
YAL066W	2
YAL067C	373
YAL067W-A	0
YAL068C	1
YAL068W-A	0
YAL069W	0
YAR002C-A	22852
YAR002W	7410
YAR003W	3621
YAR007C	5374
YAR008W	1304
YAR009C	2065
YAR010C	0
YAR014C	9897
YAR015W	9023
YAR018C	1906
YAR019C	3707
YAR019W-A	8
YAR020C	110
YAR023C	383
YAR027W	2077
YAR028W	1661
YAR029W	353
YAR030C	189
YAR031W	702
YAR033W	310
YAR035C-A	0
YAR035W	255
YAR042W	14791
YAR047C	44
YAR050W	727
YAR053W	15
YAR060C	0
YAR061W	0
YAR062W	0
YAR064W	2
YAR066W	0
YAR068W	2
YAR069C	0
YAR070C	1
YAR071W	387
YAR073W	28
YAR075W	6
YBL001C	6633
YBL002W	26809
YBL003C	5068
YBL004W	88213
YBL005W	3118
YBL005W-A	0
YBL005W-B	6788
YBL006C	2083
YBL006W-A	15
YBL007C	25068
YBL008W	5035
YBL008W-A	12
YBL009W	4527
YBL010C	927
YBL011W	12613
YBL012C	5
YBL013W	577
YBL014C	9456
YBL015W	1859
YBL016W	4158
YBL017C	28901
YBL018C	2029
YBL019W	1526
YBL020W	11376
YBL021C	722
YBL022C	17522
YBL023C	6677
YBL024W	28949
YBL025W	895
YBL026W	5859
YBL027W	61194
YBL028C	6076
YBL029C-A	1221
YBL029W	631
YBL030C	11896
YBL031W	1246
YBL032W	7968
YBL033C	5302
YBL034C	9718
YBL035C	3474
YBL036C	5510
YBL037W	4417
YBL038W	2689
YBL039C	48274
YBL039C-A	0
YBL039W-B	379
YBL040C	5424
YBL041W	7953
YBL042C	30572
YBL043W	135
YBL044W	17
YBL045C	5719
YBL046W	1432
YBL047C	44182
YBL048W	316
YBL049W	1214
YBL050W	3474
YBL051C	7239
YBL052C	4044
YBL053W	26
YBL054W	11587
YBL055C	5563
YBL056W	10272
YBL057C	4639
YBL058W	7169
YBL059C-A	1340
YBL059W	647
YBL060W	2396
YBL061C	9721
YBL062W	16
YBL063W	3729
YBL064C	5592
YBL065W	12
YBL066C	4635
YBL067C	11043
YBL068W	6694
YBL068W-A	0
YBL069W	3482
YBL070C	29
YBL071C	49
YBL071C-B	21
YBL071W-A	4401
YBL072C	28678
YBL073W	3
YBL074C	1592
YBL075C	4220
YBL076C	77997
YBL077W	1
YBL078C	287
YBL079W	33669
YBL080C	1136
YBL081W	7476
YBL082C	3170
YBL083C	154
YBL084C	4475
YBL085W	10798
YBL086C	1790
YBL087C	31054
YBL088C	13362
YBL089W	3852
YBL090W	2011
YBL091C	9368
YBL091C-A	1084
YBL092W	70843
YBL093C	12807
YBL094C	174
YBL095W	1682
YBL096C	132
YBL097W	1609
YBL098W	2974
YBL099W	21225
YBL100C	6
YBL100W-A	0
YBL100W-B	1922
YBL100W-C	22
YBL101C	7304
YBL102W	3673
YBL103C	2623
YBL104C	4864
YBL105C	10151
YBL106C	2957
YBL107C	1355
YBL107W-A	0
YBL108C-A	0
YBL108W	0
YBL109W	20
YBL111C	0
YBL112C	0
YBL113C	260
YBL113W-A	6
YBR001C	3385
YBR002C	4120
YBR003W	3878
YBR004C	3407
YBR005W	1157
YBR006W	2972
YBR007C	3446
YBR008C	2156
YBR009C	9711
YBR010W	12136
YBR011C	85837
YBR012C	1584
YBR012W-A	0
YBR012W-B	2083
YBR013C	1172
YBR014C	2919
YBR015C	21328
YBR016W	2408
YBR017C	19343
YBR018C	135
YBR019C	378
YBR020W	925
YBR021W	5499
YBR022W	1114
YBR023C	27365
YBR024W	1394
YBR025C	41544
YBR026C	4275
YBR027C	204
YBR028C	7472
YBR029C	12658
YBR030W	4783
YBR031W	60653
YBR032W	54
YBR033W	513
YBR034C	32036
YBR035C	5555
YBR036C	11472
YBR037C	1167
YBR038W	6132
YBR039W	7136
YBR040W	198
YBR041W	7254
YBR042C	5401
YBR043C	4563
YBR044C	2595
YBR045C	650
YBR046C	2050
YBR047W	730
YBR048W	37197
YBR049C	5446
YBR050C	650
YBR051W	26
YBR052C	3896
YBR053C	3504
YBR054W	10386
YBR055C	7941
YBR056C-B	26
YBR056W	3575
YBR056W-A	226
YBR057C	3348
YBR058C	9527
YBR058C-A	2487
YBR059C	10425
YBR060C	4523
YBR061C	6102
YBR062C	1209
YBR063C	3307
YBR064W	4
YBR065C	3248
YBR066C	1432
YBR067C	14273
YBR068C	41498
YBR069C	40868
YBR070C	1945
YBR071W	2998
YBR072C-A	20
YBR072W	18303
YBR073W	13251
YBR074W	16312
YBR076C-A	1164
YBR076W	282
YBR077C	2017
YBR078W	109483
YBR079C	47357
YBR080C	11576
YBR081C	7578
YBR082C	24620
YBR083W	3014
YBR084C-A	52061
YBR084W	42262
YBR085C-A	4300
YBR085W	1280
YBR086C	38522
YBR087W	3858
YBR088C	7753
YBR089C-A	3004
YBR089W	12
YBR090C	326
YBR091C	1033
YBR092C	27941
YBR093C	14801
YBR094W	6135
YBR095C	2786
YBR096W	7800
YBR097W	4815
YBR098W	1557
YBR099C	153
YBR101C	4020
YBR102C	4235
YBR103C-A	16
YBR103W	2465
YBR104W	3178
YBR105C	32478
YBR106W	35972
YBR107C	751
YBR108W	2246
YBR109C	9158
YBR109W-A	399
YBR110W	5926
YBR111C	6832
YBR111W-A	971
YBR112C	10049
YBR113W	16
YBR114W	8683
YBR115C	8285
YBR116C	16
YBR117C	409
YBR118W	53287
YBR119W	1608
YBR120C	821
YBR121C	58056
YBR121C-A	0
YBR122C	5367
YBR123C	2388
YBR124W	8
YBR125C	6567
YBR126C	7859
YBR126W-A	240
YBR126W-B	2870
YBR127C	66060
YBR128C	242
YBR129C	1697
YBR130C	3883
YBR131C-A	0
YBR131W	2713
YBR132C	2675
YBR133C	8135
YBR134W	13
YBR135W	4605
YBR136W	12735
YBR137W	2038
YBR138C	934
YBR139W	9361
YBR140C	39930
YBR141C	2748
YBR141W-A	14
YBR142W	21889
YBR143C	32833
YBR144C	26
YBR145W	753
YBR146W	6072
YBR147W	196
YBR148W	688
YBR149W	9320
YBR150C	3508
YBR151W	5178
YBR152W	1351
YBR153W	1768
YBR154C	12312
YBR155W	5613
YBR156C	2316
YBR157C	3992
YBR158W	30531
YBR159W	8214
YBR160W	6090
YBR161W	2151
YBR162C	43824
YBR162W-A	4369
YBR163W	5335
YBR164C	3933
YBR165W	2509
YBR166C	4069
YBR167C	1207
YBR168W	2664
YBR169C	3492
YBR170C	3957
YBR171W	6234
YBR172C	13344
YBR173C	4961
YBR174C	32
YBR175W	2408
YBR176W	1783
YBR177C	3459
YBR178W	35
YBR179C	4549
YBR180W	192
YBR181C	30938
YBR182C	674
YBR182C-A	20
YBR183W	663
YBR184W	645
YBR185C	2508
YBR186W	380
YBR187W	11813
YBR188C	977
YBR189W	79009
YBR190W	23
YBR191W	47999
YBR191W-A	441
YBR192W	3388
YBR193C	1623
YBR194W	1149
YBR195C	3645
YBR196C	140326
YBR196C-A	89
YBR196C-B	101
YBR197C	1954
YBR198C	5838
YBR199W	7718
YBR200W	6049
YBR200W-A	2
YBR201C-A	332
YBR201W	1127
YBR202W	8044
YBR203W	3198
YBR204C	1392
YBR205W	8575
YBR206W	1062
YBR207W	8809
YBR208C	8390
YBR209W	37
YBR210W	2383
YBR211C	1964
YBR212W	7130
YBR213W	431
YBR214W	1645
YBR215W	2763
YBR216C	3472
YBR217W	843
YBR218C	20223
YBR219C	4
YBR220C	5317
YBR221C	27040
YBR221W-A	4
YBR222C	8316
YBR223C	1312
YBR223W-A	0
YBR224W	12
YBR225W	3494
YBR226C	25
YBR227C	2378
YBR228W	1540
YBR229C	17415
YBR230C	2452
YBR230W-A	223
YBR231C	1048
YBR232C	9
YBR233W	1680
YBR233W-A	1113
YBR234C	12744
YBR235W	7057
YBR236C	3581
YBR237W	2956
YBR238C	18279
YBR239C	3223
YBR240C	483
YBR241C	1621
YBR242W	4329
YBR243C	3678
YBR244W	2386
YBR245C	12732
YBR246W	5969
YBR247C	14068
YBR248C	5124
YBR249C	29419
YBR250W	678
YBR251W	2352
YBR252W	4427
YBR253W	1511
YBR254C	1617
YBR255C-A	603
YBR255W	2016
YBR256C	6062
YBR257W	1926
YBR258C	414
YBR259W	3890
YBR260C	4832
YBR261C	3840
YBR262C	1600
YBR263W	23666
YBR264C	1419
YBR265W	4371
YBR266C	9
YBR267W	13030
YBR268W	1521
YBR269C	1174
YBR270C	1519
YBR271W	4567
YBR272C	2126
YBR273C	2965
YBR274W	4508
YBR275C	9059
YBR276C	8660
YBR277C	28
YBR278W	903
YBR279W	5369
YBR280C	829
YBR281C	5377
YBR282W	1367
YBR283C	31250
YBR284W	791
YBR285W	185
YBR286W	69333
YBR287W	17343
YBR288C	3395
YBR289W	4002
YBR290W	2388
YBR291C	1360
YBR292C	357
YBR293W	3116
YBR294W	104
YBR295W	8420
YBR296C	18634
YBR296C-A	7
YBR297W	1993
YBR298C	1238
YBR298C-A	4
YBR299W	96
YBR300C	10
YBR301W	53
YBR302C	0
YCL001W	4588
YCL001W-A	92
YCL001W-B	100
YCL002C	3323
YCL004W	2095
YCL005W	2953
YCL005W-A	3052
YCL007C	95
YCL008C	2005
YCL009C	7157
YCL010C	2122
YCL011C	10379
YCL012C	1555
YCL014W	20663
YCL016C	1809
YCL017C	10487
YCL018W	3679
YCL019W	1141
YCL020W	0
YCL021W-A	1949
YCL022C	5
YCL023C	2
YCL024W	2592
YCL025C	3410
YCL026C-A	304
YCL026C-B	1734
YCL027W	837
YCL028W	7871
YCL029C	2845
YCL030C	5088
YCL031C	8316
YCL032W	1406
YCL033C	2190
YCL034W	3232
YCL035C	7324
YCL036W	10245
YCL037C	26848
YCL038C	6015
YCL039W	2399
YCL040W	12147
YCL041C	88
YCL042W	52
YCL043C	117368
YCL044C	2184
YCL045C	29709
YCL046W	7
YCL047C	2207
YCL048W	129
YCL048W-A	140
YCL049C	3785
YCL050C	11064
YCL051W	3493
YCL052C	3664
YCL054W	20200
YCL055W	2960
YCL056C	974
YCL057C-A	2448
YCL057W	14939
YCL058C	1962
YCL058W-A	633
YCL059C	8371
YCL061C	4363
YCL063W	4127
YCL064C	9257
YCL065W	0
YCL066W	0
YCL067C	0
YCL068C	0
YCL069W	0
YCL073C	0
YCL074W	0
YCL075W	0
YCL076W	0
YCR001W	3
YCR002C	6277
YCR003W	1629
YCR004C	10777
YCR005C	3378
YCR006C	522
YCR007C	577
YCR008W	18353
YCR009C	6012
YCR010C	101
YCR011C	13110
YCR012W	377928
YCR013C	214
YCR014C	2981
YCR015C	1876
YCR016W	5017
YCR017C	21027
YCR018C	5153
YCR018C-A	189
YCR019W	1962
YCR020C	879
YCR020C-A	1075
YCR020W-B	990
YCR021C	368
YCR022C	112
YCR023C	2433
YCR024C	2253
YCR024C-A	18222
YCR024C-B	27783
YCR025C	210
YCR026C	8090
YCR027C	2019
YCR028C	5987
YCR028C-A	6051
YCR030C	5524
YCR031C	58853
YCR032W	11283
YCR033W	12178
YCR034W	14008
YCR035C	7266
YCR036W	5103
YCR037C	5919
YCR038C	1780
YCR038W-A	10
YCR039C	0
YCR040W	0
YCR041W	42
YCR042C	6228
YCR043C	5028
YCR044C	3552
YCR045C	91
YCR045W-A	431
YCR046C	2457
YCR047C	3974
YCR047W-A	6
YCR048W	4499
YCR049C	0
YCR050C	6
YCR051W	4837
YCR052W	7065
YCR053W	31006
YCR054C	4440
YCR057C	33950
YCR059C	2995
YCR060W	2279
YCR061W	1631
YCR063W	1425
YCR064C	171
YCR065W	9417
YCR066W	1678
YCR067C	12185
YCR068W	4173
YCR069W	6843
YCR071C	1418
YCR072C	14626
YCR073C	4724
YCR073W-A	1557
YCR075C	1096
YCR075W-A	851
YCR076C	1859
YCR077C	10852
YCR079W	2691
YCR081C-A	6
YCR081W	7540
YCR082W	8458
YCR083W	3211
YCR084C	12450
YCR085W	11
YCR086W	1207
YCR087C-A	3972
YCR087W	131
YCR088W	10820
YCR089W	4912
YCR090C	3027
YCR091W	1767
YCR092C	3820
YCR093W	52119
YCR094W	4204
YCR095C	1707
YCR095W-A	83
YCR096C	0
YCR097W	1859
YCR097W-A	0
YCR098C	539
YCR099C	196
YCR100C	338
YCR101C	203
YCR102C	134
YCR102W-A	15
YCR104W	17
YCR105W	184
YCR106W	2535
YCR107W	1344
YCR108C	0
YDL001W	2359
YDL002C	2588
YDL003W	6238
YDL004W	5497
YDL005C	2018
YDL006W	2759
YDL007C-A	4
YDL007W	7125
YDL008W	1427
YDL009C	66
YDL010W	1358
YDL011C	4
YDL012C	2695
YDL013W	4450
YDL014W	14453
YDL015C	20621
YDL016C	2262
YDL017W	1884
YDL018C	2059
YDL019C	10718
YDL020C	10259
YDL021W	1336
YDL022C-A	11
YDL022W	10029
YDL023C	18
YDL024C	910
YDL025C	3135
YDL025W-A	14
YDL026W	26
YDL027C	1841
YDL028C	4809
YDL029W	6073
YDL030W	2176
YDL031W	26437
YDL032W	21
YDL033C	2650
YDL034W	11
YDL035C	7334
YDL036C	2935
YDL037C	13796
YDL039C	24109
YDL040C	19308
YDL041W	28
YDL042C	4670
YDL043C	1503
YDL044C	1569
YDL045C	2360
YDL045W-A	1762
YDL046W	10326
YDL047W	5483
YDL048C	3293
YDL049C	3608
YDL050C	33
YDL051W	18539
YDL052C	8194
YDL053C	2709
YDL054C	5025
YDL055C	116438
YDL056W	6309
YDL057W	912
YDL058W	18491
YDL059C	645
YDL060W	21926
YDL061C	15981
YDL062W	8
YDL063C	16874
YDL064W	3705
YDL065C	1342
YDL066W	17103
YDL067C	1919
YDL068W	25
YDL069C	1006
YDL070W	8922
YDL071C	48
YDL072C	7708
YDL073W	7836
YDL074C	10076
YDL075W	44337
YDL076C	4854
YDL077C	6602
YDL078C	6064
YDL079C	898
YDL080C	3655
YDL081C	40571
YDL082W	38922
YDL083C	42415
YDL084W	44404
YDL085C-A	2591
YDL085W	316
YDL086C-A	456
YDL086W	6502
YDL087C	1959
YDL088C	7806
YDL089W	1715
YDL090C	1166
YDL091C	1480
YDL092W	3943
YDL093W	5334
YDL094C	20
YDL095W	44705
YDL096C	15
YDL097C	8657
YDL098C	1262
YDL099W	1934
YDL100C	20168
YDL101C	2160
YDL102W	9318
YDL103C	6047
YDL104C	405
YDL105W	1304
YDL106C	2036
YDL107W	996
YDL108W	2202
YDL109C	1670
YDL110C	1552
YDL111C	9450
YDL112W	26318
YDL113C	1845
YDL114W	127
YDL114W-A	22
YDL115C	1581
YDL116W	9804
YDL117W	9635
YDL118W	3
YDL119C	883
YDL120W	1842
YDL121C	5755
YDL122W	25778
YDL123W	1019
YDL124W	21689
YDL125C	7467
YDL126C	69456
YDL127W	4406
YDL128W	6557
YDL129W	2259
YDL130W	46750
YDL130W-A	1581
YDL131W	11724
YDL132W	10995
YDL133C-A	10908
YDL133W	3837
YDL134C	8973
YDL135C	5688
YDL136W	1966
YDL137W	10822
YDL138W	3248
YDL139C	532
YDL140C	52735
YDL141W	3650
YDL142C	694
YDL143W	20210
YDL144C	2731
YDL145C	61156
YDL146W	1830
YDL147W	13316
YDL148C	15278
YDL149W	1437
YDL150W	7701
YDL151C	1
YDL152W	10
YDL153C	4667
YDL154W	1825
YDL155W	5333
YDL156W	1683
YDL157C	4593
YDL158C	604
YDL159C-B	1
YDL159W	2669
YDL159W-A	1
YDL160C	22050
YDL160C-A	679
YDL161W	2924
YDL162C	19
YDL163W	2
YDL164C	3394
YDL165W	3104
YDL166C	2490
YDL167C	15085
YDL168W	6441
YDL169C	229
YDL170W	3397
YDL171C	22524
YDL172C	93
YDL173W	3921
YDL174C	7549
YDL175C	2049
YDL176W	2533
YDL177C	1066
YDL178W	5093
YDL179W	2334
YDL180W	2727
YDL181W	1602
YDL182W	10185
YDL183C	1102
YDL184C	1039
YDL185C-A	3
YDL185W	119163
YDL186W	71
YDL187C	523
YDL188C	5330
YDL189W	4470
YDL190C	12153
YDL191W	2618
YDL192W	20184
YDL193W	4230
YDL194W	2421
YDL195W	27304
YDL196W	25
YDL197C	2371
YDL198C	2993
YDL199C	1005
YDL200C	1462
YDL201W	8700
YDL202W	1973
YDL203C	3830
YDL204W	2017
YDL205C	8633
YDL206W	3472
YDL207W	3249
YDL208W	12425
YDL209C	1706
YDL210W	438
YDL211C	1615
YDL212W	14656
YDL213C	4037
YDL214C	633
YDL215C	11944
YDL216C	543
YDL217C	2091
YDL218W	241
YDL219W	2562
YDL220C	2379
YDL221W	98
YDL222C	497
YDL223C	8014
YDL224C	5940
YDL225W	6570
YDL226C	6411
YDL227C	6001
YDL228C	6
YDL229W	150080
YDL230W	1770
YDL231C	10837
YDL232W	962
YDL233W	1145
YDL234C	3242
YDL235C	6498
YDL236W	6023
YDL237W	6173
YDL238C	984
YDL239C	1433
YDL240C-A	0
YDL240W	4799
YDL241W	315
YDL242W	8
YDL243C	540
YDL244W	85
YDL245C	1
YDL246C	0
YDL247W	29
YDL247W-A	4
YDL248W	356
YDR001C	20865
YDR002W	22377
YDR003W	1774
YDR003W-A	183
YDR004W	2472
YDR005C	4264
YDR006C	18042
YDR007W	4446
YDR008C	142
YDR009W	596
YDR010C	44
YDR011W	21692
YDR012W	33632
YDR013W	1427
YDR014W	2000
YDR014W-A	387
YDR015C	4
YDR016C	546
YDR017C	15826
YDR018C	397
YDR019C	3593
YDR020C	2138
YDR021W	4018
YDR022C	1201
YDR023W	40685
YDR024W	606
YDR025W	47152
YDR026C	3982
YDR027C	4178
YDR028C	12782
YDR029W	0
YDR030C	739
YDR031W	604
YDR032C	14763
YDR033W	80233
YDR034C	5986
YDR034C-A	3
YDR034C-C	0
YDR034C-D	2241
YDR034W-B	368
YDR035W	11808
YDR036C	5705
YDR037W	79170
YDR038C	1798
YDR039C	0
YDR040C	1482
YDR041W	1530
YDR042C	837
YDR043C	1369
YDR044W	4815
YDR045C	2240
YDR046C	4439
YDR047W	4087
YDR048C	12
YDR049W	4925
YDR050C	108450
YDR051C	2879
YDR052C	6296
YDR053W	1
YDR054C	8798
YDR055W	11075
YDR056C	4035
YDR057W	3752
YDR058C	900
YDR059C	1401
YDR060W	39102
YDR061W	3836
YDR062W	20220
YDR063W	2978
YDR064W	79965
YDR065W	2007
YDR066C	484
YDR067C	1866
YDR068W	1502
YDR069C	4416
YDR070C	445
YDR071C	10277
YDR072C	12727
YDR073W	1843
YDR074W	7275
YDR075W	5887
YDR076W	702
YDR077W	149527
YDR078C	661
YDR079C-A	297
YDR079W	1155
YDR080W	3805
YDR081C	6332
YDR082W	2405
YDR083W	6951
YDR084C	2665
YDR085C	2243
YDR086C	7794
YDR087C	8445
YDR088C	1733
YDR089W	5467
YDR090C	2354
YDR091C	21811
YDR092W	3928
YDR093W	19228
YDR094W	93
YDR095C	6
YDR096W	3980
YDR097C	9375
YDR098C	7255
YDR098C-A	0
YDR098C-B	27
YDR099W	23976
YDR100W	1782
YDR101C	33932
YDR102C	181
YDR103W	10041
YDR104C	3817
YDR105C	4210
YDR106W	195
YDR107C	3828
YDR108W	2916
YDR109C	3651
YDR110W	5225
YDR111C	4853
YDR112W	19
YDR113C	1830
YDR114C	18
YDR115W	1885
YDR116C	2659
YDR117C	3972
YDR118W	1660
YDR118W-A	110
YDR119W	15458
YDR119W-A	65
YDR120C	12360
YDR121W	2444
YDR122W	7421
YDR123C	2231
YDR124W	376
YDR125C	1203
YDR126W	1901
YDR127W	42193
YDR128W	7328
YDR129C	21564
YDR130C	1576
YDR131C	1848
YDR132C	1367
YDR133C	1303
YDR134C	7191
YDR135C	37921
YDR136C	55
YDR137W	3871
YDR138W	5796
YDR139C	2871
YDR140W	1762
YDR141C	16895
YDR142C	2089
YDR143C	9763
YDR144C	14411
YDR145W	4406
YDR146C	4508
YDR147W	3457
YDR148C	3930
YDR149C	2
YDR150W	31668
YDR151C	4324
YDR152W	6747
YDR153C	7076
YDR154C	43865
YDR155C	75130
YDR156W	2250
YDR157W	910
YDR158W	14758
YDR159W	9357
YDR160W	4448
YDR161W	8328
YDR162C	1351
YDR163W	919
YDR164C	5711
YDR165W	11595
YDR166C	6623
YDR167W	1803
YDR168W	7245
YDR169C	3040
YDR169C-A	22
YDR170C	48702
YDR170W-A	467
YDR171W	2342
YDR172W	40836
YDR173C	1512
YDR174W	12491
YDR175C	2578
YDR176W	3325
YDR177W	5380
YDR178W	1154
YDR179C	794
YDR179W-A	2480
YDR180W	9987
YDR181C	2078
YDR182W	5438
YDR182W-A	515
YDR183C-A	468
YDR183W	1011
YDR184C	8775
YDR185C	507
YDR186C	24585
YDR187C	4
YDR188W	19542
YDR189W	10170
YDR190C	10419
YDR191W	1008
YDR192C	2219
YDR193W	7
YDR194C	15105
YDR194W-A	3
YDR195W	4154
YDR196C	1684
YDR197W	2472
YDR198C	3778
YDR199W	4
YDR200C	2919
YDR201W	910
YDR202C	1901
YDR203W	13
YDR204W	2679
YDR205W	6407
YDR206W	13755
YDR207C	5319
YDR208W	13646
YDR209C	2
YDR210C-C	0
YDR210C-D	346
YDR210W	2525
YDR210W-A	0
YDR210W-B	362
YDR211W	16588
YDR212W	24145
YDR213W	4864
YDR214W	13460
YDR215C	12
YDR216W	6300
YDR217C	9223
YDR218C	642
YDR219C	1926
YDR220C	12
YDR221W	6674
YDR222W	1943
YDR223W	1053
YDR224C	23419
YDR225W	20536
YDR226W	33274
YDR227W	6859
YDR228C	6564
YDR229W	2352
YDR230W	11
YDR231C	1761
YDR232W	24050
YDR233C	47081
YDR234W	9948
YDR235W	3189
YDR236C	2241
YDR237W	3310
YDR238C	36570
YDR239C	3481
YDR240C	2741
YDR241W	260
YDR242W	1094
YDR243C	2890
YDR244W	2360
YDR245W	10225
YDR246W	1345
YDR246W-A	72
YDR247W	1306
YDR248C	1332
YDR249C	2147
YDR250C	16
YDR251W	9485
YDR252W	491
YDR253C	103
YDR254W	820
YDR255C	1256
YDR256C	663
YDR257C	4152
YDR258C	3078
YDR259C	685
YDR260C	1374
YDR261C	16078
YDR261C-C	0
YDR261C-D	2207
YDR261W-A	0
YDR261W-B	2009
YDR262W	11249
YDR263C	1112
YDR264C	29892
YDR265W	1804
YDR266C	9502
YDR267C	2242
YDR268W	2150
YDR269C	5
YDR270W	7974
YDR271C	10
YDR272W	4391
YDR273W	642
YDR274C	0
YDR275W	3024
YDR276C	6365
YDR277C	2524
YDR278C	31
YDR279W	2404
YDR280W	5139
YDR281C	2958
YDR282C	1118
YDR283C	12319
YDR284C	2925
YDR285W	1792
YDR286C	640
YDR287W	2483
YDR288W	2472
YDR289C	1615
YDR290W	0
YDR291W	6328
YDR292C	10076
YDR293C	36425
YDR294C	8852
YDR295C	2808
YDR296W	2304
YDR297W	14197
YDR298C	6757
YDR299W	9265
YDR300C	7119
YDR301W	10008
YDR302W	3294
YDR303C	7318
YDR304C	16291
YDR305C	1210
YDR306C	1696
YDR307W	3544
YDR308C	1978
YDR309C	9005
YDR310C	11794
YDR311W	5608
YDR312W	4979
YDR313C	1903
YDR314C	1722
YDR315C	876
YDR316W	1208
YDR316W-A	0
YDR316W-B	0
YDR317W	1277
YDR318W	794
YDR319C	1367
YDR320C	3802
YDR320C-A	1959
YDR320W-B	80
YDR321W	16970
YDR322C-A	1673
YDR322W	3348
YDR323C	1265
YDR324C	20929
YDR325W	8333
YDR326C	31830
YDR327W	21
YDR328C	8177
YDR329C	2285
YDR330W	3009
YDR331W	6422
YDR332W	3694
YDR333C	6818
YDR334W	9817
YDR335W	9829
YDR336W	1794
YDR337W	2356
YDR338C	3447
YDR339C	6482
YDR340W	9
YDR341C	32317
YDR342C	843
YDR343C	72
YDR344C	314
YDR345C	71828
YDR346C	25638
YDR347W	7578
YDR348C	7667
YDR349C	15441
YDR350C	4154
YDR351W	9852
YDR352W	4303
YDR353W	28419
YDR354C-A	3
YDR354W	4503
YDR355C	0
YDR356W	3087
YDR357C	2353
YDR358W	776
YDR359C	5676
YDR360W	7
YDR361C	8266
YDR362C	3265
YDR363W	2916
YDR363W-A	3429
YDR364C	4233
YDR365C	24947
YDR365W-A	0
YDR365W-B	191
YDR366C	81
YDR367W	2924
YDR368W	4838
YDR369C	2455
YDR370C	5151
YDR371C-A	5
YDR371W	1991
YDR372C	11215
YDR373W	4822
YDR374C	150
YDR374W-A	1315
YDR375C	2819
YDR376W	4702
YDR377W	3390
YDR378C	2654
YDR379C-A	848
YDR379W	4842
YDR380W	6055
YDR381C-A	1164
YDR381W	14801
YDR382W	55794
YDR383C	696
YDR384C	2825
YDR385W	12320
YDR386W	1464
YDR387C	3379
YDR388W	8692
YDR389W	12350
YDR390C	4999
YDR391C	1905
YDR392W	1516
YDR393W	2313
YDR394W	10454
YDR395W	35599
YDR396W	128
YDR397C	2643
YDR398W	22084
YDR399W	24082
YDR400W	5170
YDR401W	209
YDR402C	453
YDR403W	746
YDR404C	5777
YDR405W	1671
YDR406W	5506
YDR406W-A	110
YDR407C	9523
YDR408C	4203
YDR409W	2933
YDR410C	3428
YDR411C	2008
YDR412W	3680
YDR413C	26
YDR414C	2270
YDR415C	2978
YDR416W	4859
YDR417C	44
YDR418W	71848
YDR419W	3638
YDR420W	16718
YDR421W	3061
YDR422C	8506
YDR423C	2629
YDR424C	1612
YDR425W	1740
YDR426C	13
YDR427W	6758
YDR428C	2145
YDR429C	15505
YDR430C	8485
YDR431W	6
YDR432W	12174
YDR433W	1748
YDR434W	7813
YDR435C	1105
YDR436W	2081
YDR437W	505
YDR438W	1713
YDR439W	485
YDR440W	2364
YDR441C	6220
YDR442W	10
YDR443C	8529
YDR444W	3950
YDR445C	7
YDR446W	176
YDR447C	25079
YDR448W	4093
YDR449C	7408
YDR450W	48783
YDR451C	3674
YDR452W	12408
YDR453C	3074
YDR454C	17742
YDR455C	4
YDR456W	8299
YDR457W	50530
YDR458C	4192
YDR459C	3602
YDR460W	1893
YDR461C-A	545
YDR461W	1640
YDR462W	1126
YDR463W	7681
YDR464C-A	1
YDR464W	12260
YDR465C	11453
YDR466W	5794
YDR467C	169
YDR468C	2345
YDR469W	2423
YDR470C	2818
YDR471W	35163
YDR472W	4508
YDR473C	1127
YDR475C	2439
YDR476C	2620
YDR477W	6577
YDR478W	1276
YDR479C	1761
YDR480W	1219
YDR481C	22071
YDR482C	1327
YDR483W	32625
YDR484W	2056
YDR485C	4240
YDR486C	3292
YDR487C	14805
YDR488C	2843
YDR489W	2776
YDR490C	4745
YDR491C	7
YDR492W	21996
YDR493W	968
YDR494W	3117
YDR495C	2656
YDR496C	26772
YDR497C	30750
YDR498C	2583
YDR499W	2656
YDR500C	24568
YDR501W	1363
YDR502C	3154
YDR503C	1713
YDR504C	539
YDR505C	8775
YDR506C	2213
YDR507C	12995
YDR508C	25025
YDR509W	1
YDR510C-A	1
YDR510W	10560
YDR511W	1468
YDR512C	1528
YDR513W	4563
YDR514C	2226
YDR515W	1946
YDR516C	2429
YDR517W	4429
YDR518W	10123
YDR519W	5212
YDR520C	2478
YDR521W	0
YDR522C	24
YDR523C	1347
YDR524C	6850
YDR524C-A	9
YDR524C-B	59219
YDR524W-C	7
YDR525W	14
YDR525W-A	700
YDR526C	23
YDR527W	9445
YDR528W	2455
YDR529C	2773
YDR530C	1746
YDR531W	3448
YDR532C	1153
YDR533C	4789
YDR534C	2480
YDR535C	100
YDR536W	29
YDR537C	61
YDR538W	1382
YDR539W	4062
YDR540C	501
YDR541C	4017
YDR542W	6
YDR543C	0
YDR544C	1
YDR545C-A	0
YDR545W	0
YEL001C	16023
YEL002C	23283
YEL003W	2338
YEL004W	1281
YEL005C	1106
YEL006W	3881
YEL007W	4581
YEL008C-A	77
YEL008W	17
YEL009C	49011
YEL009C-A	104
YEL010W	8
YEL011W	473
YEL012W	652
YEL013W	13357
YEL014C	1
YEL015W	6078
YEL016C	3996
YEL017C-A	5554
YEL017W	2894
YEL018C-A	29
YEL018W	1056
YEL019C	1040
YEL020C	3420
YEL020C-B	20
YEL020W-A	3279
YEL021W	9688
YEL022W	20292
YEL023C	2032
YEL024W	891
YEL025C	5090
YEL026W	30385
YEL027W	48783
YEL028W	630
YEL029C	2641
YEL030C-A	13
YEL030W	1079
YEL031W	58765
YEL032C-A	0
YEL032W	12260
YEL033W	41236
YEL034C-A	180
YEL034W	81996
YEL035C	52
YEL036C	12604
YEL037C	11568
YEL038W	4560
YEL039C	130
YEL040W	18245
YEL041W	647
YEL042W	26349
YEL043W	9716
YEL044W	2437
YEL045C	223
YEL046C	36025
YEL047C	13786
YEL048C	1143
YEL049W	64
YEL050C	4971
YEL050W-A	9
YEL051W	13518
YEL052W	3821
YEL053C	8151
YEL053W-A	21
YEL054C	54612
YEL055C	29671
YEL056W	3738
YEL057C	630
YEL058W	10968
YEL059C-A	637
YEL059W	62
YEL060C	7082
YEL061C	4189
YEL062W	2990
YEL063C	17808
YEL064C	1754
YEL065W	28609
YEL066W	3127
YEL067C	421
YEL068C	1013
YEL069C	13
YEL070W	50
YEL071W	26658
YEL072W	1121
YEL073C	156
YEL074W	69
YEL075C	0
YEL075W-A	0
YEL076C	0
YEL076C-A	0
YEL077C	353
YEL077W-A	1
YER001W	11348
YER002W	3734
YER003C	13889
YER004W	4745
YER005W	8281
YER006C-A	30
YER006W	24582
YER007C-A	7541
YER007W	892
YER008C	14081
YER009W	17324
YER010C	3069
YER011W	2451
YER012W	7516
YER013W	4421
YER014C-A	5
YER014W	2922
YER015W	956
YER016W	1795
YER017C	7202
YER018C	614
YER019C-A	8533
YER019W	3524
YER020W	2534
YER021W	13320
YER022W	3342
YER023C-A	12
YER023W	11172
YER024W	2048
YER025W	28927
YER026C	6793
YER027C	5023
YER028C	1323
YER029C	1556
YER030W	3652
YER031C	3778
YER032W	5733
YER033C	2598
YER034W	1035
YER035W	3016
YER036C	74130
YER037W	2359
YER038C	2416
YER038W-A	201
YER039C	319
YER039C-A	91
YER040W	3245
YER041W	2985
YER042W	1373
YER043C	68530
YER044C	3425
YER044C-A	1161
YER045C	4763
YER046W	759
YER046W-A	36
YER047C	3680
YER048C	5901
YER048W-A	5640
YER049W	22248
YER050C	2417
YER051W	1542
YER052C	12486
YER053C	1038
YER053C-A	68
YER054C	731
YER055C	14456
YER056C	72368
YER056C-A	39129
YER057C	9289
YER058W	519
YER059W	1914
YER060W	3884
YER060W-A	354
YER061C	2184
YER062C	21271
YER063W	3357
YER064C	8279
YER065C	1650
YER066C-A	66
YER066W	328
YER067C-A	53
YER067W	239
YER068C-A	9
YER068W	6526
YER069W	7901
YER070W	59913
YER071C	954
YER072W	21411
YER073W	8812
YER074W	29060
YER074W-A	3331
YER075C	8378
YER076C	1065
YER076W-A	63
YER077C	4406
YER078C	2625
YER078W-A	56
YER079C-A	3
YER079W	592
YER080W	7829
YER081W	7021
YER082C	13483
YER083C	5897
YER084W	59
YER084W-A	3
YER085C	92
YER086W	23444
YER087C-A	278
YER087C-B	7899
YER087W	1424
YER088C	18253
YER088C-A	1021
YER088W-B	19
YER089C	7427
YER090C-A	1
YER090W	10595
YER091C	5888
YER091C-A	7
YER092W	1728
YER093C	8149
YER093C-A	1033
YER094C	6897
YER095W	5724
YER096W	821
YER097W	498
YER098W	2623
YER099C	6616
YER100W	5419
YER101C	1589
YER102W	17504
YER103W	3803
YER104W	533
YER105C	23501
YER106W	121
YER107C	4473
YER107W-A	4
YER109C	4071
YER110C	91487
YER111C	5952
YER112W	3347
YER113C	7623
YER114C	15287
YER115C	1514
YER116C	2011
YER117W	49913
YER118C	6594
YER119C	1700
YER119C-A	20
YER120W	21729
YER121W	212
YER122C	13807
YER123W	6921
YER124C	31865
YER125W	21753
YER126C	12403
YER127W	6359
YER128W	930
YER129W	17295
YER130C	3841
YER131W	36566
YER132C	29241
YER133W	13847
YER133W-A	4
YER134C	2046
YER135C	27
YER136W	13285
YER137C	711
YER137C-A	0
YER137W-A	21
YER138C	0
YER138W-A	917
YER139C	1279
YER140W	2824
YER141W	5623
YER142C	1065
YER143W	2232
YER144C	7176
YER145C	37691
YER145C-A	113
YER146W	4418
YER147C	2525
YER147C-A	4
YER148W	7911
YER148W-A	71
YER149C	2985
YER150W	2342
YER151C	12688
YER152C	3912
YER152W-A	3
YER153C	429
YER154W	3481
YER155C	48964
YER156C	5817
YER157W	4561
YER158C	2503
YER158W-A	64
YER159C	1458
YER159C-A	0
YER160C	1
YER161C	2446
YER162C	1477
YER163C	4223
YER164W	16343
YER165C-A	1
YER165W	71894
YER166W	27181
YER167W	11652
YER168C	7187
YER169W	14525
YER170W	594
YER171W	8092
YER172C	20736
YER172C-A	0
YER173W	2186
YER174C	1530
YER175C	1574
YER175W-A	101
YER176W	6289
YER177W	47093
YER178W	38049
YER179W	262
YER180C	2480
YER180C-A	400
YER181C	29
YER182W	814
YER183C	1904
YER184C	2252
YER185W	627
YER186C	2187
YER187W	121
YER188C-A	30
YER188W	310
YER189W	0
YER190C-A	0
YER190C-B	0
YER190W	13
YFL001W	4661
YFL002C	6557
YFL002W-A	0
YFL002W-B	0
YFL003C	564
YFL004W	19667
YFL005W	10535
YFL007W	40173
YFL008W	6658
YFL009W	9198
YFL010C	9337
YFL010W-A	30
YFL011W	178
YFL012W	113
YFL012W-A	1
YFL013C	3396
YFL013W-A	7
YFL014W	12772
YFL015C	11
YFL015W-A	4
YFL016C	2175
YFL017C	1734
YFL017W-A	1303
YFL018C	15477
YFL019C	69
YFL020C	100
YFL021C-A	103
YFL021W	1979
YFL022C	27346
YFL023W	4271
YFL024C	6981
YFL025C	8551
YFL026W	16233
YFL027C	2075
YFL028C	2936
YFL029C	1322
YFL030W	841
YFL031C-A	1
YFL031W	76647
YFL032W	80
YFL033C	13923
YFL034C-A	5531
YFL034C-B	2546
YFL034W	4983
YFL036W	21108
YFL037W	31468
YFL038C	17388
YFL039C	136456
YFL040W	48
YFL041W	8791
YFL041W-A	121
YFL042C	2030
YFL044C	2473
YFL045C	35302
YFL046W	952
YFL047W	4557
YFL048C	8689
YFL049W	3553
YFL050C	3905
YFL051C	145
YFL052W	258
YFL053W	66
YFL054C	1056
YFL055W	980
YFL056C	883
YFL057C	422
YFL058W	38
YFL059W	152
YFL060C	102
YFL061W	0
YFL062W	11
YFL063W	2
YFL064C	6
YFL065C	17
YFL066C	14
YFL067W	1
YFL068W	0
YFR001W	4408
YFR002W	10890
YFR003C	1270
YFR004W	5740
YFR005C	2979
YFR006W	7152
YFR007W	1433
YFR008W	447
YFR009W	20839
YFR009W-A	0
YFR010W	6853
YFR010W-A	12
YFR011C	1596
YFR012W	260
YFR012W-A	147
YFR013W	6534
YFR014C	3084
YFR015C	439
YFR016C	5727
YFR017C	311
YFR018C	867
YFR019W	14704
YFR020W	1037
YFR021W	4501
YFR022W	3384
YFR023W	582
YFR024C-A	8316
YFR025C	3145
YFR026C	281
YFR027W	368
YFR028C	8831
YFR029W	2973
YFR030W	4461
YFR031C	5927
YFR031C-A	59750
YFR032C	987
YFR032C-A	18438
YFR032C-B	74
YFR033C	2989
YFR034C	1193
YFR034W-A	238
YFR035C	24
YFR036W	2360
YFR036W-A	113
YFR037C	7996
YFR038W	5764
YFR039C	4253
YFR040W	13985
YFR041C	1940
YFR042W	2501
YFR043C	1108
YFR044C	27187
YFR045W	765
YFR046C	1124
YFR047C	6685
YFR048W	4589
YFR049W	1110
YFR050C	8239
YFR051C	7799
YFR052C-A	190
YFR052W	6509
YFR053C	4376
YFR054C	150
YFR055W	6000
YFR056C	7
YFR057W	0
YGL001C	5892
YGL002W	2245
YGL003C	3787
YGL004C	1508
YGL005C	1804
YGL006W	5772
YGL006W-A	1
YGL007C-A	136
YGL007W	29
YGL008C	702466
YGL009C	6057
YGL010W	789
YGL011C	7260
YGL012W	27396
YGL013C	10154
YGL014C-A	1
YGL014W	22284
YGL015C	73
YGL016W	13313
YGL017W	2372
YGL018C	1187
YGL019W	7109
YGL020C	3050
YGL021W	8308
YGL022W	31954
YGL023C	3028
YGL024W	29
YGL025C	1776
YGL026C	25415
YGL027C	12727
YGL028C	41694
YGL029W	2596
YGL030W	36347
YGL031C	45779
YGL032C	2302
YGL033W	168
YGL034C	31
YGL035C	8314
YGL036W	6857
YGL037C	9641
YGL038C	8458
YGL039W	7243
YGL040C	6392
YGL041C	27
YGL041C-B	23
YGL041W-A	1330
YGL042C	15
YGL043W	3995
YGL044C	2576
YGL045W	1634
YGL047W	1159
YGL048C	10129
YGL049C	11766
YGL050W	2282
YGL051W	62
YGL052W	131
YGL053W	731
YGL054C	5290
YGL055W	310154
YGL056C	11777
YGL057C	1421
YGL058W	5036
YGL059W	735
YGL060W	2593
YGL061C	775
YGL062W	26814
YGL063C-A	4
YGL063W	780
YGL064C	3288
YGL065C	2926
YGL066W	2230
YGL067W	6188
YGL068W	5690
YGL069C	95
YGL070C	2856
YGL071W	9298
YGL072C	537
YGL073W	5964
YGL074C	6
YGL075C	1295
YGL076C	38332
YGL077C	10178
YGL078C	22640
YGL079W	1639
YGL080W	2723
YGL081W	529
YGL082W	3542
YGL083W	4420
YGL084C	6320
YGL085W	1514
YGL086W	3351
YGL087C	5313
YGL088W	4
YGL089C	25
YGL090W	1568
YGL091C	2895
YGL092W	24167
YGL093W	3857
YGL094C	17256
YGL095C	2875
YGL096W	667
YGL097W	8350
YGL098W	1365
YGL099W	15331
YGL100W	5170
YGL101W	3154
YGL102C	33
YGL103W	74036
YGL104C	1491
YGL105W	33629
YGL106W	5794
YGL107C	6106
YGL108C	792
YGL109W	27
YGL110C	2948
YGL111W	12498
YGL112C	6786
YGL113W	4042
YGL114W	5175
YGL115W	7011
YGL116W	2739
YGL117W	1206
YGL118C	22
YGL119W	4836
YGL120C	36812
YGL121C	2489
YGL122C	9493
YGL123C-A	107
YGL123W	160027
YGL124C	3603
YGL125W	2050
YGL126W	2092
YGL127C	2702
YGL128C	1208
YGL129C	4795
YGL130W	4007
YGL131C	5867
YGL132W	46
YGL133W	6375
YGL134W	2455
YGL135W	23850
YGL136C	2875
YGL137W	30774
YGL138C	32
YGL139W	12565
YGL140C	16013
YGL141W	3519
YGL142C	5330
YGL143C	1852
YGL144C	4959
YGL145W	3850
YGL146C	1174
YGL147C	33307
YGL148W	31754
YGL149W	4
YGL150C	16380
YGL151W	7845
YGL152C	64
YGL153W	1176
YGL154C	1141
YGL155W	4337
YGL156W	5063
YGL157W	4981
YGL158W	487
YGL159W	2045
YGL160W	4038
YGL161C	3267
YGL162W	689
YGL163C	3241
YGL164C	672
YGL165C	18
YGL166W	2005
YGL167C	30336
YGL168W	53
YGL169W	8220
YGL170C	229
YGL171W	8175
YGL172W	2719
YGL173C	54791
YGL174W	894
YGL175C	1228
YGL176C	3766
YGL177W	534
YGL178W	16444
YGL179C	3189
YGL180W	2324
YGL181W	2171
YGL182C	50
YGL183C	66
YGL184C	261
YGL185C	1304
YGL186C	6762
YGL187C	1704
YGL188C	423
YGL188C-A	460
YGL189C	82073
YGL190C	7976
YGL191W	4129
YGL192W	23
YGL193C	1560
YGL194C	3269
YGL194C-A	1148
YGL195W	104398
YGL196W	3324
YGL197W	14505
YGL198W	2692
YGL199C	94
YGL200C	19465
YGL201C	7113
YGL202W	31563
YGL203C	9682
YGL204C	1134
YGL205W	196
YGL206C	84734
YGL207W	20697
YGL208W	1101
YGL209W	3892
YGL210W	2103
YGL211W	5066
YGL212W	872
YGL213C	5353
YGL214W	102
YGL215W	24899
YGL216W	7007
YGL217C	15
YGL218W	20
YGL219C	3038
YGL220W	4603
YGL221C	8393
YGL222C	1353
YGL223C	3384
YGL224C	4317
YGL225W	23718
YGL226C-A	3291
YGL226W	991
YGL227W	1989
YGL228W	8482
YGL229C	1102
YGL230C	155
YGL231C	3906
YGL232W	3924
YGL233W	5124
YGL234W	33849
YGL235W	40
YGL236C	6168
YGL237C	1050
YGL238W	26829
YGL239C	0
YGL240W	704
YGL241W	5167
YGL242C	3347
YGL243W	2511
YGL244W	2572
YGL245W	62953
YGL246C	6545
YGL247W	1455
YGL248W	3425
YGL249W	407
YGL250W	262
YGL251C	2099
YGL252C	4392
YGL253W	44014
YGL254W	1450
YGL255W	11133
YGL256W	5788
YGL257C	4155
YGL258W	237
YGL258W-A	29
YGL259W	67
YGL260W	0
YGL261C	2
YGL262W	4
YGL263W	35
YGR001C	4950
YGR002C	2768
YGR003W	4083
YGR004W	3099
YGR005C	2984
YGR006W	837
YGR007W	5586
YGR008C	1183
YGR009C	3355
YGR010W	2424
YGR011W	263
YGR012W	3580
YGR013W	2573
YGR014W	36467
YGR015C	1088
YGR016W	369
YGR017W	3668
YGR018C	109
YGR019W	7497
YGR020C	8965
YGR021W	1824
YGR022C	0
YGR023W	1729
YGR024C	4629
YGR025W	37
YGR026W	9302
YGR027C	71860
YGR027W-A	0
YGR027W-B	0
YGR028W	2775
YGR029W	1947
YGR030C	2157
YGR031C-A	17
YGR031W	2221
YGR032W	114216
YGR033C	5267
YGR034W	40608
YGR035C	2067
YGR035W-A	2
YGR036C	5061
YGR037C	16081
YGR038C-A	0
YGR038C-B	0
YGR038W	2583
YGR039W	478
YGR040W	4303
YGR041W	6433
YGR042W	1713
YGR043C	2666
YGR044C	3527
YGR045C	49
YGR046W	4355
YGR047C	4312
YGR048W	2779
YGR049W	1626
YGR050C	412
YGR051C	1
YGR052W	154
YGR053C	141
YGR054W	32573
YGR055W	3457
YGR056W	6715
YGR057C	2463
YGR058W	1445
YGR059W	179
YGR060W	46160
YGR061C	49332
YGR062C	1806
YGR063C	3287
YGR064W	352
YGR065C	3289
YGR066C	151
YGR067C	646
YGR068C	1652
YGR068W-A	2
YGR069W	29
YGR070W	4304
YGR071C	4393
YGR072W	1424
YGR073C	290
YGR074W	2493
YGR075C	604
YGR076C	1322
YGR077C	7312
YGR078C	4482
YGR079W	24536
YGR080W	3284
YGR081C	4976
YGR082W	6780
YGR083C	12527
YGR084C	3812
YGR085C	12246
YGR086C	17830
YGR087C	1744
YGR088W	731
YGR089W	12122
YGR090W	53186
YGR091W	2516
YGR092W	4579
YGR093W	7092
YGR094W	75933
YGR095C	4577
YGR096W	1113
YGR097W	14546
YGR098C	11672
YGR099W	2868
YGR100W	5228
YGR101W	2237
YGR102C	2073
YGR103W	41040
YGR104C	1876
YGR105W	1935
YGR106C	18396
YGR107W	99
YGR108W	11338
YGR109C	1217
YGR109W-A	0
YGR109W-B	712
YGR110W	469
YGR111W	3707
YGR112W	1405
YGR113W	1916
YGR114C	0
YGR115C	2
YGR116W	31016
YGR117C	4071
YGR118W	35375
YGR119C	9839
YGR120C	1704
YGR121C	753
YGR121W-A	78
YGR122C-A	56
YGR122W	1595
YGR123C	11444
YGR124W	44473
YGR125W	8687
YGR126W	711
YGR127W	1156
YGR128C	21342
YGR129W	1107
YGR130C	4206
YGR131W	743
YGR132C	7322
YGR133W	1190
YGR134W	5523
YGR135W	8910
YGR136W	2454
YGR137W	470
YGR138C	1349
YGR139W	4
YGR140W	4200
YGR141W	1075
YGR142W	621
YGR143W	6466
YGR144W	445
YGR145W	14467
YGR146C	10609
YGR146C-A	90
YGR147C	5901
YGR148C	35728
YGR149W	3730
YGR150C	5291
YGR151C	181
YGR152C	3406
YGR153W	1282
YGR154C	1470
YGR155W	82413
YGR156W	1794
YGR157W	37503
YGR158C	3931
YGR159C	100009
YGR160W	63
YGR161C	2340
YGR161C-C	0
YGR161C-D	331
YGR161W-A	0
YGR161W-B	0
YGR161W-C	649
YGR162W	56053
YGR163W	1970
YGR164W	112
YGR165W	4110
YGR166W	4259
YGR167W	8195
YGR168C	1787
YGR169C	2883
YGR169C-A	560
YGR170W	6935
YGR171C	2524
YGR172C	3278
YGR173W	6753
YGR174C	976
YGR174W-A	89
YGR175C	56233
YGR176W	39
YGR177C	4561
YGR178C	19059
YGR179C	1221
YGR180C	38692
YGR181W	2796
YGR182C	822
YGR183C	747
YGR184C	31859
YGR185C	26816
YGR186W	7534
YGR187C	5819
YGR188C	2836
YGR189C	49914
YGR190C	4
YGR191W	24933
YGR192C	785792
YGR193C	4475
YGR194C	993
YGR195W	4323
YGR196C	2800
YGR197C	2064
YGR198W	14722
YGR199W	3374
YGR200C	19216
YGR201C	2512
YGR202C	4077
YGR203W	709
YGR204C-A	8
YGR204W	27805
YGR205W	1019
YGR206W	1640
YGR207C	3390
YGR208W	5512
YGR209C	13501
YGR210C	8111
YGR211W	17860
YGR212W	1761
YGR213C	504
YGR214W	84099
YGR215W	2224
YGR216C	4354
YGR217W	13648
YGR218W	31992
YGR219W	1
YGR220C	3903
YGR221C	2007
YGR222W	2271
YGR223C	2515
YGR224W	22
YGR225W	339
YGR226C	0
YGR227W	4094
YGR228W	27
YGR229C	21155
YGR230W	809
YGR231C	5186
YGR232W	2964
YGR233C	16128
YGR234W	15995
YGR235C	4118
YGR236C	63
YGR237C	2394
YGR238C	3082
YGR239C	1901
YGR240C	81651
YGR240C-A	126
YGR241C	5942
YGR242W	4
YGR243W	187
YGR244C	11189
YGR245C	25824
YGR246C	2945
YGR247W	758
YGR248W	757
YGR249W	616
YGR250C	5877
YGR251W	1791
YGR252W	2568
YGR253C	6117
YGR254W	50353
YGR255C	6179
YGR256W	1946
YGR257C	6311
YGR258C	5417
YGR259C	7
YGR260W	33600
YGR261C	10885
YGR262C	3435
YGR263C	2384
YGR264C	47919
YGR265W	7
YGR266W	4827
YGR267C	7281
YGR268C	1414
YGR269W	92
YGR270C-A	1
YGR270W	15224
YGR271C-A	3838
YGR271W	15520
YGR273C	34
YGR274C	6998
YGR275W	1954
YGR276C	4676
YGR277C	3027
YGR278W	2475
YGR279C	69434
YGR280C	1198
YGR281W	19326
YGR282C	78329
YGR283C	4076
YGR284C	17117
YGR285C	50353
YGR286C	2860
YGR287C	499
YGR288W	1108
YGR289C	545
YGR290W	3
YGR291C	8
YGR292W	55
YGR293C	4
YGR294W	51
YGR295C	4830
YGR296C-A	0
YGR296C-B	0
YGR296W	0
YHL001W	14292
YHL002C-A	95
YHL002W	4380
YHL003C	9024
YHL004W	6031
YHL005C	21
YHL006C	470
YHL006W-A	26
YHL007C	17772
YHL008C	5714
YHL009C	1869
YHL009W-A	0
YHL009W-B	42
YHL010C	2080
YHL011C	22874
YHL012W	192
YHL013C	3019
YHL014C	1246
YHL015W	55945
YHL015W-A	1
YHL016C	1277
YHL017W	7977
YHL018W	360
YHL019C	1459
YHL019W-A	14
YHL020C	3718
YHL021C	840
YHL022C	193
YHL023C	5862
YHL024W	317
YHL025W	3090
YHL026C	1832
YHL027W	7863
YHL028W	443
YHL029C	9912
YHL030W	22928
YHL030W-A	18
YHL031C	2157
YHL032C	3039
YHL033C	42952
YHL034C	15385
YHL034W-A	11
YHL035C	19242
YHL036W	629
YHL037C	83
YHL038C	2213
YHL039W	6953
YHL040C	23402
YHL041W	13
YHL042W	161
YHL043W	13
YHL044W	521
YHL045W	2
YHL046C	8
YHL046W-A	2
YHL047C	12901
YHL048C-A	5
YHL048W	2600
YHL049C	0
YHL050C	330
YHL050W-A	1
YHR001W	4235
YHR001W-A	1113
YHR002W	963
YHR003C	6540
YHR004C	4311
YHR005C	5535
YHR005C-A	4736
YHR006W	4921
YHR007C	41565
YHR007C-A	764
YHR008C	9649
YHR009C	19554
YHR010W	55190
YHR011W	1229
YHR012W	3226
YHR013C	5538
YHR014W	207
YHR015W	993
YHR016C	1639
YHR017W	2673
YHR018C	2459
YHR019C	54119
YHR020W	59388
YHR021C	44220
YHR021W-A	222
YHR022C	537
YHR022C-A	3
YHR023W	16581
YHR024C	6639
YHR025W	19522
YHR026W	11561
YHR027C	31166
YHR028C	13782
YHR028W-A	34
YHR029C	1542
YHR030C	12118
YHR031C	5153
YHR032C-A	1
YHR032W	10618
YHR032W-A	984
YHR033W	1367
YHR034C	1194
YHR035W	1408
YHR036W	3741
YHR037W	4353
YHR038W	729
YHR039C	9062
YHR039C-A	11294
YHR040W	1686
YHR041C	2526
YHR042W	26518
YHR043C	2373
YHR044C	667
YHR045W	3934
YHR046C	1950
YHR047C	18464
YHR048W	2838
YHR049C-A	15
YHR049W	16305
YHR050W	8303
YHR050W-A	36
YHR051W	1611
YHR052W	20875
YHR052W-A	0
YHR053C	0
YHR054C	45
YHR054W-A	0
YHR055C	0
YHR056C	6008
YHR056W-A	36
YHR057C	2461
YHR058C	1972
YHR059W	1788
YHR060W	1672
YHR061C	2639
YHR062C	3309
YHR063C	6392
YHR063W-A	6
YHR064C	65052
YHR065C	9755
YHR066W	12655
YHR067W	1517
YHR068W	22313
YHR069C	9816
YHR069C-A	277
YHR070C-A	6
YHR070W	8564
YHR071C-A	223
YHR071W	15415
YHR072W	8933
YHR072W-A	13582
YHR073C-B	1
YHR073W	18818
YHR073W-A	0
YHR074W	9445
YHR075C	1427
YHR076W	2694
YHR077C	10116
YHR078W	5389
YHR079C	10358
YHR079C-A	55
YHR080C	7631
YHR081W	2017
YHR082C	24045
YHR083W	4831
YHR084W	11106
YHR085W	4343
YHR086W	4913
YHR086W-A	22
YHR087W	628
YHR088W	6526
YHR089C	10077
YHR090C	1539
YHR091C	3244
YHR092C	3760
YHR093W	1
YHR094C	14114
YHR095W	15
YHR096C	1772
YHR097C	1321
YHR098C	15164
YHR099W	58532
YHR100C	1911
YHR101C	1427
YHR102W	8370
YHR103W	14121
YHR104W	6396
YHR105W	647
YHR106W	2217
YHR107C	7161
YHR108W	15385
YHR109W	1188
YHR110W	3304
YHR111W	3772
YHR112C	3550
YHR113W	5125
YHR114W	4162
YHR115C	6163
YHR116W	1047
YHR117W	7378
YHR118C	1680
YHR119W	10216
YHR120W	5080
YHR121W	2369
YHR122W	3171
YHR123W	6174
YHR124W	513
YHR125W	3
YHR126C	386
YHR127W	1796
YHR128W	9243
YHR129C	1954
YHR130C	395
YHR131C	5045
YHR131W-A	7
YHR132C	7742
YHR132W-A	1284
YHR133C	5865
YHR134W	1792
YHR135C	7162
YHR136C	2421
YHR137C-A	3
YHR137W	7284
YHR138C	2330
YHR139C	112
YHR139C-A	21
YHR140W	726
YHR141C	29378
YHR142W	5089
YHR143W	37211
YHR143W-A	3831
YHR144C	2598
YHR145C	64
YHR146W	7821
YHR147C	2439
YHR148W	4499
YHR149C	7771
YHR150W	2647
YHR151C	6966
YHR152W	1981
YHR153C	357
YHR154W	7153
YHR155W	13748
YHR156C	862
YHR157W	575
YHR158C	9805
YHR159W	1049
YHR160C	92
YHR161C	4042
YHR162W	12655
YHR163W	8576
YHR164C	3891
YHR165C	32741
YHR165W-A	4
YHR166C	1511
YHR167W	1933
YHR168W	1827
YHR169W	10064
YHR170W	32617
YHR171W	1160
YHR172W	3399
YHR173C	61
YHR174W	349928
YHR175W	4234
YHR175W-A	644
YHR176W	800
YHR177W	567
YHR178W	1571
YHR179W	73707
YHR180C-B	0
YHR180W	370
YHR180W-A	1
YHR181W	3868
YHR182C-A	295
YHR182W	4118
YHR183W	40141
YHR184W	537
YHR185C	45
YHR186C	12971
YHR187W	3323
YHR188C	13360
YHR189W	400
YHR190W	11232
YHR191C	960
YHR192W	2239
YHR193C	33606
YHR193C-A	49
YHR194W	2000
YHR195W	2705
YHR196W	14833
YHR197W	16099
YHR198C	1341
YHR199C	4338
YHR199C-A	372
YHR200W	7493
YHR201C	5217
YHR202W	2050
YHR203C	29558
YHR204W	10030
YHR205W	16692
YHR206W	11072
YHR207C	3946
YHR208W	14071
YHR209W	1509
YHR210C	441
YHR211W	1807
YHR212C	0
YHR212W-A	0
YHR213W	0
YHR213W-A	0
YHR213W-B	5
YHR214C-B	1952
YHR214C-C	0
YHR214C-D	0
YHR214C-E	0
YHR214W	13
YHR214W-A	223
YHR215W	1177
YHR216W	1096
YHR217C	5
YHR218W	0
YHR218W-A	0
YHR219C-A	0
YHR219W	0
YIL001W	2972
YIL002C	5858
YIL002W-A	3638
YIL003W	2363
YIL004C	1663
YIL005W	8019
YIL006W	1582
YIL007C	1428
YIL008W	3412
YIL009C-A	1300
YIL009W	7480
YIL010W	4725
YIL011W	569
YIL012W	123
YIL013C	1484
YIL014C-A	2209
YIL014W	8678
YIL015W	0
YIL016W	2098
YIL017C	3507
YIL018W	85485
YIL019W	2793
YIL020C	1508
YIL020C-A	74
YIL021C-A	1
YIL021W	5321
YIL022W	8667
YIL023C	5440
YIL024C	1138
YIL025C	8
YIL026C	6491
YIL027C	2401
YIL028W	108
YIL029C	322
YIL029W-A	0
YIL030C	27997
YIL030W-A	516
YIL031W	7334
YIL032C	18
YIL033C	12237
YIL034C	6173
YIL035C	4968
YIL036W	3538
YIL037C	87
YIL038C	8558
YIL039W	12189
YIL040W	4130
YIL041W	18730
YIL042C	607
YIL043C	18047
YIL044C	3552
YIL045W	815
YIL046W	5223
YIL046W-A	43
YIL047C	27378
YIL047C-A	2027
YIL048W	11050
YIL049W	2408
YIL050W	2047
YIL051C	24790
YIL052C	31401
YIL053W	88655
YIL054W	1
YIL055C	1311
YIL056W	4842
YIL057C	25
YIL058W	22
YIL059C	670
YIL060W	23
YIL061C	1380
YIL062C	2788
YIL063C	3235
YIL064W	6290
YIL065C	1395
YIL066C	1718
YIL066W-A	6
YIL067C	5588
YIL068C	4155
YIL068W-A	21
YIL069C	23188
YIL070C	4957
YIL071C	1577
YIL071W-A	40
YIL072W	490
YIL073C	910
YIL074C	8962
YIL075C	24475
YIL076W	9717
YIL077C	1307
YIL078W	50536
YIL079C	5217
YIL080W	54
YIL082W	0
YIL082W-A	0
YIL083C	4715
YIL084C	1857
YIL085C	8209
YIL086C	257
YIL087C	568
YIL088C	6160
YIL089W	313
YIL090W	11592
YIL091C	14410
YIL092W	1885
YIL093C	2017
YIL094C	9213
YIL095W	3555
YIL096C	5005
YIL097W	968
YIL098C	700
YIL099W	211
YIL100C-A	3
YIL100W	14
YIL101C	500
YIL102C	1
YIL102C-A	717
YIL103W	5344
YIL104C	5185
YIL105C	3058
YIL105W-A	2
YIL106W	2522
YIL107C	3093
YIL108W	7328
YIL109C	27661
YIL110W	6083
YIL111W	3693
YIL112W	3580
YIL113W	195
YIL114C	2014
YIL115C	24312
YIL115W-A	4
YIL116W	4787
YIL117C	3383
YIL118W	8971
YIL119C	1359
YIL120W	2235
YIL121W	1950
YIL122W	1512
YIL123W	18557
YIL124W	2479
YIL125W	14762
YIL126W	17504
YIL127C	5084
YIL128W	10627
YIL129C	22985
YIL130W	12958
YIL131C	5812
YIL132C	883
YIL133C	40428
YIL134C-A	55
YIL134W	2300
YIL135C	3506
YIL136W	762
YIL137C	11329
YIL138C	7007
YIL139C	1382
YIL140W	8281
YIL141W	228
YIL142C-A	9
YIL142W	27078
YIL143C	8231
YIL144W	3630
YIL145C	8368
YIL146C	2723
YIL147C	16857
YIL148W	42300
YIL149C	12596
YIL150C	2421
YIL151C	11446
YIL152W	1147
YIL153W	1545
YIL154C	1364
YIL155C	1892
YIL156W	4373
YIL156W-A	18
YIL156W-B	1867
YIL157C	3025
YIL158W	1860
YIL159W	4797
YIL160C	47
YIL161W	1252
YIL162W	8494
YIL163C	193
YIL164C	594
YIL165C	340
YIL166C	791
YIL167W	209
YIL168W	193
YIL169C	5897
YIL170W	15
YIL171W	4
YIL171W-A	0
YIL172C	0
YIL173W	85
YIL174W	0
YIL175W	0
YIL176C	0
YIL177C	0
YIL177W-A	0
YIR001C	2073
YIR002C	5698
YIR003W	3122
YIR004W	4387
YIR005W	898
YIR006C	15704
YIR007W	1954
YIR008C	3323
YIR009W	585
YIR010W	3290
YIR011C	7622
YIR012W	21456
YIR013C	65
YIR014W	176
YIR015W	568
YIR016W	876
YIR017C	96
YIR017W-A	22
YIR018C-A	54
YIR018W	1489
YIR019C	434
YIR020C	0
YIR020C-B	16
YIR020W-A	5
YIR021W	2966
YIR021W-A	5
YIR022W	2984
YIR023C-A	25
YIR023W	8859
YIR024C	659
YIR025W	482
YIR026C	10164
YIR027C	703
YIR028W	291
YIR029W	453
YIR030C	364
YIR030W-A	75
YIR031C	1947
YIR032C	273
YIR033W	28340
YIR034C	1835
YIR035C	3980
YIR036C	2289
YIR036W-A	9
YIR037W	10140
YIR038C	3510
YIR039C	1145
YIR040C	0
YIR041W	10
YIR042C	292
YIR043C	24
YIR044C	0
YJL001W	5601
YJL002C	26476
YJL003W	762
YJL004C	2607
YJL005W	18782
YJL006C	2469
YJL007C	1
YJL008C	17565
YJL009W	13
YJL010C	13849
YJL011C	2342
YJL012C	41806
YJL013C	1529
YJL014W	23373
YJL015C	7
YJL016W	7591
YJL019W	5256
YJL020C	15638
YJL020W-A	1
YJL022W	18
YJL023C	1490
YJL024C	2065
YJL025W	5199
YJL026C-A	16
YJL026W	51872
YJL027C	31
YJL028W	10
YJL029C	9468
YJL030W	955
YJL031C	2074
YJL032W	5
YJL033W	21821
YJL034W	89528
YJL035C	2112
YJL036W	1999
YJL037W	337
YJL038C	251
YJL039C	33520
YJL041W	14177
YJL042W	9938
YJL043W	185
YJL044C	5217
YJL045W	213
YJL046W	1854
YJL047C	3330
YJL047C-A	644
YJL048C	1356
YJL049W	1412
YJL050W	30539
YJL051W	3690
YJL052C-A	3
YJL052W	60899
YJL053W	2038
YJL054W	6611
YJL055W	6609
YJL056C	3331
YJL057C	1544
YJL058C	2124
YJL059W	1011
YJL060W	3308
YJL061W	8109
YJL062W	7822
YJL062W-A	2750
YJL063C	2654
YJL064W	4
YJL065C	2199
YJL066C	2124
YJL067W	8
YJL068C	5622
YJL069C	12852
YJL070C	1930
YJL071W	2382
YJL072C	1421
YJL073W	4155
YJL074C	6370
YJL075C	1
YJL076W	24615
YJL077C	15
YJL077W-A	308
YJL077W-B	85
YJL078C	6901
YJL079C	2897
YJL080C	57107
YJL081C	5981
YJL082W	4161
YJL083W	2671
YJL084C	12217
YJL085W	3077
YJL086C	1
YJL087C	6950
YJL088W	1667
YJL089W	525
YJL090C	4872
YJL091C	4562
YJL092W	10145
YJL093C	6242
YJL094C	7413
YJL095W	8798
YJL096W	2616
YJL097W	6771
YJL098W	19251
YJL099W	2860
YJL100W	1912
YJL101C	7604
YJL102W	1277
YJL103C	1391
YJL104W	3651
YJL105W	251
YJL106W	967
YJL107C	965
YJL108C	803
YJL109C	74352
YJL110C	7860
YJL111W	16699
YJL112W	3564
YJL113W	729
YJL114W	49
YJL115W	505
YJL116C	8347
YJL117W	17100
YJL118W	890
YJL119C	691
YJL120W	40
YJL121C	8811
YJL122W	11832
YJL123C	4601
YJL124C	4404
YJL125C	5490
YJL126W	1596
YJL127C	3633
YJL127C-B	1585
YJL127W-A	2
YJL128C	8736
YJL129C	12921
YJL130C	154196
YJL131C	799
YJL132W	1323
YJL133C-A	304
YJL133W	6678
YJL134W	4639
YJL135W	70
YJL136C	31547
YJL136W-A	9
YJL137C	3159
YJL138C	12842
YJL139C	4718
YJL140W	5366
YJL141C	3056
YJL142C	150
YJL143W	4468
YJL144W	124
YJL145W	6226
YJL146W	2189
YJL147C	1170
YJL148W	6703
YJL149W	4808
YJL150W	48
YJL151C	10761
YJL152W	16
YJL153C	1496
YJL154C	12382
YJL155C	1928
YJL156C	5840
YJL156W-A	7
YJL157C	6214
YJL158C	44156
YJL159W	85821
YJL160C	152
YJL161W	364
YJL162C	2535
YJL163C	619
YJL164C	1727
YJL165C	6402
YJL166W	1156
YJL167W	20336
YJL168C	7450
YJL169W	41
YJL170C	253
YJL171C	14038
YJL172W	38591
YJL173C	4195
YJL174W	15979
YJL175W	5
YJL176C	9243
YJL177W	32301
YJL178C	6889
YJL179W	2136
YJL180C	1983
YJL181W	2267
YJL182C	5
YJL183W	11206
YJL184W	1530
YJL185C	1230
YJL186W	17730
YJL187C	8341
YJL188C	38
YJL189W	32997
YJL190C	58406
YJL191W	25960
YJL192C	13489
YJL193W	3147
YJL194W	3199
YJL195C	53
YJL196C	8854
YJL197C-A	1
YJL197W	9580
YJL198W	19784
YJL199C	301
YJL200C	10435
YJL201W	4923
YJL202C	16
YJL203W	1075
YJL204C	3678
YJL205C	938
YJL206C	2293
YJL207C	16647
YJL208C	6545
YJL209W	5886
YJL210W	1453
YJL211C	120
YJL212C	10515
YJL213W	1073
YJL214W	129
YJL215C	210
YJL216C	1088
YJL217W	11366
YJL218W	212
YJL219W	69
YJL220W	0
YJL221C	0
YJL222W	72
YJL222W-A	0
YJL222W-B	0
YJL223C	0
YJL225C	0
YJL225W-A	0
YJR001W	7312
YJR002W	12347
YJR003C	5781
YJR004C	2382
YJR005C-A	142
YJR005W	4652
YJR006W	2935
YJR007W	17822
YJR008W	843
YJR009C	84897
YJR010C-A	632
YJR010W	2100
YJR011C	668
YJR012C	1005
YJR013W	3522
YJR014W	8920
YJR015W	13021
YJR016C	20450
YJR017C	4027
YJR018W	86
YJR019C	1348
YJR020W	164
YJR021C	1013
YJR022W	485
YJR023C	128
YJR024C	6553
YJR025C	5130
YJR026W	0
YJR027W	3194
YJR028W	0
YJR029W	0
YJR030C	2569
YJR031C	10972
YJR032W	3985
YJR033C	5961
YJR034W	685
YJR035W	2942
YJR036C	926
YJR037W	0
YJR038C	6
YJR039W	2488
YJR040W	4696
YJR041C	19947
YJR042W	7752
YJR043C	2022
YJR044C	3859
YJR045C	55810
YJR046W	4541
YJR047C	2045
YJR048W	435
YJR049C	3991
YJR050W	1259
YJR051W	4096
YJR052W	3116
YJR053W	2193
YJR054W	7025
YJR055W	653
YJR056C	3714
YJR057W	2589
YJR058C	1928
YJR059W	4506
YJR060W	3808
YJR061W	2313
YJR062C	2208
YJR063W	7130
YJR064W	27036
YJR065C	11931
YJR066W	14752
YJR067C	695
YJR068W	5179
YJR069C	4873
YJR070C	21109
YJR071W	5
YJR072C	8298
YJR073C	4270
YJR074W	2757
YJR075W	12666
YJR076C	7574
YJR077C	14414
YJR078W	4673
YJR079W	131
YJR080C	3029
YJR082C	3345
YJR083C	1114
YJR084W	1810
YJR085C	4178
YJR086W	668
YJR087W	241
YJR088C	3386
YJR089W	4332
YJR090C	10266
YJR091C	11442
YJR092W	10548
YJR093C	3231
YJR094C	1021
YJR094W-A	13893
YJR095W	374
YJR096W	3714
YJR097W	2625
YJR098C	1380
YJR099W	2139
YJR100C	2129
YJR101W	3655
YJR102C	1932
YJR103W	7329
YJR104C	34749
YJR105W	39824
YJR106W	3677
YJR107W	2559
YJR108W	163
YJR109C	11986
YJR110W	2330
YJR111C	3327
YJR112W	1180
YJR112W-A	1353
YJR113C	3406
YJR114W	93
YJR115W	449
YJR116W	3662
YJR117W	18115
YJR118C	2811
YJR119C	5595
YJR120W	260
YJR121W	35723
YJR122W	1782
YJR123W	150090
YJR124C	6429
YJR125C	5005
YJR126C	8182
YJR127C	9042
YJR128W	32
YJR129C	1850
YJR130C	2444
YJR131W	2399
YJR132W	21945
YJR133W	4528
YJR134C	4521
YJR135C	962
YJR135W-A	2527
YJR136C	2331
YJR137C	8147
YJR138W	5949
YJR139C	35988
YJR140C	11113
YJR140W-A	4
YJR141W	1709
YJR142W	3385
YJR143C	40370
YJR144W	3250
YJR145C	36984
YJR146W	152
YJR147W	2494
YJR148W	14817
YJR149W	1214
YJR150C	47
YJR151C	1110
YJR151W-A	2
YJR152W	1658
YJR153W	314
YJR154W	482
YJR155W	581
YJR156C	97
YJR157W	10
YJR158W	0
YJR159W	2
YJR160C	114
YJR161C	189
YJR162C	0
YKL001C	961
YKL002W	2588
YKL003C	2196
YKL004W	16658
YKL005C	4027
YKL006C-A	1982
YKL006W	18848
YKL007W	4636
YKL008C	17700
YKL009W	19245
YKL010C	17276
YKL011C	1596
YKL012W	4311
YKL013C	4460
YKL014C	37855
YKL015W	9126
YKL016C	5318
YKL017C	2227
YKL018C-A	121
YKL018W	3372
YKL019W	5009
YKL020C	10529
YKL021C	5964
YKL022C	4154
YKL023C-A	6382
YKL023W	896
YKL024C	10362
YKL025C	4410
YKL026C	426
YKL027W	6222
YKL028W	4871
YKL029C	19535
YKL030W	29
YKL031W	81
YKL032C	5102
YKL033W	5323
YKL033W-A	9067
YKL034W	4033
YKL035W	15713
YKL036C	22
YKL037W	51
YKL038W	8808
YKL039W	10792
YKL040C	2425
YKL041W	254
YKL042W	1821
YKL043W	1626
YKL044W	176
YKL045W	2613
YKL046C	6611
YKL047W	4382
YKL048C	3432
YKL049C	1628
YKL050C	1684
YKL051W	1828
YKL052C	2221
YKL053C-A	821
YKL053W	63
YKL054C	26989
YKL055C	1209
YKL056C	84820
YKL057C	16404
YKL058W	3095
YKL059C	2092
YKL060C	540323
YKL061W	625
YKL062W	3179
YKL063C	2559
YKL064W	9798
YKL065C	7032
YKL065W-A	95
YKL066W	1073
YKL067W	3468
YKL068W	14545
YKL068W-A	3811
YKL069W	2763
YKL070W	105
YKL071W	694
YKL072W	3401
YKL073W	16643
YKL074C	4232
YKL075C	1457
YKL076C	237
YKL077W	13839
YKL078W	10976
YKL079W	4878
YKL080W	20403
YKL081W	71642
YKL082C	2824
YKL083W	250
YKL084W	3283
YKL085W	3856
YKL086W	83
YKL087C	1857
YKL088W	1841
YKL089W	1607
YKL090W	2098
YKL091C	854
YKL092C	4534
YKL093W	823
YKL094W	8405
YKL095W	1759
YKL096C-B	9
YKL096W	12548
YKL096W-A	204357
YKL097C	16
YKL098W	2517
YKL099C	5971
YKL100C	7261
YKL100W-A	0
YKL101W	23530
YKL102C	10
YKL103C	8064
YKL104C	29811
YKL105C	4808
YKL106C-A	25
YKL106W	6113
YKL107W	178
YKL108W	2015
YKL109W	2622
YKL110C	7097
YKL111C	38
YKL112W	5454
YKL113C	4340
YKL114C	4348
YKL115C	236
YKL116C	4519
YKL117W	12707
YKL118W	3
YKL119C	1684
YKL120W	4020
YKL121W	2615
YKL122C	5348
YKL123W	220
YKL124W	2015
YKL125W	11001
YKL126W	10222
YKL127W	8050
YKL128C	7169
YKL129C	6876
YKL130C	2158
YKL131W	21
YKL132C	1376
YKL133C	1143
YKL134C	3004
YKL135C	7256
YKL136W	174
YKL137W	1258
YKL138C	2082
YKL138C-A	1008
YKL139W	3104
YKL140W	4412
YKL141W	2428
YKL142W	4092
YKL143W	8954
YKL144C	3339
YKL145W	11031
YKL145W-A	0
YKL146W	5897
YKL147C	19
YKL148C	1292
YKL149C	1602
YKL150W	5752
YKL151C	3247
YKL152C	237272
YKL153W	38
YKL154W	3507
YKL155C	4094
YKL156C-A	4
YKL156W	20205
YKL157W	29450
YKL159C	788
YKL160W	4649
YKL161C	2094
YKL162C	574
YKL162C-A	159
YKL163W	579
YKL164C	24193
YKL165C	14572
YKL165C-A	64
YKL166C	3031
YKL167C	1924
YKL168C	1923
YKL169C	66
YKL170W	2016
YKL171W	2635
YKL172W	12636
YKL173W	8553
YKL174C	7461
YKL175W	15809
YKL176C	16351
YKL177W	124
YKL178C	948
YKL179C	3815
YKL180W	51615
YKL181W	28584
YKL182W	440457
YKL183C-A	14
YKL183W	2096
YKL184W	7094
YKL185W	6384
YKL186C	3285
YKL187C	1469
YKL188C	811
YKL189W	1883
YKL190W	3361
YKL191W	13357
YKL192C	11835
YKL193C	2207
YKL194C	2454
YKL195W	3633
YKL196C	9230
YKL197C	5355
YKL198C	3426
YKL201C	2640
YKL202W	338
YKL203C	17162
YKL204W	3156
YKL205W	16809
YKL206C	2240
YKL207W	10715
YKL208W	978
YKL209C	17397
YKL210W	53660
YKL211C	6938
YKL212W	18145
YKL213C	7503
YKL214C	2054
YKL215C	10135
YKL216W	22111
YKL217W	406
YKL218C	1472
YKL219W	2806
YKL220C	2110
YKL221W	236
YKL222C	2333
YKL223W	0
YKL224C	0
YKL225W	0
YKR001C	15764
YKR002W	4441
YKR003W	6519
YKR004C	1468
YKR005C	1235
YKR006C	3984
YKR007W	1027
YKR008W	4787
YKR009C	1283
YKR010C	2443
YKR011C	1066
YKR012C	36
YKR013W	43422
YKR014C	3528
YKR015C	108
YKR016W	3717
YKR017C	1380
YKR018C	10568
YKR019C	2092
YKR020W	652
YKR021W	5042
YKR022C	1892
YKR023W	1412
YKR024C	11766
YKR025W	4304
YKR026C	6723
YKR027W	4191
YKR028W	14824
YKR029C	2944
YKR030W	1941
YKR031C	13005
YKR032W	1
YKR033C	35
YKR034W	100
YKR035C	170
YKR035W-A	2397
YKR036C	3839
YKR037C	1742
YKR038C	5793
YKR039W	1259
YKR040C	20
YKR041W	270
YKR042W	45710
YKR043C	14203
YKR044W	4791
YKR045C	1127
YKR046C	5090
YKR047W	280
YKR048C	21387
YKR049C	1803
YKR050W	5856
YKR051W	2405
YKR052C	1542
YKR053C	1439
YKR054C	27907
YKR055W	979
YKR056W	14500
YKR057W	16923
YKR058W	1869
YKR059W	32789
YKR060W	4284
YKR061W	6316
YKR062W	4534
YKR063C	3928
YKR064W	3941
YKR065C	5700
YKR066C	2423
YKR067W	2633
YKR068C	4143
YKR069W	1465
YKR070W	3596
YKR071C	9083
YKR072C	9410
YKR073C	177
YKR074W	3232
YKR075C	2915
YKR075W-A	16
YKR076W	3156
YKR077W	731
YKR078W	2114
YKR079C	11208
YKR080W	6724
YKR081C	14361
YKR082W	19083
YKR083C	580
YKR084C	7483
YKR085C	2756
YKR086W	5741
YKR087C	2779
YKR088C	3498
YKR089C	4662
YKR090W	4579
YKR091W	1602
YKR092C	20324
YKR093W	16470
YKR094C	26926
YKR095W	20334
YKR095W-A	1154
YKR096W	7642
YKR097W	1179
YKR098C	3595
YKR099W	12512
YKR100C	3656
YKR101W	1332
YKR102W	1867
YKR103W	2450
YKR104W	609
YKR105C	42
YKR106W	264
YLL001W	4939
YLL002W	1297
YLL003W	3885
YLL004W	3672
YLL005C	368
YLL006W	2700
YLL006W-A	5
YLL007C	2155
YLL008W	18765
YLL009C	1849
YLL010C	5475
YLL011W	13342
YLL012W	7113
YLL013C	15408
YLL014W	3964
YLL015W	12854
YLL016W	1892
YLL017W	83
YLL018C	36995
YLL018C-A	1522
YLL019C	11646
YLL019W-A	1
YLL020C	1140
YLL021W	17599
YLL022C	3142
YLL023C	3042
YLL024C	98876
YLL025W	242
YLL026W	22814
YLL027W	2426
YLL028W	3541
YLL029W	9081
YLL030C	10
YLL031C	17764
YLL032C	3354
YLL033W	726
YLL034C	11952
YLL035W	9318
YLL036C	6140
YLL037W	102
YLL038C	2292
YLL039C	19578
YLL040C	32670
YLL041C	557
YLL042C	340
YLL043W	7479
YLL044W	6
YLL045C	83807
YLL046C	731
YLL047W	72
YLL048C	49060
YLL049W	2869
YLL050C	21780
YLL051C	13209
YLL052C	840
YLL053C	1047
YLL054C	3210
YLL055W	1071
YLL056C	615
YLL057C	322
YLL058W	3262
YLL059C	215
YLL060C	679
YLL061W	951
YLL062C	335
YLL063C	1005
YLL064C	0
YLL065W	0
YLL066C	0
YLL066W-A	0
YLL066W-B	2
YLL067C	1
YLL067W-A	0
YLR001C	5132
YLR002C	13244
YLR003C	7466
YLR004C	740
YLR005W	3784
YLR006C	3122
YLR007W	7066
YLR008C	7284
YLR009W	15759
YLR010C	358
YLR011W	587
YLR012C	19
YLR013W	4
YLR014C	5431
YLR015W	3300
YLR016C	2636
YLR017W	17489
YLR018C	6238
YLR019W	3532
YLR020C	6975
YLR021W	1736
YLR022C	5320
YLR023C	12455
YLR024C	4426
YLR025W	1374
YLR026C	4962
YLR027C	22305
YLR028C	18461
YLR029C	98421
YLR030W	771
YLR031W	601
YLR032W	5313
YLR033W	4593
YLR034C	13378
YLR035C	1998
YLR035C-A	44
YLR036C	1275
YLR037C	145
YLR038C	1083
YLR039C	4181
YLR040C	2635
YLR041W	96
YLR042C	754
YLR043C	9638
YLR044C	632891
YLR045C	6215
YLR046C	3009
YLR047C	6379
YLR048W	127322
YLR049C	1570
YLR050C	2359
YLR051C	5244
YLR052W	4727
YLR053C	37
YLR054C	469
YLR055C	3068
YLR056W	32771
YLR057W	8385
YLR058C	25530
YLR059C	7330
YLR060W	38454
YLR061W	49619
YLR062C	25
YLR063W	3831
YLR064W	5661
YLR065C	2497
YLR066W	3753
YLR067C	5215
YLR068W	1152
YLR069C	5483
YLR070C	209
YLR071C	10184
YLR072W	3527
YLR073C	6693
YLR074C	6542
YLR075W	145843
YLR076C	22
YLR077W	5903
YLR078C	3321
YLR079W	3137
YLR080W	500
YLR081W	56
YLR082C	1072
YLR083C	25567
YLR084C	15933
YLR085C	2879
YLR086W	8777
YLR087C	18735
YLR088W	6989
YLR089C	11058
YLR090W	5044
YLR091W	1346
YLR092W	936
YLR093C	3305
YLR094C	5414
YLR095C	5290
YLR096W	13035
YLR097C	2525
YLR098C	2957
YLR099C	6271
YLR099W-A	2130
YLR100W	13394
YLR101C	143
YLR102C	457
YLR103C	3365
YLR104W	3706
YLR105C	3237
YLR106C	109302
YLR107W	6420
YLR108C	1341
YLR109W	54188
YLR110C	341012
YLR111W	17
YLR112W	398
YLR113W	15426
YLR114C	2923
YLR115W	4968
YLR116W	5332
YLR117C	3801
YLR118C	3205
YLR119W	522
YLR120C	17313
YLR120W-A	33
YLR121C	9314
YLR122C	66
YLR123C	124
YLR124W	29
YLR125W	450
YLR126C	1856
YLR127C	3352
YLR128W	968
YLR129W	24886
YLR130C	8606
YLR131C	3388
YLR132C	883
YLR133W	2879
YLR134W	1882
YLR135W	2056
YLR136C	8912
YLR137W	2054
YLR138W	17243
YLR139C	2320
YLR140W	12
YLR141W	883
YLR142W	381
YLR143W	4825
YLR144C	7235
YLR145W	1050
YLR146C	3904
YLR146W-A	866
YLR147C	1853
YLR148W	3811
YLR149C	681
YLR149C-A	1
YLR150W	70154
YLR151C	398
YLR152C	1664
YLR153C	25240
YLR154C	2162
YLR154C-G	0
YLR154C-H	0
YLR154W-A	0
YLR154W-B	0
YLR154W-C	0
YLR154W-E	0
YLR154W-F	0
YLR155C	0
YLR156C-A	0
YLR156W	0
YLR157C	0
YLR157C-A	0
YLR157C-B	8
YLR157C-C	0
YLR157W-D	0
YLR157W-E	0
YLR158C	0
YLR159C-A	0
YLR159W	0
YLR160C	0
YLR161W	0
YLR162W	49
YLR162W-A	84
YLR163C	5125
YLR163W-A	2
YLR164W	435
YLR165C	1065
YLR166C	7094
YLR167W	122960
YLR168C	1638
YLR169W	7
YLR170C	864
YLR171W	19
YLR172C	11130
YLR173W	2613
YLR174W	846
YLR175W	24954
YLR176C	2303
YLR177W	2299
YLR178C	3796
YLR179C	9836
YLR180W	17393
YLR181C	2016
YLR182W	4119
YLR183C	4019
YLR184W	2
YLR185W	20624
YLR186W	13386
YLR187W	6079
YLR188W	7221
YLR189C	5995
YLR190W	11499
YLR191W	1807
YLR192C	11579
YLR193C	1092
YLR194C	5149
YLR195C	7364
YLR196W	21677
YLR197W	43888
YLR198C	1296
YLR199C	2977
YLR200W	1658
YLR201C	3329
YLR202C	496
YLR203C	9008
YLR204W	1917
YLR205C	1150
YLR206W	6875
YLR207W	7330
YLR208W	12631
YLR209C	4201
YLR210W	1983
YLR211C	561
YLR212C	3204
YLR213C	1218
YLR214W	47176
YLR215C	2596
YLR216C	19840
YLR217W	42
YLR218C	296
YLR219W	4627
YLR220W	2248
YLR221C	6325
YLR222C	21877
YLR222C-A	256
YLR223C	18522
YLR224W	9940
YLR225C	4329
YLR226W	4474
YLR227C	1747
YLR227W-A	0
YLR227W-B	6189
YLR228C	3179
YLR229C	9113
YLR230W	3
YLR231C	6436
YLR232W	8
YLR233C	1513
YLR234W	1145
YLR235C	21
YLR236C	22
YLR237W	8677
YLR238W	1989
YLR239C	1253
YLR240W	4306
YLR241W	8251
YLR242C	1912
YLR243W	4541
YLR244C	27277
YLR245C	1214
YLR246W	1708
YLR247C	10343
YLR248W	13399
YLR249W	626851
YLR250W	5606
YLR251W	713
YLR252W	301
YLR253W	4349
YLR254C	1280
YLR255C	48
YLR256W	25552
YLR256W-A	182
YLR257W	9857
YLR258W	4894
YLR259C	70383
YLR260W	2990
YLR261C	380
YLR262C	1016
YLR262C-A	3857
YLR263W	2150
YLR264C-A	2
YLR264W	8931
YLR265C	2395
YLR266C	2957
YLR267W	923
YLR268W	5748
YLR269C	1
YLR270W	5274
YLR271W	505
YLR272C	10084
YLR273C	1612
YLR274W	6316
YLR275W	1443
YLR276C	16781
YLR277C	4784
YLR278C	8641
YLR279W	25
YLR280C	17
YLR281C	10
YLR282C	3
YLR283W	1258
YLR284C	705
YLR285C-A	1733
YLR285W	4278
YLR286C	110969
YLR286W-A	64
YLR287C	6559
YLR287C-A	33986
YLR288C	1911
YLR289W	1874
YLR290C	1824
YLR291C	10753
YLR292C	5953
YLR293C	44988
YLR294C	2705
YLR295C	4093
YLR296W	23
YLR297W	779
YLR298C	1651
YLR299C-A	9
YLR299W	3158
YLR300W	90784
YLR301W	11091
YLR302C	11
YLR303W	4330
YLR304C	8314
YLR305C	27561
YLR306W	754
YLR307C-A	144
YLR307W	357
YLR308W	23
YLR309C	4679
YLR310C	16301
YLR311C	42
YLR312C	348
YLR312W-A	2510
YLR313C	1282
YLR314C	8641
YLR315W	427
YLR316C	1865
YLR317W	619
YLR318W	3257
YLR319C	3569
YLR320W	5510
YLR321C	3688
YLR322W	17
YLR323C	1657
YLR324W	2775
YLR325C	36617
YLR326W	1414
YLR327C	189
YLR328W	4095
YLR329W	315
YLR330W	10419
YLR331C	5
YLR332W	11407
YLR333C	22669
YLR334C	9
YLR335W	13621
YLR336C	9997
YLR337C	1734
YLR338W	2
YLR339C	6
YLR340W	83612
YLR341W	229
YLR342W	230643
YLR342W-A	1185
YLR343W	2314
YLR344W	42095
YLR345W	1949
YLR346C	262
YLR347C	25976
YLR347W-A	13
YLR348C	3903
YLR349W	19
YLR350W	5518
YLR351C	7657
YLR352W	4743
YLR353W	4127
YLR354C	37312
YLR355C	70207
YLR356W	1592
YLR357W	7545
YLR358C	7
YLR359W	15204
YLR360W	2387
YLR361C	4752
YLR361C-A	454
YLR362W	3147
YLR363C	1569
YLR363W-A	3520
YLR364C-A	5
YLR364W	848
YLR365W	69
YLR366W	35
YLR367W	15597
YLR368W	5345
YLR369W	3699
YLR370C	3983
YLR371W	13189
YLR372W	35890
YLR373C	6409
YLR374C	101
YLR375W	6939
YLR376C	886
YLR377C	176
YLR378C	24799
YLR379W	0
YLR380W	12214
YLR381W	2901
YLR382C	3671
YLR383W	4254
YLR384C	35749
YLR385C	848
YLR386W	6371
YLR387C	4080
YLR388W	20748
YLR389C	17582
YLR390W	1457
YLR390W-A	31774
YLR392C	1875
YLR393W	1856
YLR394W	2681
YLR395C	2143
YLR396C	3875
YLR397C	9691
YLR398C	10321
YLR399C	10254
YLR399W-A	1
YLR400W	33
YLR401C	16521
YLR402W	713
YLR403W	10989
YLR404W	1626
YLR405W	3257
YLR406C	20981
YLR406C-A	72
YLR407W	10360
YLR408C	269
YLR409C	28962
YLR410W	27408
YLR410W-A	0
YLR410W-B	2459
YLR411W	811
YLR412C-A	19
YLR412W	3174
YLR413W	77091
YLR414C	3712
YLR415C	20
YLR416C	3
YLR417W	1638
YLR418C	2922
YLR419W	14219
YLR420W	7381
YLR421C	3890
YLR422W	10458
YLR423C	661
YLR424W	1706
YLR425W	3712
YLR426W	1850
YLR427W	4299
YLR428C	12
YLR429W	12518
YLR430W	34568
YLR431C	2184
YLR432W	45987
YLR433C	5025
YLR434C	34
YLR435W	4772
YLR436C	11846
YLR437C	2602
YLR437C-A	22
YLR438C-A	1567
YLR438W	3157
YLR439W	1721
YLR440C	4630
YLR441C	76724
YLR442C	4012
YLR443W	6614
YLR444C	16
YLR445W	49
YLR446W	1374
YLR447C	21185
YLR448W	60556
YLR449W	18889
YLR450W	19675
YLR451W	5965
YLR452C	9318
YLR453C	1227
YLR454W	21254
YLR455W	3351
YLR456W	495
YLR457C	701
YLR458W	1
YLR459W	6646
YLR460C	251
YLR461W	11
YLR462W	17
YLR463C	4
YLR464W	0
YLR465C	7
YLR466C-A	0
YLR466C-B	31
YLR466W	8
YLR467C-A	0
YLR467W	0
YML001W	4995
YML002W	3347
YML003W	1172
YML004C	6050
YML005W	3260
YML006C	6173
YML007C-A	43
YML007W	13140
YML008C	16190
YML009C	1988
YML009C-A	5
YML009W-B	345
YML010W	10613
YML011C	1286
YML012C-A	82
YML012W	15731
YML013W	3792
YML014W	3164
YML015C	2222
YML016C	12083
YML017W	8901
YML018C	15109
YML019W	3856
YML020W	1999
YML021C	2876
YML022W	18667
YML023C	5347
YML024W	53411
YML025C	3381
YML026C	44728
YML027W	4951
YML028W	72459
YML029W	5981
YML030W	1117
YML031C-A	0
YML031W	11456
YML032C	4840
YML034C-A	8
YML034W	5775
YML035C	23080
YML036W	1321
YML037C	1205
YML038C	9447
YML039W	5
YML040W	0
YML041C	1671
YML042W	1593
YML043C	6653
YML045W	0
YML045W-A	0
YML046W	5265
YML047C	30
YML047W-A	11
YML048W	19362
YML049C	10656
YML050W	699
YML051W	11374
YML052W	9552
YML053C	1084
YML054C	713
YML054C-A	0
YML055W	4559
YML056C	48955
YML057C-A	16
YML057W	3826
YML058W	14561
YML058W-A	788
YML059C	22880
YML060W	2185
YML061C	4643
YML062C	1021
YML063W	127749
YML064C	2301
YML065W	4551
YML066C	258
YML067C	6098
YML068W	1699
YML069W	5824
YML070W	16789
YML071C	2162
YML072C	74401
YML073C	49444
YML074C	12040
YML075C	12839
YML076C	4664
YML077W	2999
YML078W	6740
YML079W	2971
YML080W	7237
YML081C-A	3361
YML081W	19288
YML082W	6109
YML083C	35
YML084W	6
YML085C	22832
YML086C	7162
YML087C	331
YML088W	5267
YML089C	14
YML090W	1
YML091C	2846
YML092C	6249
YML093W	14946
YML094C-A	58
YML094W	2797
YML095C	726
YML096W	4389
YML097C	3993
YML098W	864
YML099C	6967
YML099W-A	6
YML100W	8994
YML100W-A	18
YML101C	921
YML101C-A	62
YML102W	1921
YML103C	32210
YML104C	7704
YML105C	4880
YML106W	18106
YML107C	1173
YML108W	3210
YML109W	3868
YML110C	9256
YML111W	8626
YML112W	1805
YML113W	4379
YML114C	4688
YML115C	7854
YML116W	2858
YML116W-A	760
YML117W	14266
YML118W	932
YML119W	2384
YML120C	1093
YML121W	4452
YML122C	163
YML123C	239490
YML124C	15934
YML125C	12697
YML126C	33941
YML127W	7200
YML128C	3579
YML129C	962
YML130C	27106
YML131W	1836
YML132W	0
YML133C	31
YML133W-A	0
YML133W-B	0
YMR001C	7550
YMR001C-A	68
YMR002W	12010
YMR003W	902
YMR004W	2909
YMR005W	5355
YMR006C	15920
YMR007W	57
YMR008C	12885
YMR009W	1693
YMR010W	11678
YMR011W	62634
YMR012W	57367
YMR013C	3893
YMR013C-A	0
YMR013W-A	0
YMR014W	4883
YMR015C	6517
YMR016C	5408
YMR017W	119
YMR018W	663
YMR019W	4261
YMR020W	2690
YMR021C	2167
YMR022W	3933
YMR023C	1655
YMR024W	5430
YMR025W	354
YMR026C	3184
YMR027W	7682
YMR028W	2115
YMR029C	2414
YMR030W	858
YMR030W-A	44
YMR031C	3838
YMR031W-A	4
YMR032W	2458
YMR033W	6722
YMR034C	1447
YMR035W	1311
YMR036C	2486
YMR037C	6724
YMR038C	7616
YMR039C	3107
YMR040W	434
YMR041C	1256
YMR042W	1434
YMR043W	6076
YMR044W	2535
YMR045C	4113
YMR046C	0
YMR046W-A	0
YMR047C	10633
YMR048W	1222
YMR049C	31877
YMR050C	0
YMR051C	0
YMR052C-A	42
YMR052W	716
YMR053C	685
YMR054W	12395
YMR055C	1563
YMR056C	402
YMR057C	10
YMR058W	152842
YMR059W	864
YMR060C	1397
YMR061W	6061
YMR062C	4204
YMR063W	871
YMR064W	4650
YMR065W	1122
YMR066W	3163
YMR067C	3818
YMR068W	1003
YMR069W	465
YMR070W	1802
YMR071C	4444
YMR072W	8311
YMR073C	2141
YMR074C	4862
YMR075C-A	138
YMR075W	3942
YMR076C	7360
YMR077C	1139
YMR078C	3433
YMR079W	18744
YMR080C	26866
YMR081C	181
YMR082C	9
YMR083W	34517
YMR084W	220
YMR085W	493
YMR086C-A	110
YMR086W	7802
YMR087W	1221
YMR088C	6666
YMR089C	9847
YMR090W	1649
YMR091C	3248
YMR092C	13591
YMR093W	17497
YMR094W	1517
YMR095C	148
YMR096W	1553
YMR097C	1617
YMR098C	3229
YMR099C	14701
YMR100W	6401
YMR101C	238
YMR102C	3107
YMR103C	462
YMR104C	2388
YMR105C	3541
YMR105W-A	6
YMR106C	1622
YMR107W	84
YMR108W	33608
YMR109W	12213
YMR110C	3586
YMR111C	1872
YMR112C	1559
YMR113W	2486
YMR114C	1271
YMR115W	3171
YMR116C	142406
YMR117C	1044
YMR118C	103
YMR119W	4114
YMR119W-A	249
YMR120C	9417
YMR121C	2838
YMR122C	15
YMR122W-A	25571
YMR123W	4527
YMR124W	7431
YMR125W	16355
YMR126C	2029
YMR127C	2932
YMR128W	20627
YMR129W	23233
YMR130W	2474
YMR131C	36031
YMR132C	1068
YMR133W	34
YMR134W	879
YMR135C	1151
YMR135W-A	0
YMR136W	1057
YMR137C	1054
YMR138W	539
YMR139W	1752
YMR140W	2180
YMR141C	68
YMR141W-A	2
YMR142C	61477
YMR143W	39358
YMR144W	1442
YMR145C	17087
YMR146C	25104
YMR147W	2460
YMR148W	3265
YMR149W	11066
YMR150C	2566
YMR151W	128
YMR152W	4136
YMR153C-A	203
YMR153W	4176
YMR154C	1084
YMR155W	1941
YMR156C	910
YMR157C	1883
YMR158C-A	101
YMR158W	1511
YMR158W-B	2
YMR159C	188
YMR160W	1486
YMR161W	3590
YMR162C	11493
YMR163C	2206
YMR164C	2697
YMR165C	4030
YMR166C	1981
YMR167W	3161
YMR168C	1690
YMR169C	647
YMR170C	1993
YMR171C	5643
YMR172C-A	2
YMR172W	3543
YMR173W	4768
YMR173W-A	791
YMR174C	412
YMR175W	109
YMR175W-A	31
YMR176W	10178
YMR177W	2871
YMR178W	2584
YMR179W	2570
YMR180C	2873
YMR181C	4956
YMR182C	2637
YMR182W-A	87
YMR183C	5449
YMR184W	2613
YMR185W	7984
YMR186W	158715
YMR187C	1813
YMR188C	2131
YMR189W	11359
YMR190C	9079
YMR191W	7995
YMR192W	3112
YMR193C-A	3
YMR193W	1569
YMR194C-A	143
YMR194C-B	246
YMR194W	7234
YMR195W	1600
YMR196W	9576
YMR197C	2290
YMR198W	2043
YMR199W	4102
YMR200W	9422
YMR201C	1197
YMR202W	20334
YMR203W	17835
YMR204C	686
YMR205C	86587
YMR206W	48
YMR207C	6006
YMR208W	3353
YMR209C	3822
YMR210W	1231
YMR211W	2329
YMR212C	14246
YMR213W	2323
YMR214W	5102
YMR215W	17961
YMR216C	17111
YMR217W	67426
YMR218C	4593
YMR219W	5856
YMR220W	6021
YMR221C	7582
YMR222C	1722
YMR223W	5407
YMR224C	2286
YMR225C	1698
YMR226C	13673
YMR227C	932
YMR228W	1294
YMR229C	96642
YMR230W	38593
YMR230W-A	169
YMR231W	6741
YMR232W	1459
YMR233W	1127
YMR234W	2963
YMR235C	14630
YMR236W	3396
YMR237W	11260
YMR238W	9576
YMR239C	4934
YMR240C	1260
YMR241W	15570
YMR242C	57965
YMR242W-A	7
YMR243C	32069
YMR244C-A	1794
YMR244W	710
YMR245W	158
YMR246W	142017
YMR247C	17160
YMR247W-A	1
YMR250W	4019
YMR251W	318
YMR251W-A	6213
YMR252C	1336
YMR253C	1095
YMR254C	9
YMR255W	2308
YMR256C	1158
YMR257C	3084
YMR258C	4239
YMR259C	21915
YMR260C	17320
YMR261C	9833
YMR262W	877
YMR263W	1095
YMR264W	7234
YMR265C	2791
YMR266W	22670
YMR267W	3644
YMR268C	2014
YMR269W	104
YMR270C	4265
YMR271C	1055
YMR272C	3999
YMR272W-A	2
YMR272W-B	2
YMR273C	4623
YMR274C	1455
YMR275C	8465
YMR276W	3826
YMR277W	10092
YMR278W	5230
YMR279C	82
YMR280C	1162
YMR281W	1937
YMR282C	2553
YMR283C	2276
YMR284W	1765
YMR285C	4529
YMR286W	1874
YMR287C	4641
YMR288W	4707
YMR289W	3856
YMR290C	30990
YMR290W-A	10
YMR291W	8186
YMR292W	3456
YMR293C	940
YMR294W	1235
YMR294W-A	23
YMR295C	15368
YMR296C	11223
YMR297W	60815
YMR298W	4281
YMR299C	1961
YMR300C	10582
YMR301C	4114
YMR302C	4240
YMR303C	780
YMR304C-A	4802
YMR304W	9001
YMR305C	56075
YMR306C-A	88
YMR306W	1341
YMR307C-A	4
YMR307W	162159
YMR308C	48441
YMR309C	58397
YMR310C	7649
YMR311C	2178
YMR312W	3101
YMR313C	5473
YMR314W	6571
YMR315W	7099
YMR315W-A	38
YMR316C-A	40
YMR316C-B	239
YMR316W	1783
YMR317W	1119
YMR318C	27789
YMR319C	31707
YMR320W	1261
YMR321C	6
YMR322C	3
YMR323W	0
YMR324C	0
YMR325W	1
YMR326C	0
YNL001W	4799
YNL002C	15855
YNL003C	2485
YNL004W	6364
YNL005C	4443
YNL006W	2850
YNL007C	4889
YNL008C	3240
YNL009W	531
YNL010W	16013
YNL011C	1440
YNL012W	673
YNL013C	1
YNL014W	1520
YNL015W	5292
YNL016W	23443
YNL017C	6
YNL018C	49
YNL019C	1
YNL020C	2826
YNL021W	6623
YNL022C	6779
YNL023C	9863
YNL024C	1876
YNL024C-A	3224
YNL025C	1656
YNL026W	3060
YNL027W	4540
YNL028W	12
YNL029C	3265
YNL030W	13884
YNL031C	25482
YNL032W	3432
YNL033W	11
YNL034W	15
YNL035C	4072
YNL036W	2853
YNL037C	9246
YNL038W	2500
YNL039W	3670
YNL040W	5343
YNL041C	4566
YNL042W	2002
YNL042W-B	99
YNL043C	101
YNL044W	8195
YNL045W	10173
YNL046W	1760
YNL047C	3071
YNL048W	4661
YNL049C	12012
YNL050C	2985
YNL051W	1615
YNL052W	2421
YNL053W	5248
YNL054W	7006
YNL054W-A	0
YNL054W-B	5202
YNL055C	58201
YNL056W	2366
YNL057W	185
YNL058C	3900
YNL059C	6537
YNL061W	26682
YNL062C	12695
YNL063W	1487
YNL064C	22340
YNL065W	45953
YNL066W	44983
YNL067W	25889
YNL067W-A	2
YNL067W-B	35
YNL068C	10697
YNL069C	73555
YNL070W	5744
YNL071W	22697
YNL072W	1824
YNL073W	4212
YNL074C	7719
YNL075W	8342
YNL076W	5350
YNL077W	1038
YNL078W	5697
YNL079C	20230
YNL080C	6421
YNL081C	2081
YNL082W	2146
YNL083W	1319
YNL084C	4158
YNL085W	30356
YNL086W	751
YNL087W	31506
YNL088W	24573
YNL089C	80
YNL090W	3024
YNL091W	12651
YNL092W	340
YNL093W	170
YNL094W	7546
YNL095C	5528
YNL096C	29011
YNL097C	1336
YNL097C-B	33
YNL097W-A	42
YNL098C	5513
YNL099C	2203
YNL100W	1802
YNL101W	10037
YNL102W	11797
YNL103W	10223
YNL103W-A	4
YNL104C	21590
YNL105W	4
YNL106C	5279
YNL107W	1263
YNL108C	3898
YNL109W	159
YNL110C	9506
YNL111C	3765
YNL112W	57040
YNL113W	8717
YNL114C	400
YNL115C	3186
YNL116W	2070
YNL117W	182
YNL118C	9789
YNL119W	5763
YNL120C	12
YNL121C	17255
YNL122C	1230
YNL123W	28168
YNL124W	13616
YNL125C	6635
YNL126W	4134
YNL127W	4615
YNL128W	429
YNL129W	1129
YNL130C	12915
YNL130C-A	59
YNL131W	10399
YNL132W	31313
YNL133C	673
YNL134C	7230
YNL135C	20200
YNL136W	705
YNL137C	6513
YNL138W	8841
YNL138W-A	578
YNL139C	13084
YNL140C	185
YNL141W	27631
YNL142W	1215
YNL143C	350
YNL144C	1671
YNL144W-A	3
YNL145W	3297
YNL146C-A	152
YNL146W	167
YNL147W	2480
YNL148C	756
YNL149C	5492
YNL150W	20
YNL151C	2557
YNL152W	2392
YNL153C	4440
YNL154C	11598
YNL155W	4278
YNL156C	4152
YNL157W	4556
YNL158W	2369
YNL159C	1535
YNL160W	23362
YNL161W	7092
YNL162W	21480
YNL162W-A	891
YNL163C	21518
YNL164C	2416
YNL165W	2375
YNL166C	4353
YNL167C	6124
YNL168C	4034
YNL169C	4309
YNL170W	531
YNL171C	9
YNL172W	6742
YNL173C	1539
YNL174W	12
YNL175C	13369
YNL176C	6626
YNL177C	3415
YNL178W	99739
YNL179C	308
YNL180C	2494
YNL181W	4226
YNL182C	19195
YNL183C	5240
YNL184C	201
YNL185C	3159
YNL186W	25048
YNL187W	2585
YNL188W	2656
YNL189W	24948
YNL190W	31298
YNL191W	4862
YNL192W	9707
YNL193W	2957
YNL194C	267
YNL195C	427
YNL196C	111
YNL197C	11930
YNL198C	145
YNL199C	5670
YNL200C	1277
YNL201C	20377
YNL202W	586
YNL203C	792
YNL204C	980
YNL205C	171
YNL206C	4569
YNL207W	9546
YNL208W	24155
YNL209W	121072
YNL210W	56
YNL211C	834
YNL212W	6522
YNL213C	3210
YNL214W	786
YNL215W	319
YNL216W	14832
YNL217W	9162
YNL218W	2186
YNL219C	14778
YNL220W	15111
YNL221C	11238
YNL222W	1433
YNL223W	859
YNL224C	4111
YNL225C	2327
YNL226W	27
YNL227C	3817
YNL228W	60
YNL229C	2845
YNL230C	2042
YNL231C	4890
YNL232W	7835
YNL233W	7408
YNL234W	4146
YNL235C	53
YNL236W	7929
YNL237W	1316
YNL238W	16142
YNL239W	12970
YNL240C	3064
YNL241C	6295
YNL242W	6923
YNL243W	13359
YNL244C	26831
YNL245C	1363
YNL246W	3066
YNL247W	20524
YNL248C	22616
YNL249C	1423
YNL250W	4608
YNL251C	19366
YNL252C	2440
YNL253W	2087
YNL254C	2355
YNL255C	16057
YNL256W	13321
YNL257C	6243
YNL258C	4564
YNL259C	1089
YNL260C	1702
YNL261W	5033
YNL262W	16198
YNL263C	7997
YNL264C	3368
YNL265C	1620
YNL266W	35
YNL267W	9301
YNL268W	17337
YNL269W	61
YNL270C	763
YNL271C	17687
YNL272C	4435
YNL273W	4655
YNL274C	1490
YNL275W	5026
YNL276C	253
YNL277W	477
YNL277W-A	156
YNL278W	3429
YNL279W	269
YNL280C	8473
YNL281W	12747
YNL282W	1206
YNL283C	10859
YNL284C	3581
YNL284C-A	0
YNL284C-B	1629
YNL285W	12
YNL286W	1355
YNL287W	30919
YNL288W	5944
YNL289W	5150
YNL290W	3495
YNL291C	7810
YNL292W	4258
YNL293W	1718
YNL294C	6692
YNL295W	2497
YNL296W	5
YNL297C	14841
YNL298W	7533
YNL299W	5032
YNL300W	1363
YNL301C	13898
YNL302C	30391
YNL303W	338
YNL304W	1077
YNL305C	2200
YNL306W	3985
YNL307C	11357
YNL308C	6903
YNL309W	1816
YNL310C	1481
YNL311C	3137
YNL312W	4005
YNL313C	20454
YNL314W	1310
YNL315C	3198
YNL316C	2229
YNL317W	2953
YNL318C	69
YNL319W	145
YNL320W	2596
YNL321W	5553
YNL322C	7105
YNL323W	4907
YNL324W	14
YNL325C	2428
YNL326C	2918
YNL327W	42217
YNL328C	424
YNL329C	7167
YNL330C	4125
YNL331C	1041
YNL332W	102
YNL333W	231
YNL334C	146
YNL335W	1
YNL336W	308
YNL337W	0
YNL338W	4
YNL339C	0
YNL339W-A	0
YNL339W-B	0
YNR001C	4494
YNR001W-A	3
YNR002C	167
YNR003C	6396
YNR003W-A	3
YNR004W	840
YNR005C	1
YNR006W	3600
YNR007C	715
YNR008W	4298
YNR009W	2489
YNR010W	596
YNR011C	3686
YNR012W	6715
YNR013C	11936
YNR014W	983
YNR015W	5135
YNR016C	190990
YNR017W	5129
YNR018W	10930
YNR019W	8179
YNR020C	1046
YNR021W	16610
YNR022C	2015
YNR023W	2840
YNR024W	1588
YNR025C	251
YNR026C	5054
YNR027W	2875
YNR028W	3242
YNR029C	3049
YNR030W	13718
YNR031C	7875
YNR032C-A	719
YNR032W	2653
YNR033W	6175
YNR034W	497
YNR034W-A	553
YNR035C	9151
YNR036C	4134
YNR037C	1784
YNR038W	16347
YNR039C	5837
YNR040W	1783
YNR041C	1954
YNR042W	28
YNR043W	12828
YNR044W	3174
YNR045W	1610
YNR046W	8908
YNR047W	9943
YNR048W	2417
YNR049C	1717
YNR050C	6431
YNR051C	11485
YNR052C	7859
YNR053C	30126
YNR054C	3888
YNR055C	8404
YNR056C	190
YNR057C	720
YNR058W	822
YNR059W	1904
YNR060W	3130
YNR061C	3802
YNR062C	88
YNR063W	1916
YNR064C	246
YNR065C	3601
YNR066C	1083
YNR067C	24313
YNR068C	804
YNR069C	1296
YNR070W	371
YNR071C	251
YNR072W	35
YNR073C	110
YNR074C	3001
YNR075C-A	0
YNR075W	3537
YNR076W	0
YNR077C	0
YOL001W	3291
YOL002C	16183
YOL003C	3092
YOL004W	23642
YOL005C	4141
YOL006C	9213
YOL007C	8776
YOL008W	1163
YOL009C	1120
YOL010W	12232
YOL011W	11885
YOL012C	3185
YOL013C	5314
YOL013W-A	580
YOL013W-B	5
YOL014W	400
YOL015W	773
YOL016C	2194
YOL017W	1307
YOL018C	2015
YOL019W	9543
YOL019W-A	15
YOL020W	11258
YOL021C	23738
YOL022C	9719
YOL023W	2016
YOL024W	180
YOL025W	2394
YOL026C	1641
YOL027C	10514
YOL028C	2302
YOL029C	1890
YOL030W	27905
YOL031C	6117
YOL032W	496
YOL033W	1940
YOL034W	3569
YOL035C	24
YOL036W	13683
YOL037C	1
YOL038C-A	445
YOL038W	9491
YOL039W	44592
YOL040C	112937
YOL041C	15742
YOL042W	2306
YOL043C	1140
YOL044W	923
YOL045W	14169
YOL046C	0
YOL047C	1650
YOL048C	1282
YOL049W	7823
YOL050C	3
YOL051W	10690
YOL052C	5505
YOL052C-A	558
YOL053W	1057
YOL054W	1884
YOL055C	4012
YOL056W	1709
YOL057W	8851
YOL058W	8310
YOL059W	10002
YOL060C	5431
YOL061W	19596
YOL062C	5591
YOL063C	6583
YOL064C	5064
YOL065C	888
YOL066C	4316
YOL067C	1773
YOL068C	6713
YOL069W	2465
YOL070C	5225
YOL071W	971
YOL072W	2356
YOL073C	1949
YOL075C	5870
YOL076W	7838
YOL077C	16867
YOL077W-A	3759
YOL078W	4471
YOL079W	16
YOL080C	5600
YOL081W	52622
YOL082W	5385
YOL083C-A	8
YOL083W	1147
YOL084W	433
YOL085C	8
YOL085W-A	123
YOL086C	408673
YOL086W-A	1964
YOL087C	5593
YOL088C	4023
YOL089C	5323
YOL090W	8309
YOL091W	791
YOL092W	11125
YOL093W	2407
YOL094C	3212
YOL095C	2134
YOL096C	822
YOL097C	16654
YOL097W-A	301
YOL098C	17681
YOL099C	149
YOL100W	7055
YOL101C	14935
YOL102C	1373
YOL103W	11129
YOL103W-A	0
YOL103W-B	164
YOL104C	3386
YOL105C	4188
YOL106W	91
YOL107W	1298
YOL108C	363
YOL109W	20919
YOL110W	383
YOL111C	2715
YOL112W	3478
YOL113W	3032
YOL114C	293
YOL115W	5130
YOL116W	2404
YOL117W	1383
YOL118C	68
YOL119C	1096
YOL120C	70339
YOL121C	28532
YOL122C	4872
YOL123W	23231
YOL124C	14809
YOL125W	7006
YOL126C	3096
YOL127W	69659
YOL128C	3881
YOL129W	6591
YOL130W	20315
YOL131W	45
YOL132W	808
YOL133W	2053
YOL134C	22
YOL135C	1045
YOL136C	11003
YOL137W	4063
YOL138C	5138
YOL139C	29971
YOL140W	6158
YOL141W	4458
YOL142W	6643
YOL143C	4171
YOL144W	3402
YOL145C	11773
YOL146W	1488
YOL147C	1195
YOL148C	2788
YOL149W	1899
YOL150C	164
YOL151W	2076
YOL152W	5469
YOL153C	315
YOL154W	1432
YOL155C	6746
YOL155W-A	0
YOL156W	41
YOL157C	271
YOL158C	15289
YOL159C	1191
YOL159C-A	395
YOL160W	178
YOL161C	1
YOL162W	158
YOL163W	176
YOL164W	1551
YOL164W-A	3
YOL165C	11
YOL166C	1
YOL166W-A	0
YOR001W	13788
YOR002W	11729
YOR003W	1283
YOR004W	5339
YOR005C	2457
YOR006C	3728
YOR007C	25001
YOR008C	8601
YOR008C-A	39
YOR008W-B	290
YOR009W	1241
YOR010C	337
YOR011W	7039
YOR011W-A	1
YOR012W	417
YOR013W	485
YOR014W	16394
YOR015W	2074
YOR016C	4727
YOR017W	5283
YOR018W	3114
YOR019W	765
YOR020C	18495
YOR020W-A	1478
YOR021C	8929
YOR022C	2221
YOR023C	4940
YOR024W	12
YOR025W	3896
YOR026W	2578
YOR027W	15368
YOR028C	715
YOR029W	1
YOR030W	5624
YOR031W	492
YOR032C	207
YOR032W-A	94
YOR033C	5604
YOR034C	8950
YOR034C-A	361
YOR035C	3571
YOR036W	568
YOR037W	1583
YOR038C	3555
YOR039W	6650
YOR040W	1471
YOR041C	56
YOR042W	5182
YOR043W	8611
YOR044W	1656
YOR045W	2202
YOR046C	16257
YOR047C	4409
YOR048C	16294
YOR049C	468
YOR050C	57
YOR051C	11723
YOR052C	5393
YOR053W	43
YOR054C	1622
YOR055W	4
YOR056C	12933
YOR057W	4899
YOR058C	5086
YOR059C	2772
YOR060C	1720
YOR061W	9191
YOR062C	777
YOR063W	166103
YOR064C	1224
YOR065W	515
YOR066W	3970
YOR067C	6347
YOR068C	16
YOR069W	4056
YOR070C	3894
YOR071C	5171
YOR072W	43
YOR072W-A	76
YOR072W-B	13
YOR073W	3155
YOR073W-A	7
YOR074C	2069
YOR075W	1658
YOR076C	3006
YOR077W	1237
YOR078W	6431
YOR079C	2589
YOR080W	2986
YOR081C	6244
YOR082C	17
YOR083W	279
YOR084W	416
YOR085W	18474
YOR086C	22500
YOR087W	3370
YOR089C	3398
YOR090C	5431
YOR091W	8983
YOR092W	9492
YOR093C	7056
YOR094W	1720
YOR095C	9229
YOR096W	52466
YOR097C	1306
YOR098C	20967
YOR099W	24777
YOR100C	301
YOR101W	9215
YOR102W	269
YOR103C	4590
YOR104W	1754
YOR105W	288
YOR106W	2286
YOR107W	2848
YOR108C-A	20
YOR108W	13662
YOR109W	12415
YOR110W	2596
YOR111W	710
YOR112W	5717
YOR113W	4105
YOR114W	568
YOR115C	3758
YOR116C	44490
YOR117W	10418
YOR118W	3294
YOR119C	5697
YOR120W	2205
YOR121C	388
YOR122C	15585
YOR123C	2039
YOR124C	13830
YOR125C	1236
YOR126C	1483
YOR127W	9406
YOR128C	5245
YOR129C	4732
YOR130C	1260
YOR131C	1460
YOR132W	4339
YOR133W	9357
YOR134W	298
YOR135C	6
YOR136W	12262
YOR137C	3285
YOR138C	5726
YOR139C	9
YOR140W	4403
YOR141C	5331
YOR142W	8285
YOR142W-A	0
YOR142W-B	0
YOR143C	2522
YOR144C	4466
YOR145C	15145
YOR146W	6
YOR147W	4508
YOR148C	1654
YOR149C	4164
YOR150W	2775
YOR151C	38981
YOR152C	1582
YOR153W	105707
YOR154W	5688
YOR155C	2942
YOR156C	2740
YOR157C	5553
YOR158W	2435
YOR159C	1810
YOR160W	8751
YOR161C	4657
YOR161C-C	66
YOR161W-A	17
YOR161W-B	54
YOR162C	3300
YOR163W	2268
YOR164C	6427
YOR165W	11393
YOR166C	5016
YOR167C	41723
YOR168W	36905
YOR169C	16
YOR170W	26
YOR171C	6346
YOR172W	3609
YOR173W	1391
YOR174W	2544
YOR175C	19725
YOR176W	7613
YOR177C	708
YOR178C	1548
YOR179C	1187
YOR180C	900
YOR181W	1070
YOR182C	15169
YOR183W	38
YOR184W	12688
YOR185C	5632
YOR186C-A	62
YOR186W	48
YOR187W	19507
YOR188W	11295
YOR189W	1406
YOR190W	530
YOR191W	12456
YOR192C	735
YOR192C-A	0
YOR192C-B	678
YOR192C-C	118
YOR193W	2291
YOR194C	1724
YOR195W	4341
YOR196C	2691
YOR197W	12514
YOR198C	33488
YOR199W	8
YOR200W	12
YOR201C	3817
YOR202W	3110
YOR203W	568
YOR204W	79997
YOR205C	4593
YOR206W	27720
YOR207C	23405
YOR208W	8043
YOR209C	17462
YOR210W	2710
YOR211C	5277
YOR212W	7209
YOR213C	3254
YOR214C	38
YOR215C	1651
YOR216C	3312
YOR217W	7995
YOR218C	21
YOR219C	6700
YOR220W	1690
YOR221C	4167
YOR222W	4371
YOR223W	461
YOR224C	14757
YOR225W	10
YOR226C	3621
YOR227W	9637
YOR228C	675
YOR229W	4034
YOR230W	16719
YOR231C-A	8
YOR231W	4088
YOR232W	10690
YOR233W	11141
YOR234C	29711
YOR235W	614
YOR236W	2139
YOR237W	3237
YOR238W	2581
YOR239W	9507
YOR241W	5803
YOR242C	794
YOR243C	14834
YOR244W	2899
YOR245C	3738
YOR246C	8794
YOR247W	10345
YOR248W	1184
YOR249C	2336
YOR250C	2517
YOR251C	4567
YOR252W	3622
YOR253W	3164
YOR254C	20781
YOR255W	18
YOR256C	6292
YOR257W	817
YOR258W	708
YOR259C	8473
YOR260W	21251
YOR261C	6771
YOR262W	3281
YOR263C	4
YOR264W	4703
YOR265W	3393
YOR266W	1400
YOR267C	4207
YOR268C	4
YOR269W	2794
YOR270C	65871
YOR271C	7979
YOR272W	17327
YOR273C	1378
YOR274W	3324
YOR275C	5404
YOR276W	12629
YOR277C	112
YOR278W	1236
YOR279C	1176
YOR280C	1969
YOR281C	4640
YOR282W	3
YOR283W	8530
YOR284W	655
YOR285W	8704
YOR286W	4880
YOR287C	2709
YOR288C	2651
YOR289W	1274
YOR290C	12165
YOR291W	11603
YOR292C	1379
YOR293C-A	3
YOR293W	64492
YOR294W	11764
YOR295W	1759
YOR296W	5478
YOR297C	2307
YOR298C-A	6386
YOR298W	844
YOR299W	6676
YOR300W	323
YOR301W	2301
YOR302W	2028
YOR303W	42486
YOR304C-A	1145
YOR304W	10260
YOR305W	3037
YOR306C	35052
YOR307C	7960
YOR308C	3242
YOR309C	2491
YOR310C	25546
YOR311C	5001
YOR312C	66323
YOR313C	216
YOR314W	8
YOR314W-A	28
YOR315W	3804
YOR316C	8552
YOR316C-A	87
YOR317W	12858
YOR318C	282
YOR319W	1454
YOR320C	6702
YOR321W	6570
YOR322C	9637
YOR323C	14630
YOR324C	4969
YOR325W	3
YOR326W	47453
YOR327C	5596
YOR328W	7370
YOR329C	5410
YOR329W-A	19
YOR330C	8387
YOR331C	44
YOR332W	30099
YOR333C	17
YOR334W	3986
YOR335C	63456
YOR335W-A	0
YOR336W	16322
YOR337W	8385
YOR338W	13947
YOR339C	413
YOR340C	10418
YOR341W	119486
YOR342C	7686
YOR343C	112
YOR343W-A	0
YOR343W-B	2459
YOR344C	6167
YOR345C	20
YOR346W	9843
YOR347C	2957
YOR348C	111
YOR349W	5588
YOR350C	2588
YOR351C	83
YOR352W	1622
YOR353C	4538
YOR354C	7133
YOR355W	19644
YOR356W	2128
YOR357C	1918
YOR358W	724
YOR359W	10606
YOR360C	27922
YOR361C	38290
YOR362C	7960
YOR363C	4014
YOR364W	210
YOR365C	103
YOR366W	328
YOR367W	1570
YOR368W	1475
YOR369C	76058
YOR370C	14690
YOR371C	5804
YOR372C	9324
YOR373W	4015
YOR374W	9177
YOR375C	7912
YOR376W	1
YOR376W-A	234
YOR377W	8354
YOR378W	681
YOR379C	207
YOR380W	1494
YOR381W	2568
YOR381W-A	145
YOR382W	56704
YOR383C	33387
YOR384W	1709
YOR385W	1652
YOR386W	722
YOR387C	139
YOR388C	14
YOR389W	1914
YOR390W	810
YOR391C	4
YOR392W	6
YOR393W	0
YOR394C-A	13
YOR394W	0
YOR396C-A	0
YOR396W	0
YPL001W	3503
YPL002C	1630
YPL003W	1072
YPL004C	7746
YPL005W	1540
YPL006W	14507
YPL007C	2027
YPL008W	3286
YPL009C	6285
YPL010W	8200
YPL011C	3670
YPL012W	54646
YPL013C	1682
YPL014W	920
YPL015C	5069
YPL016W	8908
YPL017C	596
YPL018W	3225
YPL019C	67245
YPL020C	2742
YPL021W	7
YPL022W	7966
YPL023C	5411
YPL024W	2887
YPL025C	188
YPL026C	4394
YPL027W	51
YPL028W	23143
YPL029W	3761
YPL030W	7040
YPL031C	3881
YPL032C	17563
YPL033C	195
YPL034W	1235
YPL035C	13
YPL036W	4003
YPL037C	31799
YPL038W	2036
YPL038W-A	63
YPL039W	1986
YPL040C	4588
YPL041C	1439
YPL042C	4660
YPL043W	18118
YPL044C	22
YPL045W	4637
YPL046C	822
YPL047W	2502
YPL048W	13072
YPL049C	4582
YPL050C	15458
YPL051W	1277
YPL052W	1785
YPL053C	4941
YPL054W	203
YPL055C	1268
YPL056C	196
YPL057C	10373
YPL058C	4736
YPL059W	2732
YPL060C-A	59
YPL060W	1029
YPL061W	66276
YPL062W	16
YPL063W	8851
YPL064C	2266
YPL065W	1129
YPL066W	6448
YPL067C	1213
YPL068C	2734
YPL069C	2586
YPL070W	4516
YPL071C	1887
YPL072W	2880
YPL073C	7
YPL074W	4278
YPL075W	7142
YPL076W	1790
YPL077C	490
YPL078C	5631
YPL079W	29513
YPL080C	11
YPL081W	13300
YPL082C	28267
YPL083C	3193
YPL084W	7248
YPL085W	26711
YPL086C	10010
YPL087W	4062
YPL088W	4517
YPL089C	9547
YPL090C	18781
YPL091W	9483
YPL092W	6612
YPL093W	72744
YPL094C	15193
YPL095C	2881
YPL096C-A	810
YPL096W	940
YPL097W	2712
YPL098C	2988
YPL099C	1312
YPL100W	1913
YPL101W	6616
YPL102C	10
YPL103C	1688
YPL104W	3396
YPL105C	9980
YPL106C	190197
YPL107W	1291
YPL108W	815
YPL109C	1115
YPL110C	9678
YPL111W	6031
YPL112C	4072
YPL113C	244
YPL114W	486
YPL115C	10744
YPL116W	5300
YPL117C	15237
YPL118W	7120
YPL119C	966
YPL119C-A	213
YPL120W	1247
YPL121C	48
YPL122C	4305
YPL123C	658
YPL124W	615
YPL125W	13733
YPL126W	42021
YPL127C	5157
YPL128C	9944
YPL129W	5926
YPL130W	387
YPL131W	195602
YPL132W	2586
YPL133C	2766
YPL134C	1892
YPL135C-A	0
YPL135W	8049
YPL136W	29
YPL137C	25935
YPL138C	2148
YPL139C	2144
YPL140C	2790
YPL141C	5847
YPL142C	5
YPL143W	51140
YPL144W	1157
YPL145C	21787
YPL146C	9843
YPL147W	782
YPL148C	1637
YPL149W	2417
YPL150W	5943
YPL151C	3288
YPL152W	1742
YPL152W-A	28
YPL153C	2654
YPL154C	54436
YPL155C	3737
YPL156C	771
YPL157W	2955
YPL158C	4189
YPL159C	5178
YPL160W	64628
YPL161C	2279
YPL162C	1657
YPL163C	6138
YPL164C	2754
YPL165C	228
YPL166W	330
YPL167C	3296
YPL168W	1576
YPL169C	8604
YPL170W	1569
YPL171C	582
YPL172C	2511
YPL173W	2361
YPL174C	3210
YPL175W	3236
YPL176C	6242
YPL177C	6036
YPL178W	4153
YPL179W	19761
YPL180W	3347
YPL181W	4701
YPL182C	13
YPL183C	23978
YPL183W-A	2655
YPL184C	10533
YPL185W	52
YPL186C	286
YPL187W	61
YPL188W	3142
YPL189C-A	1341
YPL189W	559
YPL190C	9736
YPL191C	653
YPL192C	45
YPL193W	5841
YPL194W	1463
YPL195W	10482
YPL196W	977
YPL197C	8
YPL198W	10039
YPL199C	4387
YPL200W	70
YPL201C	609
YPL202C	6111
YPL203W	2611
YPL204W	13957
YPL205C	56
YPL206C	2841
YPL207W	15977
YPL208W	3633
YPL209C	735
YPL210C	11255
YPL211W	8232
YPL212C	11907
YPL213W	1362
YPL214C	3101
YPL215W	2692
YPL216W	4062
YPL217C	20474
YPL218W	17556
YPL219W	1922
YPL220W	18694
YPL221W	28792
YPL222C-A	218
YPL222W	2865
YPL223C	470
YPL224C	3542
YPL225W	13440
YPL226W	88927
YPL227C	7867
YPL228W	3693
YPL229W	2272
YPL230W	609
YPL231W	180062
YPL232W	7460
YPL233W	2061
YPL234C	6189
YPL235W	12675
YPL236C	1297
YPL237W	20421
YPL238C	27
YPL239W	7396
YPL240C	77878
YPL241C	750
YPL242C	14683
YPL243W	13635
YPL244C	5605
YPL245W	8811
YPL246C	7284
YPL247C	1340
YPL248C	1608
YPL249C	4115
YPL249C-A	27948
YPL250C	924
YPL250W-A	32
YPL251W	6
YPL252C	2779
YPL253C	1582
YPL254W	4234
YPL255W	1137
YPL256C	11827
YPL257W	476
YPL257W-A	0
YPL257W-B	0
YPL258C	2091
YPL259C	3061
YPL260W	5678
YPL261C	9
YPL262W	16406
YPL263C	11180
YPL264C	355
YPL265W	5857
YPL266W	9077
YPL267W	792
YPL268W	5058
YPL269W	1759
YPL270W	6227
YPL271W	2636
YPL272C	1386
YPL273W	14962
YPL274W	1141
YPL275W	1
YPL276W	2
YPL277C	648
YPL278C	105
YPL279C	917
YPL280W	0
YPL281C	0
YPL282C	0
YPL283C	0
YPL283W-A	0
YPL283W-B	0
YPR001W	536
YPR002C-A	111
YPR002W	691
YPR003C	2069
YPR004C	7833
YPR005C	984
YPR006C	1672
YPR007C	638
YPR008W	12207
YPR009W	3244
YPR010C	91112
YPR010C-A	1014
YPR011C	1528
YPR012W	56
YPR013C	1751
YPR014C	9
YPR015C	483
YPR016C	21617
YPR016W-A	4
YPR017C	990
YPR018W	2344
YPR019W	10430
YPR020W	1457
YPR021C	4961
YPR022C	8479
YPR023C	5740
YPR024W	10539
YPR025C	2023
YPR026W	2998
YPR027C	91
YPR028W	17833
YPR029C	9249
YPR030W	1843
YPR031W	3091
YPR032W	6755
YPR033C	25648
YPR034W	4601
YPR035W	52632
YPR036W	24098
YPR036W-A	4722
YPR037C	2007
YPR038W	6
YPR039W	3
YPR040W	2491
YPR041W	19774
YPR042C	7027
YPR043W	33336
YPR044C	8
YPR045C	4588
YPR046W	903
YPR047W	1115
YPR048W	5766
YPR049C	6094
YPR050C	32
YPR051W	1475
YPR052C	3311
YPR053C	662
YPR054W	219
YPR055W	4507
YPR056W	2906
YPR057W	2124
YPR058W	3812
YPR059C	205
YPR060C	6839
YPR061C	1014
YPR062W	3805
YPR063C	6266
YPR064W	7
YPR065W	3432
YPR066W	535
YPR067W	2143
YPR068C	1314
YPR069C	18857
YPR070W	4261
YPR071W	2101
YPR072W	9287
YPR073C	4399
YPR074C	99006
YPR074W-A	4
YPR075C	6810
YPR076W	64
YPR077C	15
YPR078C	376
YPR079W	3651
YPR080W	100826
YPR081C	2286
YPR082C	1426
YPR083W	1652
YPR084W	2868
YPR085C	2904
YPR086W	6073
YPR087W	33
YPR088C	9815
YPR089W	7517
YPR091C	7786
YPR092W	19
YPR093C	653
YPR094W	1259
YPR095C	6453
YPR096C	70
YPR097W	12046
YPR098C	2841
YPR099C	277
YPR100W	2030
YPR101W	1571
YPR102C	19068
YPR103W	7849
YPR104C	7330
YPR105C	9228
YPR106W	2975
YPR107C	1530
YPR108W	10606
YPR108W-A	36
YPR109W	2431
YPR110C	25713
YPR111W	2489
YPR112C	20796
YPR113W	9814
YPR114W	11281
YPR115W	7929
YPR116W	1059
YPR117W	14573
YPR118W	9048
YPR119W	10395
YPR120C	2407
YPR121W	2852
YPR122W	9296
YPR123C	133
YPR124W	21289
YPR125W	8153
YPR126C	9
YPR127W	5263
YPR128C	3164
YPR129W	6347
YPR130C	113
YPR131C	1969
YPR132W	39720
YPR133C	5532
YPR133W-A	4610
YPR134W	1332
YPR135W	4806
YPR136C	6
YPR137C-A	0
YPR137C-B	0
YPR137W	17068
YPR138C	2339
YPR139C	3108
YPR140W	3194
YPR141C	2055
YPR142C	11
YPR143W	4740
YPR144C	14100
YPR145C-A	195
YPR145W	34419
YPR146C	596
YPR147C	4319
YPR148C	6066
YPR149W	6561
YPR150W	217
YPR151C	273
YPR152C	1174
YPR153W	578
YPR154W	3431
YPR155C	1666
YPR156C	4685
YPR157W	339
YPR158C-C	0
YPR158C-D	1189
YPR158W	755
YPR158W-A	0
YPR158W-B	264
YPR159C-A	0
YPR159W	55194
YPR160C-A	89
YPR160W	11426
YPR160W-A	0
YPR161C	7868
YPR162C	3124
YPR163C	32838
YPR164W	14001
YPR165W	17959
YPR166C	1468
YPR167C	1017
YPR168W	729
YPR169W	9429
YPR169W-A	99
YPR170C	46
YPR170W-A	56
YPR170W-B	4554
YPR171W	3280
YPR172W	3956
YPR173C	6136
YPR174C	1281
YPR175W	4097
YPR176C	3194
YPR177C	10
YPR178W	1702
YPR179C	2561
YPR180W	1948
YPR181C	35903
YPR182W	2404
YPR183W	8630
YPR184W	9618
YPR185W	2210
YPR186C	3305
YPR187W	11510
YPR188C	3763
YPR189W	12214
YPR190C	13338
YPR191W	4269
YPR192W	54
YPR193C	103
YPR194C	1267
YPR195C	140
YPR196W	821
YPR197C	33
YPR198W	4722
YPR199C	2672
YPR200C	297
YPR201W	447
YPR202W	86
YPR203W	0
YPR204C-A	0
YPR204W	20
snR10	2989
snR11	9771
snR128	13477
snR13	5893
snR14	1069
snR161	1092
snR17a	387818
snR17b	88580
snR18	986
snR189	4674
snR19	495768
snR190	37682
snR191	14397
snR24	590
snR3	13225
snR30	417480
snR31	5920
snR32	15193
snR33	9469
snR34	10267
snR35	12629
snR36	809
snR37	226112
snR38	118
snR39	772
snR39B	2755
snR4	21670
snR40	3017
snR41	1931
snR42	24123
snR43	6563
snR44	2946
snR45	3129
snR46	8063
snR47	1204
snR48	263
snR49	2553
snR5	13444
snR50	628
snR51	803
snR52	2107
snR53	25
snR54	37
snR55	536
snR56	518
snR57	1525
snR58	19
snR59	106
snR6	409
snR60	400
snR61	64
snR62	313
snR63	30468
snR64	1272
snR65	53
snR66	799
snR67	5909
snR68	1082
snR69	649
snR7-L	951
snR7-S	0
snR70	3893
snR71	450
snR72	249
snR73	1753
snR74	670
snR75	522
snR76	6722
snR77	857
snR78	639
snR79	577
snR8	7533
snR80	146
snR81	1186
snR82	40296
snR83	107257
snR84	53282
snR85	836
snR86	253542
snR87	546
snR9	24587
tA(AGC)D	7
tA(AGC)F	0
tA(AGC)G	12
tA(AGC)H	1
tA(AGC)J	0
tA(AGC)K1	1
tA(AGC)K2	1
tA(AGC)L	4
tA(AGC)M1	2
tA(AGC)M2	0
tA(AGC)P	19
tA(UGC)A	12
tA(UGC)E	1
tA(UGC)G	2
tA(UGC)L	0
tA(UGC)O	4
tA(UGC)Q	2
tC(GCA)B	1
tC(GCA)G	3
tC(GCA)P1	3
tC(GCA)P2	1
tC(GCA)Q	0
tD(GUC)B	14
tD(GUC)D	30
tD(GUC)G1	18
tD(GUC)G2	8
tD(GUC)I1	0
tD(GUC)I2	19
tD(GUC)J1	1
tD(GUC)J2	6
tD(GUC)J3	0
tD(GUC)J4	8
tD(GUC)K	4
tD(GUC)L1	2
tD(GUC)L2	2
tD(GUC)M	8
tD(GUC)N	40
tD(GUC)O	23
tD(GUC)Q	0
tE(CUC)D	0
tE(CUC)I	10
tE(UUC)B	2
tE(UUC)C	1
tE(UUC)E1	6
tE(UUC)E2	108
tE(UUC)E3	0
tE(UUC)G1	11
tE(UUC)G2	1
tE(UUC)G3	2
tE(UUC)I	6
tE(UUC)J	5
tE(UUC)K	30
tE(UUC)L	2
tE(UUC)M	10
tE(UUC)P	6
tE(UUC)Q	5
tF(GAA)B	29
tF(GAA)D	23
tF(GAA)F	5
tF(GAA)G	3
tF(GAA)H1	12
tF(GAA)H2	1
tF(GAA)M	3
tF(GAA)N	7
tF(GAA)P1	9
tF(GAA)P2	9
tF(GAA)Q	0
tG(CCC)D	1
tG(CCC)O	7
tG(GCC)B	3
tG(GCC)C	1
tG(GCC)D1	1
tG(GCC)D2	351
tG(GCC)E	6
tG(GCC)F1	1
tG(GCC)F2	33
tG(GCC)G1	19
tG(GCC)G2	15
tG(GCC)J1	0
tG(GCC)J2	7
tG(GCC)M	0
tG(GCC)O1	1
tG(GCC)O2	1
tG(GCC)P1	191
tG(GCC)P2	2
tG(UCC)G	0
tG(UCC)N	6
tG(UCC)O	3
tG(UCC)Q	1
tH(GUG)E1	5
tH(GUG)E2	5
tH(GUG)G1	2
tH(GUG)G2	408
tH(GUG)H	0
tH(GUG)K	8
tH(GUG)M	57
tH(GUG)Q	70
tI(AAU)B	1
tI(AAU)D	0
tI(AAU)E1	0
tI(AAU)E2	7
tI(AAU)G	23
tI(AAU)I1	2
tI(AAU)I2	0
tI(AAU)L1	0
tI(AAU)L2	6
tI(AAU)N1	1
tI(AAU)N2	0
tI(AAU)P1	41
tI(AAU)P2	0
tI(GAU)Q	0
tI(UAU)D	55
tI(UAU)L	39
tK(CUU)C	0
tK(CUU)D1	4
tK(CUU)D2	0
tK(CUU)E1	7
tK(CUU)E2	2
tK(CUU)F	4
tK(CUU)G1	3
tK(CUU)G2	0
tK(CUU)G3	16
tK(CUU)I	3
tK(CUU)J	1
tK(CUU)K	19
tK(CUU)M	13
tK(CUU)P	3
tK(UUU)D	41
tK(UUU)G1	59
tK(UUU)G2	3
tK(UUU)K	36
tK(UUU)L	19
tK(UUU)O	189
tK(UUU)P	41
tK(UUU)Q	15
tL(CAA)A	1
tL(CAA)C	36
tL(CAA)D	38
tL(CAA)G1	2
tL(CAA)G2	12
tL(CAA)G3	8
tL(CAA)K	2
tL(CAA)L	26
tL(CAA)M	6
tL(CAA)N	46
tL(GAG)G	31
tL(UAA)B1	2
tL(UAA)B2	0
tL(UAA)D	26
tL(UAA)J	4
tL(UAA)K	3
tL(UAA)L	36
tL(UAA)N	5
tL(UAA)Q	2
tL(UAG)J	2
tL(UAG)L1	247
tL(UAG)L2	0
tM(CAU)C	0
tM(CAU)D	4
tM(CAU)E	37
tM(CAU)J1	4
tM(CAU)J2	3
tM(CAU)J3	0
tM(CAU)M	3
tM(CAU)O1	6
tM(CAU)O2	12
tM(CAU)P	8
tM(CAU)Q1	0
tM(CAU)Q2	0
tN(GUU)C	0
tN(GUU)F	9
tN(GUU)G	6
tN(GUU)K	31
tN(GUU)L	0
tN(GUU)N1	31
tN(GUU)N2	1
tN(GUU)O1	3
tN(GUU)O2	3
tN(GUU)P	432
tN(GUU)Q	6
tP(AGG)C	13
tP(AGG)N	3
tP(UGG)A	12
tP(UGG)F	10
tP(UGG)H	47
tP(UGG)L	4
tP(UGG)M	73
tP(UGG)N1	0
tP(UGG)N2	10
tP(UGG)O1	0
tP(UGG)O2	1
tP(UGG)O3	38
tP(UGG)Q	27
tQ(CUG)M	102
tQ(UUG)B	7
tQ(UUG)C	1
tQ(UUG)D1	1
tQ(UUG)D2	0
tQ(UUG)D3	1
tQ(UUG)E1	11
tQ(UUG)E2	3
tQ(UUG)H	10
tQ(UUG)L	5
tQ(UUG)Q	1
tR(ACG)D	19
tR(ACG)E	2
tR(ACG)J	17
tR(ACG)K	3
tR(ACG)L	3
tR(ACG)O	0
tR(ACG)Q2	0
tR(CCG)L	3
tR(CCU)J	1
tR(UCU)B	0
tR(UCU)D	0
tR(UCU)E	13
tR(UCU)G1	1
tR(UCU)G2	24
tR(UCU)G3	1
tR(UCU)J1	0
tR(UCU)J2	0
tR(UCU)K	1
tR(UCU)M1	0
tR(UCU)M2	3
tR(UCU)Q1	0
tS(AGA)A	3
tS(AGA)B	9
tS(AGA)D1	6
tS(AGA)D2	4
tS(AGA)D3	36
tS(AGA)E	2
tS(AGA)G	39
tS(AGA)H	1
tS(AGA)J	36
tS(AGA)L	5
tS(AGA)M	6
tS(CGA)C	8
tS(GCU)F	5
tS(GCU)L	21
tS(GCU)O	14
tS(GCU)Q1	36
tS(UGA)E	27
tS(UGA)I	2
tS(UGA)P	14
tS(UGA)Q2	22
tT(AGU)B	3
tT(AGU)C	2
tT(AGU)D	0
tT(AGU)H	0
tT(AGU)I1	10
tT(AGU)I2	2
tT(AGU)J	0
tT(AGU)N1	9
tT(AGU)N2	1
tT(AGU)O1	0
tT(AGU)O2	4
tT(CGU)K	2
tT(UGU)G1	2
tT(UGU)G2	62
tT(UGU)H	0
tT(UGU)P	0
tT(UGU)Q1	0
tT(XXX)Q2	0
tV(AAC)E1	0
tV(AAC)E2	20
tV(AAC)G1	62
tV(AAC)G2	21
tV(AAC)G3	125
tV(AAC)H	5
tV(AAC)J	1
tV(AAC)K1	0
tV(AAC)K2	3
tV(AAC)L	6
tV(AAC)M1	6
tV(AAC)M2	2
tV(AAC)M3	6
tV(AAC)O	1
tV(CAC)D	19
tV(CAC)H	10
tV(UAC)B	0
tV(UAC)D	26
tV(UAC)Q	86
tW(CCA)G1	157
tW(CCA)G2	25
tW(CCA)J	0
tW(CCA)K	37
tW(CCA)M	3
tW(CCA)P	133
tW(UCA)Q	0
tX(XXX)D	69
tY(GUA)D	34
tY(GUA)F1	8
tY(GUA)F2	1
tY(GUA)J1	54
tY(GUA)J2	20
tY(GUA)M1	13
tY(GUA)M2	0
tY(GUA)O	5
tY(GUA)Q	6
__no_feature	6477648
__ambiguous	398647
__too_low_aQual	0
__not_aligned	0
__alignment_not_unique	17534925
